order_id,store_id,partner_id,category,order_time,promised_time,delivered_time,delivered_time_dt,delivery_minutes,city,locality,vehicle_type,order_hour,is_on_time,at_risk,predicted_risk_score,predicted_at_risk
O00940,S008,P008,Snacks,2026-06-17 18:37:00,2026-06-17 18:47:00,2026-06-17 18:47:56,2026-06-17 18:47:56,10.933333333333334,Mumbai,Worli,bike,18,0,1,0.5256086059640067,1
O01577,S003,P059,Snacks,2026-06-14 18:24:00,2026-06-14 18:34:00,2026-06-14 18:33:15,2026-06-14 18:33:15,9.25,Mumbai,Powai,bicycle,18,1,0,0.6461746873140938,1
O00502,S006,P007,Fruits & Vegetables,2026-06-30 16:51:00,2026-06-30 17:01:00,2026-06-30 17:02:50,2026-06-30 17:02:50,11.833333333333334,Mumbai,Chembur,bike,16,0,1,0.6994094476422846,1
O01321,S010,P031,Fruits & Vegetables,2026-06-24 11:50:00,2026-06-24 12:00:00,2026-06-24 11:57:29,2026-06-24 11:57:29,7.483333333333333,Mumbai,Goregaon,bike,11,1,0,0.5341708354244245,1
O00548,S020,P005,Grocery,2026-06-23 20:22:00,2026-06-23 20:32:00,2026-06-23 20:32:32,2026-06-23 20:32:32,10.533333333333333,Bengaluru,Malleshwaram,bike,20,0,1,0.5613264472217079,1
O00591,S004,P048,Personal Care,2026-06-15 19:10:00,2026-06-15 19:20:00,2026-06-15 19:27:07,2026-06-15 19:27:07,17.116666666666667,Mumbai,Dadar,bike,19,0,1,0.40596108698153455,0
O01559,S013,P006,Household,2026-06-30 12:49:00,2026-06-30 12:59:00,2026-06-30 12:54:15,2026-06-30 12:54:15,5.25,Bengaluru,Whitefield,bike,12,1,0,0.3228448756669584,0
O01282,S017,P051,Grocery,2026-06-06 17:44:00,2026-06-06 17:54:00,2026-06-06 17:53:31,2026-06-06 17:53:31,9.516666666666667,Bengaluru,JP Nagar,bike,17,1,0,0.6491251995611321,1
O00087,S010,P056,Fruits & Vegetables,2026-06-10 16:03:00,2026-06-10 16:13:00,2026-06-10 16:09:24,2026-06-10 16:09:24,6.4,Mumbai,Goregaon,bike,16,1,0,0.6339679392831419,1
O00990,S002,P036,Snacks,2026-06-30 05:06:00,2026-06-30 05:16:00,2026-06-30 05:11:37,2026-06-30 05:11:37,5.616666666666666,Mumbai,Bandra,bike,5,1,0,0.2541378832485894,0
O01135,S011,P059,Bakery,2026-06-15 14:02:00,2026-06-15 14:12:00,2026-06-15 14:10:57,2026-06-15 14:10:57,8.95,Bengaluru,Koramangala,bicycle,14,1,0,0.6214543104233405,1
O00248,S016,P056,Grocery,2026-06-23 07:13:00,2026-06-23 07:23:00,2026-06-23 07:24:27,2026-06-23 07:24:27,11.45,Bengaluru,Marathahalli,bike,7,0,1,0.3047365056457133,0
O00798,S004,P006,Dairy,2026-06-13 18:57:00,2026-06-13 19:07:00,2026-06-13 19:03:23,2026-06-13 19:03:23,6.383333333333334,Mumbai,Dadar,bike,18,1,0,0.5248897969585674,1
O01234,S009,P044,Fruits & Vegetables,2026-06-23 07:13:00,2026-06-23 07:23:00,2026-06-23 07:25:17,2026-06-23 07:25:17,12.283333333333333,Mumbai,Kurla,scooter,7,0,1,0.5422987764382815,1
O01596,S012,P012,Grocery,2026-06-28 12:29:00,2026-06-28 12:39:00,2026-06-28 12:33:30,2026-06-28 12:33:30,4.5,Bengaluru,Indiranagar,bike,12,1,0,0.10668348332570994,0
O01456,S007,P007,Bakery,2026-06-01 20:28:00,2026-06-01 20:38:00,2026-06-01 20:45:19,2026-06-01 20:45:19,17.316666666666666,Mumbai,Borivali,bike,20,0,1,0.934591505339288,1
O01480,S020,P004,Snacks,2026-06-19 14:58:00,2026-06-19 15:08:00,2026-06-19 15:06:25,2026-06-19 15:06:25,8.416666666666666,Bengaluru,Malleshwaram,bike,14,1,0,0.4131034937056594,0
O00453,S010,P056,Household,2026-06-29 13:24:00,2026-06-29 13:34:00,2026-06-29 13:29:33,2026-06-29 13:29:33,5.55,Mumbai,Goregaon,bike,13,1,0,0.3717885266833172,0
O01238,S008,P018,Grocery,2026-06-04 12:14:00,2026-06-04 12:24:00,2026-06-04 12:24:00,2026-06-04 12:24:00,10.0,Mumbai,Worli,scooter,12,1,0,0.42812820576674454,0
O00573,S003,P033,Beverages,2026-06-07 08:10:00,2026-06-07 08:20:00,2026-06-07 08:16:58,2026-06-07 08:16:58,6.966666666666667,Mumbai,Powai,scooter,8,1,0,0.43951739503872006,0
O01611,S001,P050,Dairy,2026-06-26 01:40:00,2026-06-26 01:50:00,2026-06-26 01:46:29,2026-06-26 01:46:29,6.483333333333333,Mumbai,Andheri,bike,1,1,0,0.21410124774021297,0
O00302,S005,P054,Personal Care,2026-06-03 18:00:00,2026-06-03 18:10:00,2026-06-03 18:08:45,2026-06-03 18:08:45,8.75,Mumbai,Malad,bike,18,1,0,0.36615364962748403,0
O01543,S011,P018,Bakery,2026-06-21 19:43:00,2026-06-21 19:53:00,2026-06-21 19:52:37,2026-06-21 19:52:37,9.616666666666667,Bengaluru,Koramangala,scooter,19,1,0,0.7126125041651618,1
O00685,S019,P006,Snacks,2026-06-22 13:23:00,2026-06-22 13:33:00,2026-06-22 13:30:50,2026-06-22 13:30:50,7.833333333333333,Bengaluru,Yelahanka,bike,13,1,0,0.3648219861708515,0
O01669,S020,P057,Fruits & Vegetables,2026-06-18 15:12:00,2026-06-18 15:22:00,2026-06-18 15:22:29,2026-06-18 15:22:29,10.483333333333333,Bengaluru,Malleshwaram,bicycle,15,0,1,0.6174720829228574,1
O00757,S004,P030,Beverages,2026-06-22 17:49:00,2026-06-22 17:59:00,2026-06-22 17:54:50,2026-06-22 17:54:50,5.833333333333333,Mumbai,Dadar,bike,17,1,0,0.48187894143733784,0
O01466,S017,P050,Beverages,2026-06-05 18:37:00,2026-06-05 18:47:00,2026-06-05 18:47:26,2026-06-05 18:47:26,10.433333333333334,Bengaluru,JP Nagar,bike,18,0,1,0.6397330424042919,1
O01346,S016,P008,Beverages,2026-06-15 04:09:00,2026-06-15 04:19:00,2026-06-15 04:24:18,2026-06-15 04:24:18,15.3,Bengaluru,Marathahalli,bike,4,0,1,0.23223418598554182,0
O00681,S015,P049,Snacks,2026-06-08 13:50:00,2026-06-08 14:00:00,2026-06-08 13:57:58,2026-06-08 13:57:58,7.966666666666667,Bengaluru,Jayanagar,bike,13,1,0,0.33778293445145935,0
O00442,S004,P020,Fruits & Vegetables,2026-06-16 14:42:00,2026-06-16 14:52:00,2026-06-16 14:45:57,2026-06-16 14:45:57,3.95,Mumbai,Dadar,bike,14,1,0,0.6102083335606264,1
O00771,S018,P053,Household,2026-06-04 20:55:00,2026-06-04 21:05:00,2026-06-04 21:05:44,2026-06-04 21:05:44,10.733333333333333,Bengaluru,Electronic City,scooter,20,0,1,0.40756063836287576,0
O00847,S011,P034,Grocery,2026-06-10 13:17:00,2026-06-10 13:27:00,2026-06-10 13:25:12,2026-06-10 13:25:12,8.2,Bengaluru,Koramangala,bike,13,1,0,0.5920091738184942,1
O00024,S019,P007,Snacks,2026-06-18 09:16:00,2026-06-18 09:26:00,2026-06-18 09:24:44,2026-06-18 09:24:44,8.733333333333333,Bengaluru,Yelahanka,bike,9,1,0,0.2922667495125801,0
O01518,S003,P005,Personal Care,2026-06-19 15:36:00,2026-06-19 15:46:00,2026-06-19 15:45:41,2026-06-19 15:45:41,9.683333333333334,Mumbai,Powai,bike,15,1,0,0.4653278078567513,0
O01786,S012,P050,Dairy,2026-06-28 14:05:00,2026-06-28 14:15:00,2026-06-28 14:11:57,2026-06-28 14:11:57,6.95,Bengaluru,Indiranagar,bike,14,1,0,0.11984407581393139,0
O00611,S009,P026,Personal Care,2026-06-25 16:03:00,2026-06-25 16:13:00,2026-06-25 16:09:41,2026-06-25 16:09:41,6.683333333333334,Mumbai,Kurla,scooter,16,1,0,0.4183938014786066,0
O01380,S006,P012,Beverages,2026-06-01 21:42:00,2026-06-01 21:52:00,2026-06-01 21:55:32,2026-06-01 21:55:32,13.533333333333333,Mumbai,Chembur,bike,21,0,1,0.619808516591854,1
O00675,S009,P024,Personal Care,2026-06-08 10:19:00,2026-06-08 10:29:00,2026-06-08 10:29:27,2026-06-08 10:29:27,10.45,Mumbai,Kurla,bike,10,0,1,0.3048670483531174,0
O01706,S016,P060,Beverages,2026-06-12 08:21:00,2026-06-12 08:31:00,2026-06-12 08:28:37,2026-06-12 08:28:37,7.616666666666666,Bengaluru,Marathahalli,scooter,8,1,0,0.2961219203876642,0
O00666,S010,P005,Personal Care,2026-06-17 07:46:00,2026-06-17 07:56:00,2026-06-17 07:51:22,2026-06-17 07:51:22,5.366666666666666,Mumbai,Goregaon,bike,7,1,0,0.19243515775400485,0
O00005,S010,P016,Grocery,2026-06-08 20:05:00,2026-06-08 20:15:00,2026-06-08 20:18:20,2026-06-08 20:18:20,13.333333333333334,Mumbai,Goregaon,bike,20,0,1,0.5583618160378362,1
O00665,S014,P053,Household,2026-06-26 18:52:00,2026-06-26 19:02:00,2026-06-26 19:01:39,2026-06-26 19:01:39,9.65,Bengaluru,HSR Layout,scooter,18,1,0,0.8738326129888945,1
O00842,S014,P034,Fruits & Vegetables,2026-06-16 19:44:00,2026-06-16 19:54:00,2026-06-16 19:57:02,2026-06-16 19:57:02,13.033333333333333,Bengaluru,HSR Layout,bike,19,0,1,0.9450158194045852,1
O00896,S001,P049,Snacks,2026-06-26 07:38:00,2026-06-26 07:48:00,2026-06-26 07:43:49,2026-06-26 07:43:49,5.816666666666666,Mumbai,Andheri,bike,7,1,0,0.29430272294726306,0
O00516,S004,P017,Personal Care,2026-06-07 07:54:00,2026-06-07 08:04:00,2026-06-07 08:03:42,2026-06-07 08:03:42,9.7,Mumbai,Dadar,bike,7,1,0,0.20255502695871958,0
O01572,S003,P007,Dairy,2026-06-07 20:31:00,2026-06-07 20:41:00,2026-06-07 20:48:05,2026-06-07 20:48:05,17.083333333333332,Mumbai,Powai,bike,20,0,1,0.6976799426384607,1
O00249,S016,P034,Fruits & Vegetables,2026-06-11 22:29:00,2026-06-11 22:39:00,2026-06-11 22:40:46,2026-06-11 22:40:46,11.766666666666667,Bengaluru,Marathahalli,bike,22,0,1,0.7421100432220712,1
O00971,S020,P054,Beverages,2026-06-17 11:57:00,2026-06-17 12:07:00,2026-06-17 12:07:23,2026-06-17 12:07:23,10.383333333333333,Bengaluru,Malleshwaram,bike,11,0,1,0.3499623280737599,0
O01094,S019,P043,Dairy,2026-06-02 09:52:00,2026-06-02 10:02:00,2026-06-02 10:02:27,2026-06-02 10:02:27,10.45,Bengaluru,Yelahanka,bike,9,0,1,0.3067526844024853,0
O01521,S011,P016,Household,2026-06-08 13:47:00,2026-06-08 13:57:00,2026-06-08 13:59:07,2026-06-08 13:59:07,12.116666666666667,Bengaluru,Koramangala,bike,13,0,1,0.5474920491304178,1
O01078,S017,P030,Bakery,2026-06-12 15:02:00,2026-06-12 15:12:00,2026-06-12 15:10:13,2026-06-12 15:10:13,8.216666666666667,Bengaluru,JP Nagar,bike,15,1,0,0.6203928219903593,1
O01686,S017,P024,Fruits & Vegetables,2026-06-28 21:41:00,2026-06-28 21:51:00,2026-06-28 21:49:34,2026-06-28 21:49:34,8.566666666666666,Bengaluru,JP Nagar,bike,21,1,0,0.830583254793423,1
O01055,S002,P020,Fruits & Vegetables,2026-06-04 11:26:00,2026-06-04 11:36:00,2026-06-04 11:36:47,2026-06-04 11:36:47,10.783333333333333,Mumbai,Bandra,bike,11,0,1,0.5413303528942639,1
O01011,S004,P051,Fruits & Vegetables,2026-06-16 11:13:00,2026-06-16 11:23:00,2026-06-16 11:15:00,2026-06-16 11:15:00,2.0,Mumbai,Dadar,bike,11,1,0,0.5500220011761837,1
O01430,S010,P046,Household,2026-06-29 15:42:00,2026-06-29 15:52:00,2026-06-29 15:51:14,2026-06-29 15:51:14,9.233333333333333,Mumbai,Goregaon,bike,15,1,0,0.41105655625265114,0
O00151,S017,P014,Dairy,2026-06-22 14:54:00,2026-06-22 15:04:00,2026-06-22 15:06:55,2026-06-22 15:06:55,12.916666666666666,Bengaluru,JP Nagar,scooter,14,0,1,0.5827280598854452,1
O00953,S015,P051,Dairy,2026-06-01 12:40:00,2026-06-01 12:50:00,2026-06-01 12:47:54,2026-06-01 12:47:54,7.9,Bengaluru,Jayanagar,bike,12,1,0,0.334787466409159,0
O00265,S013,P053,Fruits & Vegetables,2026-06-17 11:25:00,2026-06-17 11:35:00,2026-06-17 11:33:05,2026-06-17 11:33:05,8.083333333333334,Bengaluru,Whitefield,scooter,11,1,0,0.5007990195685225,1
O01328,S010,P013,Personal Care,2026-06-21 21:15:00,2026-06-21 21:25:00,2026-06-21 21:27:10,2026-06-21 21:27:10,12.166666666666666,Mumbai,Goregaon,bike,21,0,1,0.43055231444691733,0
O01251,S017,P044,Grocery,2026-06-20 13:10:00,2026-06-20 13:20:00,2026-06-20 13:18:01,2026-06-20 13:18:01,8.016666666666667,Bengaluru,JP Nagar,scooter,13,1,0,0.5708430419811511,1
O00776,S014,P036,Bakery,2026-06-13 12:11:00,2026-06-13 12:21:00,2026-06-13 12:21:17,2026-06-13 12:21:17,10.283333333333333,Bengaluru,HSR Layout,bike,12,0,1,0.840657633557257,1
O00433,S002,P025,Bakery,2026-06-24 13:10:00,2026-06-24 13:20:00,2026-06-24 13:19:24,2026-06-24 13:19:24,9.4,Mumbai,Bandra,scooter,13,1,0,0.43216043961653305,0
O00149,S012,P052,Dairy,2026-06-18 06:35:00,2026-06-18 06:45:00,2026-06-18 06:39:42,2026-06-18 06:39:42,4.7,Bengaluru,Indiranagar,bike,6,1,0,0.06576030183759576,0
O01096,S015,P039,Household,2026-06-28 16:21:00,2026-06-28 16:31:00,2026-06-28 16:27:54,2026-06-28 16:27:54,6.9,Bengaluru,Jayanagar,bike,16,1,0,0.376447182759587,0
O01300,S020,P001,Grocery,2026-06-26 07:47:00,2026-06-26 07:57:00,2026-06-26 07:56:08,2026-06-26 07:56:08,9.133333333333333,Bengaluru,Malleshwaram,scooter,7,1,0,0.30456717432453645,0
O01725,S006,P042,Household,2026-06-15 15:44:00,2026-06-15 15:54:00,2026-06-15 15:52:11,2026-06-15 15:52:11,8.183333333333334,Mumbai,Chembur,bike,15,1,0,0.48390817970278166,0
O00687,S015,P040,Dairy,2026-06-15 05:52:00,2026-06-15 06:02:00,2026-06-15 06:01:07,2026-06-15 06:01:07,9.116666666666667,Bengaluru,Jayanagar,bike,5,1,0,0.22029575416077707,0
O00182,S017,P050,Grocery,2026-06-22 11:49:00,2026-06-22 11:59:00,2026-06-22 12:00:18,2026-06-22 12:00:18,11.3,Bengaluru,JP Nagar,bike,11,0,1,0.5300485661954296,1
O00617,S004,P047,Beverages,2026-06-26 09:27:00,2026-06-26 09:37:00,2026-06-26 09:35:04,2026-06-26 09:35:04,8.066666666666666,Mumbai,Dadar,bicycle,9,1,0,0.32468469741926054,0
O01492,S012,P058,Personal Care,2026-06-15 18:23:00,2026-06-15 18:33:00,2026-06-15 18:31:10,2026-06-15 18:31:10,8.166666666666666,Bengaluru,Indiranagar,bike,18,1,0,0.09736880372976503,0
O00053,S016,P029,Beverages,2026-06-25 09:40:00,2026-06-25 09:50:00,2026-06-25 09:48:35,2026-06-25 09:48:35,8.583333333333334,Bengaluru,Marathahalli,bike,9,1,0,0.31359666519903534,0
O00669,S014,P057,Snacks,2026-06-06 19:35:00,2026-06-06 19:45:00,2026-06-06 19:45:00,2026-06-06 19:45:00,10.0,Bengaluru,HSR Layout,bicycle,19,1,0,0.8905771234819221,1
O00983,S013,P006,Grocery,2026-06-28 09:24:00,2026-06-28 09:34:00,2026-06-28 09:32:18,2026-06-28 09:32:18,8.3,Bengaluru,Whitefield,bike,9,1,0,0.3086534629265374,0
O01226,S017,P054,Snacks,2026-06-25 19:42:00,2026-06-25 19:52:00,2026-06-25 19:51:03,2026-06-25 19:51:03,9.05,Bengaluru,JP Nagar,bike,19,1,0,0.6631375694250691,1
O01552,S014,P029,Household,2026-06-08 18:07:00,2026-06-08 18:17:00,2026-06-08 18:17:29,2026-06-08 18:17:29,10.483333333333333,Bengaluru,HSR Layout,bike,18,0,1,0.8738326129888945,1
O00089,S001,P027,Bakery,2026-06-23 17:18:00,2026-06-23 17:28:00,2026-06-23 17:26:41,2026-06-23 17:26:41,8.683333333333334,Mumbai,Andheri,bike,17,1,0,0.5234818669215491,1
O00102,S008,P046,Dairy,2026-06-10 16:35:00,2026-06-10 16:45:00,2026-06-10 16:47:21,2026-06-10 16:47:21,12.35,Mumbai,Worli,bike,16,0,1,0.5016567977066392,1
O00968,S018,P003,Dairy,2026-06-09 08:31:00,2026-06-09 08:41:00,2026-06-09 08:39:14,2026-06-09 08:39:14,8.233333333333333,Bengaluru,Electronic City,bike,8,1,0,0.22867237495186046,0
O00374,S006,P029,Household,2026-06-24 09:47:00,2026-06-24 09:57:00,2026-06-24 09:56:35,2026-06-24 09:56:35,9.583333333333334,Mumbai,Chembur,bike,9,1,0,0.36372185016253095,0
O00878,S009,P027,Dairy,2026-06-18 14:36:00,2026-06-18 14:46:00,2026-06-18 14:44:55,2026-06-18 14:44:55,8.916666666666666,Mumbai,Kurla,bike,14,1,0,0.517113920463934,1
O00160,S020,P004,Grocery,2026-06-07 11:13:00,2026-06-07 11:23:00,2026-06-07 11:20:22,2026-06-07 11:20:22,7.366666666666666,Bengaluru,Malleshwaram,bike,11,1,0,0.3785427341770766,0
O01381,S002,P008,Household,2026-06-12 14:39:00,2026-06-12 14:49:00,2026-06-12 14:46:30,2026-06-12 14:46:30,7.5,Mumbai,Bandra,bike,14,1,0,0.39812764228013053,0
O01193,S008,P024,Bakery,2026-06-20 18:55:00,2026-06-20 19:05:00,2026-06-20 19:01:35,2026-06-20 19:01:35,6.583333333333333,Mumbai,Worli,bike,18,1,0,0.5612746483323295,1
O01508,S003,P018,Household,2026-06-03 13:16:00,2026-06-03 13:26:00,2026-06-03 13:24:18,2026-06-03 13:24:18,8.3,Mumbai,Powai,scooter,13,1,0,0.5277194484917345,1
O00717,S015,P006,Beverages,2026-06-11 18:58:00,2026-06-11 19:08:00,2026-06-11 19:06:31,2026-06-11 19:06:31,8.516666666666667,Bengaluru,Jayanagar,bike,18,1,0,0.43010194777512845,0
O00965,S007,P046,Fruits & Vegetables,2026-06-23 13:38:00,2026-06-23 13:48:00,2026-06-23 13:50:32,2026-06-23 13:50:32,12.533333333333333,Mumbai,Borivali,bike,13,0,1,0.9361846030139609,1
O01039,S005,P046,Snacks,2026-06-23 09:30:00,2026-06-23 09:40:00,2026-06-23 09:38:13,2026-06-23 09:38:13,8.216666666666667,Mumbai,Malad,bike,9,1,0,0.31060573079666937,0
O00561,S018,P007,Dairy,2026-06-21 17:53:00,2026-06-21 18:03:00,2026-06-21 18:00:56,2026-06-21 18:00:56,7.933333333333334,Bengaluru,Electronic City,bike,17,1,0,0.38377927881466667,0
O00741,S011,P052,Household,2026-06-03 22:17:00,2026-06-03 22:27:00,2026-06-03 22:27:04,2026-06-03 22:27:04,10.066666666666666,Bengaluru,Koramangala,bike,22,0,1,0.7176486530484817,1
O01679,S003,P030,Bakery,2026-06-25 09:16:00,2026-06-25 09:26:00,2026-06-25 09:23:21,2026-06-25 09:23:21,7.35,Mumbai,Powai,bike,9,1,0,0.5009484706296486,1
O00557,S004,P019,Snacks,2026-06-29 08:31:00,2026-06-29 08:41:00,2026-06-29 08:35:37,2026-06-29 08:35:37,4.616666666666666,Mumbai,Dadar,bike,8,1,0,0.31127286336323134,0
O01794,S008,P029,Grocery,2026-06-08 16:42:00,2026-06-08 16:52:00,2026-06-08 16:46:47,2026-06-08 16:46:47,4.783333333333333,Mumbai,Worli,bike,16,1,0,0.5101017358760488,1
O00216,S003,P052,Household,2026-06-22 11:04:00,2026-06-22 11:14:00,2026-06-22 11:13:34,2026-06-22 11:13:34,9.566666666666666,Mumbai,Powai,bike,11,1,0,0.48651309967208756,0
O01583,S016,P001,Household,2026-06-14 08:30:00,2026-06-14 08:40:00,2026-06-14 08:44:12,2026-06-14 08:44:12,14.2,Bengaluru,Marathahalli,scooter,8,0,1,0.2841227994971006,0
O00607,S007,P032,Personal Care,2026-06-08 19:55:00,2026-06-08 20:05:00,2026-06-08 20:15:01,2026-06-08 20:15:01,20.016666666666666,Mumbai,Borivali,scooter,19,0,1,0.8742882780744177,1
O00181,S011,P050,Bakery,2026-06-07 09:08:00,2026-06-07 09:18:00,2026-06-07 09:18:02,2026-06-07 09:18:02,10.033333333333333,Bengaluru,Koramangala,bike,9,0,1,0.5208241708781824,1
O01198,S015,P011,Bakery,2026-06-04 14:34:00,2026-06-04 14:44:00,2026-06-04 14:45:38,2026-06-04 14:45:38,11.633333333333333,Bengaluru,Jayanagar,bike,14,0,1,0.3900977994295637,0
O00858,S015,P048,Grocery,2026-06-10 08:01:00,2026-06-10 08:11:00,2026-06-10 08:09:32,2026-06-10 08:09:32,8.533333333333333,Bengaluru,Jayanagar,bike,8,1,0,0.2723504209125843,0
O00684,S018,P040,Personal Care,2026-06-08 06:49:00,2026-06-08 06:59:00,2026-06-08 06:59:33,2026-06-08 06:59:33,10.55,Bengaluru,Electronic City,bike,6,0,1,0.1252550376757958,0
O01089,S020,P007,Household,2026-06-21 21:50:00,2026-06-21 22:00:00,2026-06-21 22:01:06,2026-06-21 22:01:06,11.1,Bengaluru,Malleshwaram,bike,21,0,1,0.5367556825888329,1
O01028,S010,P006,Grocery,2026-06-18 11:46:00,2026-06-18 11:56:00,2026-06-18 11:51:01,2026-06-18 11:51:01,5.016666666666667,Mumbai,Goregaon,bike,11,1,0,0.37571664917804715,0
O00606,S006,P031,Household,2026-06-12 09:36:00,2026-06-12 09:46:00,2026-06-12 09:41:13,2026-06-12 09:41:13,5.216666666666667,Mumbai,Chembur,bike,9,1,0,0.36372185016253095,0
O00039,S009,P003,Snacks,2026-06-20 13:46:00,2026-06-20 13:56:00,2026-06-20 13:55:15,2026-06-20 13:55:15,9.25,Mumbai,Kurla,bike,13,1,0,0.4792496552469675,0
O00535,S001,P022,Bakery,2026-06-23 21:02:00,2026-06-23 21:12:00,2026-06-23 21:14:20,2026-06-23 21:14:20,12.333333333333334,Mumbai,Andheri,bike,21,0,1,0.6044163925776905,1
O00724,S009,P040,Personal Care,2026-06-02 08:03:00,2026-06-02 08:13:00,2026-06-02 08:11:37,2026-06-02 08:11:37,8.616666666666667,Mumbai,Kurla,bike,8,1,0,0.2710741449397828,0
O00605,S001,P045,Beverages,2026-06-08 10:25:00,2026-06-08 10:35:00,2026-06-08 10:30:21,2026-06-08 10:30:21,5.35,Mumbai,Andheri,bike,10,1,0,0.34349110011284173,0
O00800,S009,P050,Fruits & Vegetables,2026-06-23 21:49:00,2026-06-23 21:59:00,2026-06-23 22:05:40,2026-06-23 22:05:40,16.666666666666668,Mumbai,Kurla,bike,21,0,1,0.7898906639459164,1
O01467,S012,P038,Fruits & Vegetables,2026-06-03 05:54:00,2026-06-03 06:04:00,2026-06-03 06:02:48,2026-06-03 06:02:48,8.8,Bengaluru,Indiranagar,bike,5,1,0,0.11327245037872018,0
O01139,S018,P019,Snacks,2026-06-23 18:57:00,2026-06-23 19:07:00,2026-06-23 19:06:07,2026-06-23 19:06:07,9.116666666666667,Bengaluru,Electronic City,bike,18,1,0,0.3869581051964861,0
O01674,S016,P056,Fruits & Vegetables,2026-06-03 19:16:00,2026-06-03 19:26:00,2026-06-03 19:23:59,2026-06-03 19:23:59,7.983333333333333,Bengaluru,Marathahalli,bike,19,1,0,0.6920106490095251,1
O00814,S007,P052,Bakery,2026-06-22 20:34:00,2026-06-22 20:44:00,2026-06-22 20:53:27,2026-06-22 20:53:27,19.45,Mumbai,Borivali,bike,20,0,1,0.934591505339288,1
O00658,S017,P025,Dairy,2026-06-29 02:54:00,2026-06-29 03:04:00,2026-06-29 03:01:39,2026-06-29 03:01:39,7.65,Bengaluru,JP Nagar,scooter,2,1,0,0.34169917928565335,0
O00429,S019,P003,Dairy,2026-06-20 11:51:00,2026-06-20 12:01:00,2026-06-20 12:01:14,2026-06-20 12:01:14,10.233333333333333,Bengaluru,Yelahanka,bike,11,0,1,0.3429010510748795,0
O00974,S015,P023,Bakery,2026-06-15 14:54:00,2026-06-15 15:04:00,2026-06-15 15:05:38,2026-06-15 15:05:38,11.633333333333333,Bengaluru,Jayanagar,bike,14,0,1,0.3900977994295637,0
O00101,S018,P009,Beverages,2026-06-15 20:31:00,2026-06-15 20:41:00,2026-06-15 20:43:32,2026-06-15 20:43:32,12.533333333333333,Bengaluru,Electronic City,bike,20,0,1,0.42170195546051725,0
O00966,S008,P031,Household,2026-06-20 21:51:00,2026-06-20 22:01:00,2026-06-20 22:07:31,2026-06-20 22:07:31,16.516666666666666,Mumbai,Worli,bike,21,0,1,0.5673527040687301,1
O00077,S016,P042,Bakery,2026-06-15 19:05:00,2026-06-15 19:15:00,2026-06-15 19:13:37,2026-06-15 19:13:37,8.616666666666667,Bengaluru,Marathahalli,bike,19,1,0,0.5512796489467373,1
O00038,S018,P022,Grocery,2026-06-04 20:16:00,2026-06-04 20:26:00,2026-06-04 20:27:28,2026-06-04 20:27:28,11.466666666666667,Bengaluru,Electronic City,bike,20,0,1,0.45206666731717016,0
O00541,S004,P025,Beverages,2026-06-18 18:01:00,2026-06-18 18:11:00,2026-06-18 18:11:24,2026-06-18 18:11:24,10.4,Mumbai,Dadar,scooter,18,0,1,0.5024900166451745,1
O01389,S019,P023,Household,2026-06-29 17:04:00,2026-06-29 17:14:00,2026-06-29 17:08:52,2026-06-29 17:08:52,4.866666666666666,Bengaluru,Yelahanka,bike,17,1,0,0.4247056616705934,0
O01795,S001,P032,Personal Care,2026-06-27 18:14:00,2026-06-27 18:24:00,2026-06-27 18:21:07,2026-06-27 18:21:07,7.116666666666666,Mumbai,Andheri,scooter,18,1,0,0.38672734706448136,0
O01053,S003,P008,Snacks,2026-06-18 08:09:00,2026-06-18 08:19:00,2026-06-18 08:19:26,2026-06-18 08:19:26,10.433333333333334,Mumbai,Powai,bike,8,0,1,0.444604615137993,0
O01191,S012,P056,Household,2026-06-26 07:29:00,2026-06-26 07:39:00,2026-06-26 07:37:51,2026-06-26 07:37:51,8.85,Bengaluru,Indiranagar,bike,7,1,0,0.061850440211734886,0
O00459,S012,P053,Grocery,2026-06-17 19:04:00,2026-06-17 19:14:00,2026-06-17 19:10:34,2026-06-17 19:10:34,6.566666666666666,Bengaluru,Indiranagar,scooter,19,1,0,0.17541269050604638,0
O01108,S009,P056,Dairy,2026-06-28 15:37:00,2026-06-28 15:47:00,2026-06-28 15:46:58,2026-06-28 15:46:58,9.966666666666667,Mumbai,Kurla,bike,15,1,0,0.5376681382246119,1
O00215,S020,P019,Bakery,2026-06-07 07:54:00,2026-06-07 08:04:00,2026-06-07 08:03:49,2026-06-07 08:03:49,9.816666666666666,Bengaluru,Malleshwaram,bike,7,1,0,0.3133141120525414,0
O00158,S015,P043,Fruits & Vegetables,2026-06-16 17:26:00,2026-06-16 17:36:00,2026-06-16 17:35:04,2026-06-16 17:35:04,9.066666666666666,Bengaluru,Jayanagar,bike,17,1,0,0.5997013970933444,1
O00519,S016,P001,Grocery,2026-06-18 21:53:00,2026-06-18 22:03:00,2026-06-18 21:58:16,2026-06-18 21:58:16,5.266666666666667,Bengaluru,Marathahalli,scooter,21,1,0,0.5817162123236529,1
O00988,S016,P034,Snacks,2026-06-10 14:05:00,2026-06-10 14:15:00,2026-06-10 14:11:36,2026-06-10 14:11:36,6.6,Bengaluru,Marathahalli,bike,14,1,0,0.413297306180034,0
O00115,S010,P015,Snacks,2026-06-14 22:48:00,2026-06-14 22:58:00,2026-06-14 22:58:31,2026-06-14 22:58:31,10.516666666666667,Mumbai,Goregaon,bike,22,0,1,0.573617972929003,1
O00515,S017,P024,Snacks,2026-06-02 21:31:00,2026-06-02 21:41:00,2026-06-02 21:42:56,2026-06-02 21:42:56,11.933333333333334,Bengaluru,JP Nagar,bike,21,0,1,0.6989410103851629,1
O01327,S003,P024,Household,2026-06-01 09:10:00,2026-06-01 09:20:00,2026-06-01 09:18:19,2026-06-01 09:18:19,8.316666666666666,Mumbai,Powai,bike,9,1,0,0.4454892742425374,0
O01703,S010,P033,Beverages,2026-06-11 19:30:00,2026-06-11 19:40:00,2026-06-11 19:45:24,2026-06-11 19:45:24,15.4,Mumbai,Goregaon,scooter,19,0,1,0.5071428741435329,1
O01309,S009,P052,Snacks,2026-06-26 00:59:00,2026-06-26 01:09:00,2026-06-26 01:11:12,2026-06-26 01:11:12,12.2,Mumbai,Kurla,bike,0,0,1,0.2395334685414945,0
O00549,S004,P019,Beverages,2026-06-20 06:48:00,2026-06-20 06:58:00,2026-06-20 06:57:01,2026-06-20 06:57:01,9.016666666666667,Mumbai,Dadar,bike,6,1,0,0.272940681683599,0
O00227,S019,P017,Personal Care,2026-06-25 16:39:00,2026-06-25 16:49:00,2026-06-25 16:46:20,2026-06-25 16:46:20,7.333333333333333,Bengaluru,Yelahanka,bike,16,1,0,0.30985074386778966,0
O01156,S020,P021,Fruits & Vegetables,2026-06-22 21:49:00,2026-06-22 21:59:00,2026-06-22 21:58:16,2026-06-22 21:58:16,9.266666666666667,Bengaluru,Malleshwaram,bicycle,21,1,0,0.7258541997366551,1
O00934,S003,P041,Personal Care,2026-06-28 13:52:00,2026-06-28 14:02:00,2026-06-28 14:03:03,2026-06-28 14:03:03,11.05,Mumbai,Powai,bike,13,0,1,0.42461316863658677,0
O00755,S015,P040,Household,2026-06-10 11:12:00,2026-06-10 11:22:00,2026-06-10 11:20:07,2026-06-10 11:20:07,8.116666666666667,Bengaluru,Jayanagar,bike,11,1,0,0.2855621247291179,0
O01594,S020,P054,Personal Care,2026-06-06 21:53:00,2026-06-06 22:03:00,2026-06-06 22:04:45,2026-06-06 22:04:45,11.75,Bengaluru,Malleshwaram,bike,21,0,1,0.4335044476003281,0
O01250,S018,P048,Household,2026-06-08 23:42:00,2026-06-08 23:52:00,2026-06-08 23:48:53,2026-06-08 23:48:53,6.883333333333334,Bengaluru,Electronic City,bike,23,1,0,0.46838464410909103,0
O01595,S005,P054,Fruits & Vegetables,2026-06-18 13:44:00,2026-06-18 13:54:00,2026-06-18 13:53:09,2026-06-18 13:53:09,9.15,Mumbai,Malad,bike,13,1,0,0.5695761375969587,1
O00654,S012,P052,Bakery,2026-06-24 08:44:00,2026-06-24 08:54:00,2026-06-24 08:52:30,2026-06-24 08:52:30,8.5,Bengaluru,Indiranagar,bike,8,1,0,0.08211079818623312,0
O00979,S003,P030,Bakery,2026-06-15 17:17:00,2026-06-15 17:27:00,2026-06-15 17:25:51,2026-06-15 17:25:51,8.85,Mumbai,Powai,bike,17,1,0,0.660069296162145,1
O00552,S001,P036,Dairy,2026-06-04 04:36:00,2026-06-04 04:46:00,2026-06-04 04:42:12,2026-06-04 04:42:12,6.2,Mumbai,Andheri,bike,4,1,0,0.25865892362219833,0
O01111,S017,P045,Bakery,2026-06-23 22:30:00,2026-06-23 22:40:00,2026-06-23 22:39:41,2026-06-23 22:39:41,9.683333333333334,Bengaluru,JP Nagar,bike,22,1,0,0.744320857528991,1
O01729,S005,P014,Beverages,2026-06-06 07:34:00,2026-06-06 07:44:00,2026-06-06 07:37:59,2026-06-06 07:37:59,3.9833333333333334,Mumbai,Malad,scooter,7,1,0,0.2723232200170697,0
O00881,S001,P010,Beverages,2026-06-10 22:53:00,2026-06-10 23:03:00,2026-06-10 23:06:43,2026-06-10 23:06:43,13.716666666666667,Mumbai,Andheri,bike,22,0,1,0.5846613744203965,1
O01319,S020,P056,Dairy,2026-06-01 08:09:00,2026-06-01 08:19:00,2026-06-01 08:18:26,2026-06-01 08:18:26,9.433333333333334,Bengaluru,Malleshwaram,bike,8,1,0,0.31497720631420956,0
O00112,S005,P005,Bakery,2026-06-26 22:21:00,2026-06-26 22:31:00,2026-06-26 22:35:18,2026-06-26 22:35:18,14.3,Mumbai,Malad,bike,22,0,1,0.6031753651778808,1
O01614,S006,P019,Beverages,2026-06-23 13:05:00,2026-06-23 13:15:00,2026-06-23 13:14:47,2026-06-23 13:14:47,9.783333333333333,Mumbai,Chembur,bike,13,1,0,0.4573356024073645,0
O00315,S020,P039,Fruits & Vegetables,2026-06-25 11:40:00,2026-06-25 11:50:00,2026-06-25 11:49:03,2026-06-25 11:49:03,9.05,Bengaluru,Malleshwaram,bike,11,1,0,0.5371632483301194,1
O01698,S001,P017,Fruits & Vegetables,2026-06-20 10:40:00,2026-06-20 10:50:00,2026-06-20 10:45:14,2026-06-20 10:45:14,5.233333333333333,Mumbai,Andheri,bike,10,1,0,0.5300530799918751,1
O01079,S008,P004,Beverages,2026-06-30 13:28:00,2026-06-30 13:38:00,2026-06-30 13:35:49,2026-06-30 13:35:49,7.816666666666666,Mumbai,Worli,bike,13,1,0,0.4181232002560093,0
O00730,S020,P004,Snacks,2026-06-19 19:40:00,2026-06-19 19:50:00,2026-06-19 19:48:19,2026-06-19 19:48:19,8.316666666666666,Bengaluru,Malleshwaram,bike,19,1,0,0.5153028134766128,1
O01368,S017,P053,Household,2026-06-11 08:36:00,2026-06-11 08:46:00,2026-06-11 08:45:38,2026-06-11 08:45:38,9.633333333333333,Bengaluru,JP Nagar,scooter,8,1,0,0.42340181581943703,0
O00897,S007,P012,Household,2026-06-01 06:54:00,2026-06-01 07:04:00,2026-06-01 07:05:57,2026-06-01 07:05:57,11.95,Mumbai,Borivali,bike,6,0,1,0.7828043991520857,1
O01653,S009,P001,Fruits & Vegetables,2026-06-07 02:26:00,2026-06-07 02:36:00,2026-06-07 02:35:04,2026-06-07 02:35:04,9.066666666666666,Mumbai,Kurla,scooter,2,1,0,0.43960131763185833,0
O01185,S002,P048,Dairy,2026-06-26 19:16:00,2026-06-26 19:26:00,2026-06-26 19:33:54,2026-06-26 19:33:54,17.9,Mumbai,Bandra,bike,19,0,1,0.5366982874424546,1
O01749,S005,P052,Dairy,2026-06-08 18:47:00,2026-06-08 18:57:00,2026-06-08 18:55:46,2026-06-08 18:55:46,8.766666666666667,Mumbai,Malad,bike,18,1,0,0.5035128635059225,1
O00094,S002,P057,Fruits & Vegetables,2026-06-24 11:16:00,2026-06-24 11:26:00,2026-06-24 11:24:12,2026-06-24 11:24:12,8.2,Mumbai,Bandra,bicycle,11,1,0,0.5413303528942639,1
O00128,S011,P052,Snacks,2026-06-15 22:09:00,2026-06-15 22:19:00,2026-06-15 22:16:02,2026-06-15 22:16:02,7.033333333333333,Bengaluru,Koramangala,bike,22,1,0,0.7333570397357622,1
O00821,S014,P011,Household,2026-06-18 08:15:00,2026-06-18 08:25:00,2026-06-18 08:26:59,2026-06-18 08:26:59,11.983333333333333,Bengaluru,HSR Layout,bike,8,0,1,0.752225652387802,1
O00941,S017,P017,Bakery,2026-06-29 06:38:00,2026-06-29 06:48:00,2026-06-29 06:50:31,2026-06-29 06:50:31,12.516666666666667,Bengaluru,JP Nagar,bike,6,0,1,0.43756029821149656,0
O01457,S010,P026,Bakery,2026-06-06 20:53:00,2026-06-06 21:03:00,2026-06-06 21:07:58,2026-06-06 21:07:58,14.966666666666667,Mumbai,Goregaon,scooter,20,0,1,0.5684397603663444,1
O00916,S010,P057,Dairy,2026-06-16 13:19:00,2026-06-16 13:29:00,2026-06-16 13:26:08,2026-06-16 13:26:08,7.133333333333334,Mumbai,Goregaon,bicycle,13,1,0,0.4069467077883022,0
O00555,S004,P012,Grocery,2026-06-28 19:35:00,2026-06-28 19:45:00,2026-06-28 19:45:15,2026-06-28 19:45:15,10.25,Mumbai,Dadar,bike,19,0,1,0.5537670332328563,1
O00521,S011,P033,Fruits & Vegetables,2026-06-14 22:58:00,2026-06-14 23:08:00,2026-06-14 23:07:39,2026-06-14 23:07:39,9.65,Bengaluru,Koramangala,scooter,22,1,0,0.8531130166245187,1
O01177,S001,P045,Dairy,2026-06-09 17:43:00,2026-06-09 17:53:00,2026-06-09 17:50:58,2026-06-09 17:50:58,7.966666666666667,Mumbai,Andheri,bike,17,1,0,0.5048096909562071,1
O00739,S018,P058,Household,2026-06-15 19:26:00,2026-06-15 19:36:00,2026-06-15 19:35:15,2026-06-15 19:35:15,9.25,Bengaluru,Electronic City,bike,19,1,0,0.3878081533395363,0
O01442,S003,P019,Personal Care,2026-06-02 14:22:00,2026-06-02 14:32:00,2026-06-02 14:30:59,2026-06-02 14:30:59,8.983333333333333,Mumbai,Powai,bike,14,1,0,0.4448779911943001,0
O01758,S015,P054,Snacks,2026-06-04 16:18:00,2026-06-04 16:28:00,2026-06-04 16:27:12,2026-06-04 16:27:12,9.2,Bengaluru,Jayanagar,bike,16,1,0,0.3951389037987066,0
O01105,S020,P057,Fruits & Vegetables,2026-06-29 18:07:00,2026-06-29 18:17:00,2026-06-29 18:20:13,2026-06-29 18:20:13,13.216666666666667,Bengaluru,Malleshwaram,bicycle,18,0,1,0.6739841629036011,1
O01625,S009,P037,Fruits & Vegetables,2026-06-19 03:32:00,2026-06-19 03:42:00,2026-06-19 03:43:00,2026-06-19 03:43:00,11.0,Mumbai,Kurla,scooter,3,0,1,0.4600095760138507,0
O00059,S016,P015,Beverages,2026-06-14 14:24:00,2026-06-14 14:34:00,2026-06-14 14:31:38,2026-06-14 14:31:38,7.633333333333334,Bengaluru,Marathahalli,bike,14,1,0,0.4083049572917685,0
O00709,S003,P012,Bakery,2026-06-28 17:44:00,2026-06-28 17:54:00,2026-06-28 17:52:01,2026-06-28 17:52:01,8.016666666666667,Mumbai,Powai,bike,17,1,0,0.660069296162145,1
O00778,S002,P037,Bakery,2026-06-23 12:37:00,2026-06-23 12:47:00,2026-06-23 12:44:38,2026-06-23 12:44:38,7.633333333333334,Mumbai,Bandra,scooter,12,1,0,0.4120449264145077,0
O01453,S017,P048,Grocery,2026-06-23 09:09:00,2026-06-23 09:19:00,2026-06-23 09:14:04,2026-06-23 09:14:04,5.066666666666666,Bengaluru,JP Nagar,bike,9,1,0,0.48884859742014986,0
O01303,S004,P035,Beverages,2026-06-04 15:53:00,2026-06-04 16:03:00,2026-06-04 16:00:10,2026-06-04 16:00:10,7.166666666666667,Mumbai,Dadar,bike,15,1,0,0.4409103465681284,0
O01654,S011,P007,Personal Care,2026-06-08 02:20:00,2026-06-08 02:30:00,2026-06-08 02:27:45,2026-06-08 02:27:45,7.75,Bengaluru,Koramangala,bike,2,1,0,0.24387506084987554,0
O00262,S018,P034,Bakery,2026-06-29 21:54:00,2026-06-29 22:04:00,2026-06-29 22:06:13,2026-06-29 22:06:13,12.216666666666667,Bengaluru,Electronic City,bike,21,0,1,0.4827878570178776,0
O01722,S018,P050,Snacks,2026-06-18 08:32:00,2026-06-18 08:42:00,2026-06-18 08:40:58,2026-06-18 08:40:58,8.966666666666667,Bengaluru,Electronic City,bike,8,1,0,0.21672097567197926,0
O01667,S020,P040,Snacks,2026-06-20 16:26:00,2026-06-20 16:36:00,2026-06-20 16:36:24,2026-06-20 16:36:24,10.4,Bengaluru,Malleshwaram,bike,16,0,1,0.4535845097960368,0
O01475,S017,P032,Personal Care,2026-06-27 09:52:00,2026-06-27 10:02:00,2026-06-27 10:00:04,2026-06-27 10:00:04,8.066666666666666,Bengaluru,JP Nagar,scooter,9,1,0,0.34497455001192157,0
O00786,S019,P048,Dairy,2026-06-22 13:51:00,2026-06-22 14:01:00,2026-06-22 14:03:08,2026-06-22 14:03:08,12.133333333333333,Bengaluru,Yelahanka,bike,13,0,1,0.38096827920587645,0
O00735,S001,P041,Personal Care,2026-06-23 10:50:00,2026-06-23 11:00:00,2026-06-23 10:58:36,2026-06-23 10:58:36,8.6,Mumbai,Andheri,bike,10,1,0,0.24584459260396277,0
O00266,S008,P001,Beverages,2026-06-13 09:48:00,2026-06-13 09:58:00,2026-06-13 09:55:31,2026-06-13 09:55:31,7.516666666666667,Mumbai,Worli,scooter,9,1,0,0.3406526399386304,0
O01598,S001,P013,Bakery,2026-06-12 15:00:00,2026-06-12 15:10:00,2026-06-12 15:07:00,2026-06-12 15:07:00,7.0,Mumbai,Andheri,bike,15,1,0,0.48226852038732343,0
O01206,S012,P052,Dairy,2026-06-17 18:37:00,2026-06-17 18:47:00,2026-06-17 18:46:18,2026-06-17 18:46:18,9.3,Bengaluru,Indiranagar,bike,18,1,0,0.15922537706440842,0
O00846,S015,P046,Grocery,2026-06-28 17:24:00,2026-06-28 17:34:00,2026-06-28 17:31:35,2026-06-28 17:31:35,7.583333333333333,Bengaluru,Jayanagar,bike,17,1,0,0.4401767545719763,0
O00002,S015,P001,Beverages,2026-06-17 19:32:00,2026-06-17 19:42:00,2026-06-17 19:43:39,2026-06-17 19:43:39,11.65,Bengaluru,Jayanagar,scooter,19,0,1,0.4504236618107678,0
O00689,S010,P001,Household,2026-06-23 19:19:00,2026-06-23 19:29:00,2026-06-23 19:30:39,2026-06-23 19:30:39,11.65,Mumbai,Goregaon,scooter,19,0,1,0.49257685277160285,0
O00855,S003,P013,Bakery,2026-06-03 06:57:00,2026-06-03 07:07:00,2026-06-03 07:08:12,2026-06-03 07:08:12,11.2,Mumbai,Powai,bike,6,0,1,0.4393908696004533,0
O00593,S003,P053,Dairy,2026-06-16 21:27:00,2026-06-16 21:37:00,2026-06-16 21:43:12,2026-06-16 21:43:12,16.2,Mumbai,Powai,scooter,21,0,1,0.7147874141058309,1
O00400,S008,P027,Bakery,2026-06-02 22:09:00,2026-06-02 22:19:00,2026-06-02 22:23:29,2026-06-02 22:23:29,14.483333333333333,Mumbai,Worli,bike,22,0,1,0.6402020800657228,1
O01369,S008,P036,Fruits & Vegetables,2026-06-07 17:25:00,2026-06-07 17:35:00,2026-06-07 17:36:42,2026-06-07 17:36:42,11.7,Mumbai,Worli,bike,17,0,1,0.6829916262569683,1
O01116,S016,P021,Beverages,2026-06-13 02:28:00,2026-06-13 02:38:00,2026-06-13 02:38:11,2026-06-13 02:38:11,10.183333333333334,Bengaluru,Marathahalli,bicycle,2,0,1,0.20412805860611877,0
O00029,S016,P017,Grocery,2026-06-03 17:53:00,2026-06-03 18:03:00,2026-06-03 18:02:09,2026-06-03 18:02:09,9.15,Bengaluru,Marathahalli,bike,17,1,0,0.4999795062640596,0
O01676,S002,P024,Fruits & Vegetables,2026-06-23 21:40:00,2026-06-23 21:50:00,2026-06-23 21:56:37,2026-06-23 21:56:37,16.616666666666667,Mumbai,Bandra,bike,21,0,1,0.7291789567157554,1
O01347,S005,P041,Personal Care,2026-06-11 16:38:00,2026-06-11 16:48:00,2026-06-11 16:45:11,2026-06-11 16:45:11,7.183333333333334,Mumbai,Malad,bike,16,1,0,0.32878050923554714,0
O00300,S006,P047,Household,2026-06-06 07:34:00,2026-06-06 07:44:00,2026-06-06 07:41:55,2026-06-06 07:41:55,7.916666666666667,Mumbai,Chembur,bicycle,7,1,0,0.32646907796390884,0
O01728,S007,P050,Household,2026-06-29 20:55:00,2026-06-29 21:05:00,2026-06-29 21:12:09,2026-06-29 21:12:09,17.15,Mumbai,Borivali,bike,20,0,1,0.9195871283595161,1
O00011,S019,P037,Bakery,2026-06-08 19:51:00,2026-06-08 20:01:00,2026-06-08 19:59:06,2026-06-08 19:59:06,8.1,Bengaluru,Yelahanka,scooter,19,1,0,0.5210310139267698,1
O01266,S016,P019,Beverages,2026-06-16 06:27:00,2026-06-16 06:37:00,2026-06-16 06:37:20,2026-06-16 06:37:20,10.333333333333334,Bengaluru,Marathahalli,bike,6,0,1,0.2629317143765531,0
O00219,S001,P024,Household,2026-06-15 19:35:00,2026-06-15 19:45:00,2026-06-15 19:49:15,2026-06-15 19:49:15,14.25,Mumbai,Andheri,bike,19,0,1,0.5090595175216984,1
O01341,S020,P021,Household,2026-06-03 18:32:00,2026-06-03 18:42:00,2026-06-03 18:36:50,2026-06-03 18:36:50,4.833333333333333,Bengaluru,Malleshwaram,bicycle,18,1,0,0.4749858983565006,0
O00553,S018,P036,Snacks,2026-06-10 09:47:00,2026-06-10 09:57:00,2026-06-10 09:57:09,2026-06-10 09:57:09,10.15,Bengaluru,Electronic City,bike,9,0,1,0.23104816452302168,0
O01586,S007,P018,Beverages,2026-06-27 21:27:00,2026-06-27 21:37:00,2026-06-27 21:44:41,2026-06-27 21:44:41,17.683333333333334,Mumbai,Borivali,scooter,21,0,1,0.9293990695936544,1
O01316,S005,P019,Bakery,2026-06-05 20:35:00,2026-06-05 20:45:00,2026-06-05 20:49:56,2026-06-05 20:49:56,14.933333333333334,Mumbai,Malad,bike,20,0,1,0.563102050345299,1
O00853,S002,P005,Household,2026-06-12 13:32:00,2026-06-12 13:42:00,2026-06-12 13:38:39,2026-06-12 13:38:39,6.65,Mumbai,Bandra,bike,13,1,0,0.37854021819206934,0
O00238,S017,P029,Beverages,2026-06-27 23:43:00,2026-06-27 23:53:00,2026-06-27 23:52:21,2026-06-27 23:52:21,9.35,Bengaluru,JP Nagar,bike,23,1,0,0.7284131419600174,1
O00031,S003,P057,Dairy,2026-06-18 04:23:00,2026-06-18 04:33:00,2026-06-18 04:31:02,2026-06-18 04:31:02,8.033333333333333,Mumbai,Powai,bicycle,4,1,0,0.3814627785903143,0
O01535,S002,P053,Personal Care,2026-06-14 15:36:00,2026-06-14 15:46:00,2026-06-14 15:44:55,2026-06-14 15:44:55,8.916666666666666,Mumbai,Bandra,scooter,15,1,0,0.32176940521771025,0
O01301,S003,P013,Dairy,2026-06-16 19:57:00,2026-06-16 20:07:00,2026-06-16 20:10:34,2026-06-16 20:10:34,13.566666666666666,Mumbai,Powai,bike,19,0,1,0.6800057157901493,1
O00865,S015,P035,Dairy,2026-06-18 11:58:00,2026-06-18 12:08:00,2026-06-18 12:11:22,2026-06-18 12:11:22,13.366666666666667,Bengaluru,Jayanagar,bike,11,0,1,0.3166766761258785,0
O00558,S019,P010,Household,2026-06-26 11:27:00,2026-06-26 11:37:00,2026-06-26 11:36:42,2026-06-26 11:36:42,9.7,Bengaluru,Yelahanka,bike,11,1,0,0.3103802289483468,0
O00673,S020,P002,Dairy,2026-06-29 11:19:00,2026-06-29 11:29:00,2026-06-29 11:29:06,2026-06-29 11:29:06,10.1,Bengaluru,Malleshwaram,bike,11,0,1,0.37062805290921225,0
O00138,S005,P051,Personal Care,2026-06-03 20:35:00,2026-06-03 20:45:00,2026-06-03 20:43:02,2026-06-03 20:43:02,8.033333333333333,Mumbai,Malad,bike,20,1,0,0.40521041367161087,0
O00924,S016,P038,Grocery,2026-06-11 12:24:00,2026-06-11 12:34:00,2026-06-11 12:31:24,2026-06-11 12:31:24,7.4,Bengaluru,Marathahalli,bike,12,1,0,0.39832176036597605,0
O00533,S007,P019,Bakery,2026-06-06 23:04:00,2026-06-06 23:14:00,2026-06-06 23:16:28,2026-06-06 23:16:28,12.466666666666667,Mumbai,Borivali,bike,23,0,1,0.948185780530076,1
O01082,S014,P052,Grocery,2026-06-19 19:59:00,2026-06-19 20:09:00,2026-06-19 20:11:33,2026-06-19 20:11:33,12.55,Bengaluru,HSR Layout,bike,19,0,1,0.9002037326168694,1
O01724,S009,P030,Bakery,2026-06-29 20:47:00,2026-06-29 20:57:00,2026-06-29 20:57:06,2026-06-29 20:57:06,10.1,Mumbai,Kurla,bike,20,0,1,0.6543230575762198,1
O00047,S003,P053,Personal Care,2026-06-22 11:51:00,2026-06-22 12:01:00,2026-06-22 12:00:10,2026-06-22 12:00:10,9.166666666666666,Mumbai,Powai,scooter,11,1,0,0.3848964501759454,0
O00129,S008,P056,Fruits & Vegetables,2026-06-28 19:23:00,2026-06-28 19:33:00,2026-06-28 19:38:50,2026-06-28 19:38:50,15.833333333333334,Mumbai,Worli,bike,19,0,1,0.7175835633603636,1
O01431,S020,P031,Snacks,2026-06-09 18:46:00,2026-06-09 18:56:00,2026-06-09 18:54:00,2026-06-09 18:54:00,8.0,Bengaluru,Malleshwaram,bike,18,1,0,0.49468875801583106,0
O00114,S016,P056,Grocery,2026-06-20 06:40:00,2026-06-20 06:50:00,2026-06-20 06:50:23,2026-06-20 06:50:23,10.383333333333333,Bengaluru,Marathahalli,bike,6,0,1,0.28754865139582786,0
O00271,S008,P044,Snacks,2026-06-17 13:45:00,2026-06-17 13:55:00,2026-06-17 13:50:45,2026-06-17 13:50:45,5.75,Mumbai,Worli,scooter,13,1,0,0.42314974494364904,0
O00408,S015,P036,Personal Care,2026-06-04 14:51:00,2026-06-04 15:01:00,2026-06-04 14:59:46,2026-06-04 14:59:46,8.766666666666667,Bengaluru,Jayanagar,bike,14,1,0,0.2526622502709706,0
O00753,S011,P035,Bakery,2026-06-02 07:30:00,2026-06-02 07:40:00,2026-06-02 07:39:37,2026-06-02 07:39:37,9.616666666666667,Bengaluru,Koramangala,bike,7,1,0,0.4796094669433845,0
O01194,S011,P002,Household,2026-06-28 05:51:00,2026-06-28 06:01:00,2026-06-28 06:00:24,2026-06-28 06:00:24,9.4,Bengaluru,Koramangala,bike,5,1,0,0.3847898568892843,0
O00530,S010,P045,Grocery,2026-06-30 12:26:00,2026-06-30 12:36:00,2026-06-30 12:36:30,2026-06-30 12:36:30,10.5,Mumbai,Goregaon,bike,12,0,1,0.3952508917950786,0
O01567,S020,P055,Beverages,2026-06-26 11:32:00,2026-06-26 11:42:00,2026-06-26 11:40:39,2026-06-26 11:40:39,8.65,Bengaluru,Malleshwaram,bike,11,1,0,0.3499623280737599,0
O00471,S010,P013,Dairy,2026-06-17 19:57:00,2026-06-17 20:07:00,2026-06-17 20:15:46,2026-06-17 20:15:46,18.766666666666666,Mumbai,Goregaon,bike,19,0,1,0.5295293055284227,1
O00299,S016,P036,Household,2026-06-09 19:31:00,2026-06-09 19:41:00,2026-06-09 19:42:59,2026-06-09 19:42:59,11.983333333333333,Bengaluru,Marathahalli,bike,19,0,1,0.4957839691155774,0
O01415,S004,P048,Snacks,2026-06-08 01:29:00,2026-06-08 01:39:00,2026-06-08 01:36:26,2026-06-08 01:36:26,7.433333333333334,Mumbai,Dadar,bike,1,1,0,0.20237627188502236,0
O01213,S001,P036,Fruits & Vegetables,2026-06-11 13:30:00,2026-06-11 13:40:00,2026-06-11 13:41:31,2026-06-11 13:41:31,11.516666666666667,Mumbai,Andheri,bike,13,0,1,0.5909238493066524,1
O01142,S015,P025,Household,2026-06-24 12:12:00,2026-06-24 12:22:00,2026-06-24 12:20:56,2026-06-24 12:20:56,8.933333333333334,Bengaluru,Jayanagar,scooter,12,1,0,0.3026816839147467,0
O00833,S004,P021,Personal Care,2026-06-04 09:26:00,2026-06-04 09:36:00,2026-06-04 09:34:35,2026-06-04 09:34:35,8.583333333333334,Mumbai,Dadar,bicycle,9,1,0,0.23050729593589683,0
O01774,S012,P016,Bakery,2026-06-27 18:27:00,2026-06-27 18:37:00,2026-06-27 18:34:25,2026-06-27 18:34:25,7.416666666666667,Bengaluru,Indiranagar,bike,18,1,0,0.16949004594416153,0
O01524,S018,P016,Fruits & Vegetables,2026-06-22 16:08:00,2026-06-22 16:18:00,2026-06-22 16:16:29,2026-06-22 16:16:29,8.483333333333333,Bengaluru,Electronic City,bike,16,1,0,0.5305711404874589,1
O01012,S006,P012,Grocery,2026-06-26 06:27:00,2026-06-26 06:37:00,2026-06-26 06:32:51,2026-06-26 06:32:51,5.85,Mumbai,Chembur,bike,6,1,0,0.34865876587920397,0
O01104,S008,P024,Household,2026-06-22 08:33:00,2026-06-22 08:43:00,2026-06-22 08:44:38,2026-06-22 08:44:38,11.633333333333333,Mumbai,Worli,bike,8,0,1,0.30978352232138706,0
O00672,S009,P024,Bakery,2026-06-15 22:00:00,2026-06-15 22:10:00,2026-06-15 22:18:54,2026-06-15 22:18:54,18.9,Mumbai,Kurla,bike,22,0,1,0.6906262801481776,1
O00702,S005,P042,Dairy,2026-06-11 06:34:00,2026-06-11 06:44:00,2026-06-11 06:38:44,2026-06-11 06:38:44,4.733333333333333,Mumbai,Malad,bike,6,1,0,0.27375337666168004,0
O00173,S018,P051,Grocery,2026-06-15 21:36:00,2026-06-15 21:46:00,2026-06-15 21:43:38,2026-06-15 21:43:38,7.633333333333334,Bengaluru,Electronic City,bike,21,1,0,0.4725656267483668,0
O00930,S018,P021,Personal Care,2026-06-14 12:39:00,2026-06-14 12:49:00,2026-06-14 12:46:16,2026-06-14 12:46:16,7.266666666666667,Bengaluru,Electronic City,bicycle,12,1,0,0.19019809093993498,0
O00450,S011,P059,Snacks,2026-06-03 12:25:00,2026-06-03 12:35:00,2026-06-03 12:37:38,2026-06-03 12:37:38,12.633333333333333,Bengaluru,Koramangala,bicycle,12,0,1,0.5466045019417494,1
O01140,S018,P008,Household,2026-06-03 19:32:00,2026-06-03 19:42:00,2026-06-03 19:42:56,2026-06-03 19:42:56,10.933333333333334,Bengaluru,Electronic City,bike,19,0,1,0.3878081533395363,0
O01049,S018,P037,Grocery,2026-06-19 15:48:00,2026-06-19 15:58:00,2026-06-19 15:52:26,2026-06-19 15:52:26,4.433333333333334,Bengaluru,Electronic City,scooter,15,1,0,0.3532680760065967,0
O01158,S008,P033,Grocery,2026-06-08 02:48:00,2026-06-08 02:58:00,2026-06-08 02:55:29,2026-06-08 02:55:29,7.483333333333333,Mumbai,Worli,scooter,2,1,0,0.24707874172273,0
O01092,S008,P009,Grocery,2026-06-02 07:37:00,2026-06-02 07:47:00,2026-06-02 07:47:09,2026-06-02 07:47:09,10.15,Mumbai,Worli,bike,7,0,1,0.3313971229969241,0
O00581,S007,P034,Fruits & Vegetables,2026-06-27 08:06:00,2026-06-27 08:16:00,2026-06-27 08:21:17,2026-06-27 08:21:17,15.283333333333333,Mumbai,Borivali,bike,8,0,1,0.9066531188695812,1
O00244,S001,P039,Bakery,2026-06-09 22:50:00,2026-06-09 23:00:00,2026-06-09 23:05:36,2026-06-09 23:05:36,15.6,Mumbai,Andheri,bike,22,0,1,0.6239568538884493,1
O00470,S011,P018,Household,2026-06-28 10:41:00,2026-06-28 10:51:00,2026-06-28 10:53:04,2026-06-28 10:53:04,12.066666666666666,Bengaluru,Koramangala,scooter,10,0,1,0.48578237717646583,0
O01072,S016,P024,Grocery,2026-06-09 14:45:00,2026-06-09 14:55:00,2026-06-09 14:51:36,2026-06-09 14:51:36,6.6,Bengaluru,Marathahalli,bike,14,1,0,0.4384363673667155,0
O00483,S014,P026,Fruits & Vegetables,2026-06-16 12:02:00,2026-06-16 12:12:00,2026-06-16 12:12:14,2026-06-16 12:12:14,10.233333333333333,Bengaluru,HSR Layout,scooter,12,0,1,0.9060918191492461,1
O00943,S004,P012,Personal Care,2026-06-09 13:16:00,2026-06-09 13:26:00,2026-06-09 13:23:42,2026-06-09 13:23:42,7.7,Mumbai,Dadar,bike,13,1,0,0.29410194269133993,0
O01451,S003,P004,Beverages,2026-06-27 23:06:00,2026-06-27 23:16:00,2026-06-27 23:14:34,2026-06-27 23:14:34,8.566666666666666,Mumbai,Powai,bike,23,1,0,0.729881462103962,1
O01497,S009,P018,Fruits & Vegetables,2026-06-10 20:05:00,2026-06-10 20:15:00,2026-06-10 20:22:35,2026-06-10 20:22:35,17.583333333333332,Mumbai,Kurla,scooter,20,0,1,0.7758754966202946,1
O00443,S013,P012,Household,2026-06-29 12:11:00,2026-06-29 12:21:00,2026-06-29 12:17:32,2026-06-29 12:17:32,6.533333333333333,Bengaluru,Whitefield,bike,12,1,0,0.3228448756669584,0
O00740,S019,P047,Household,2026-06-18 15:13:00,2026-06-18 15:23:00,2026-06-18 15:21:33,2026-06-18 15:21:33,8.55,Bengaluru,Yelahanka,bicycle,15,1,0,0.3849860803660806,0
O00051,S018,P016,Snacks,2026-06-15 07:29:00,2026-06-15 07:39:00,2026-06-15 07:34:42,2026-06-15 07:34:42,5.7,Bengaluru,Electronic City,bike,7,1,0,0.20304761441211258,0
O00276,S003,P035,Grocery,2026-06-30 21:59:00,2026-06-30 22:09:00,2026-06-30 22:11:45,2026-06-30 22:11:45,12.75,Mumbai,Powai,bike,21,0,1,0.721624818736486,1
O01468,S016,P021,Personal Care,2026-06-25 19:46:00,2026-06-25 19:56:00,2026-06-25 19:53:44,2026-06-25 19:53:44,7.733333333333333,Bengaluru,Marathahalli,bicycle,19,1,0,0.39371565716874873,0
O00357,S020,P009,Personal Care,2026-06-27 09:03:00,2026-06-27 09:13:00,2026-06-27 09:09:30,2026-06-27 09:09:30,6.5,Bengaluru,Malleshwaram,bike,9,1,0,0.22144232498728486,0
O01490,S010,P003,Household,2026-06-12 17:56:00,2026-06-12 18:06:00,2026-06-12 18:03:42,2026-06-12 18:03:42,7.7,Mumbai,Goregaon,bike,17,1,0,0.45149129472839394,0
O00339,S004,P002,Household,2026-06-21 07:51:00,2026-06-21 08:01:00,2026-06-21 08:01:12,2026-06-21 08:01:12,10.2,Mumbai,Dadar,bike,7,0,1,0.277770916459455,0
O01716,S009,P036,Beverages,2026-06-23 02:49:00,2026-06-23 02:59:00,2026-06-23 02:58:26,2026-06-23 02:58:26,9.433333333333334,Mumbai,Kurla,bike,2,1,0,0.26680127346642074,0
O01031,S004,P047,Grocery,2026-06-27 12:40:00,2026-06-27 12:50:00,2026-06-27 12:46:14,2026-06-27 12:46:14,6.233333333333333,Mumbai,Dadar,bicycle,12,1,0,0.4106134256128283,0
O00911,S016,P032,Personal Care,2026-06-21 21:01:00,2026-06-21 21:11:00,2026-06-21 21:10:43,2026-06-21 21:10:43,9.716666666666667,Bengaluru,Marathahalli,scooter,21,1,0,0.43370075845484524,0
O00252,S009,P019,Snacks,2026-06-19 18:24:00,2026-06-19 18:34:00,2026-06-19 18:32:55,2026-06-19 18:32:55,8.916666666666666,Mumbai,Kurla,bike,18,1,0,0.5815967457774459,1
O01721,S011,P051,Bakery,2026-06-10 16:40:00,2026-06-10 16:50:00,2026-06-10 16:49:49,2026-06-10 16:49:49,9.816666666666666,Bengaluru,Koramangala,bike,16,1,0,0.6594126536092958,1
O01438,S010,P040,Dairy,2026-06-10 14:04:00,2026-06-10 14:14:00,2026-06-10 14:13:25,2026-06-10 14:13:25,9.416666666666666,Mumbai,Goregaon,bike,14,1,0,0.42699408422820595,0
O00571,S003,P034,Beverages,2026-06-13 22:14:00,2026-06-13 22:24:00,2026-06-13 22:29:30,2026-06-13 22:29:30,15.5,Mumbai,Powai,bike,22,0,1,0.7133162348142306,1
O00985,S020,P009,Household,2026-06-22 07:23:00,2026-06-22 07:33:00,2026-06-22 07:29:25,2026-06-22 07:29:25,6.416666666666667,Bengaluru,Malleshwaram,bike,7,1,0,0.26749337400547757,0
O00737,S001,P054,Dairy,2026-06-07 11:21:00,2026-06-07 11:31:00,2026-06-07 11:30:05,2026-06-07 11:30:05,9.083333333333334,Mumbai,Andheri,bike,11,1,0,0.38328751982817655,0
O01183,S017,P027,Beverages,2026-06-24 13:11:00,2026-06-24 13:21:00,2026-06-24 13:18:43,2026-06-24 13:18:43,7.716666666666667,Bengaluru,JP Nagar,bike,13,1,0,0.5403681795552256,1
O00436,S006,P057,Fruits & Vegetables,2026-06-06 19:35:00,2026-06-06 19:45:00,2026-06-06 19:56:00,2026-06-06 19:56:00,21.0,Mumbai,Chembur,bicycle,19,0,1,0.7487422919699677,1
O01247,S008,P006,Dairy,2026-06-19 05:47:00,2026-06-19 05:57:00,2026-06-19 05:54:36,2026-06-19 05:54:36,7.6,Mumbai,Worli,bike,5,1,0,0.2889250825185794,0
O00006,S005,P009,Bakery,2026-06-18 08:33:00,2026-06-18 08:43:00,2026-06-18 08:41:16,2026-06-18 08:41:16,8.266666666666667,Mumbai,Malad,bike,8,1,0,0.3238898543973408,0
O01203,S013,P042,Fruits & Vegetables,2026-06-26 09:16:00,2026-06-26 09:26:00,2026-06-26 09:25:17,2026-06-26 09:25:17,9.283333333333333,Bengaluru,Whitefield,bike,9,1,0,0.45964889236767,0
O00390,S006,P017,Snacks,2026-06-29 16:46:00,2026-06-29 16:56:00,2026-06-29 16:55:52,2026-06-29 16:55:52,9.866666666666667,Mumbai,Chembur,bike,16,1,0,0.5242262313145946,1
O01704,S005,P021,Dairy,2026-06-07 19:50:00,2026-06-07 20:00:00,2026-06-07 20:02:57,2026-06-07 20:02:57,12.95,Mumbai,Malad,bicycle,19,0,1,0.5241132370461459,1
O01180,S010,P033,Fruits & Vegetables,2026-06-19 11:26:00,2026-06-19 11:36:00,2026-06-19 11:36:23,2026-06-19 11:36:23,10.383333333333333,Mumbai,Goregaon,scooter,11,0,1,0.5341708354244245,1
O00232,S005,P007,Grocery,2026-06-10 21:55:00,2026-06-10 22:05:00,2026-06-10 22:10:11,2026-06-10 22:10:11,15.183333333333334,Mumbai,Malad,bike,21,0,1,0.5732846850640589,1
O00857,S017,P041,Grocery,2026-06-10 13:43:00,2026-06-10 13:53:00,2026-06-10 13:51:53,2026-06-10 13:51:53,8.883333333333333,Bengaluru,JP Nagar,bike,13,1,0,0.5708430419811511,1
O00035,S008,P018,Dairy,2026-06-26 18:24:00,2026-06-26 18:34:00,2026-06-26 18:35:22,2026-06-26 18:35:22,11.366666666666667,Mumbai,Worli,scooter,18,0,1,0.542789950921486,1
O00929,S017,P031,Fruits & Vegetables,2026-06-07 11:04:00,2026-06-07 11:14:00,2026-06-07 11:14:38,2026-06-07 11:14:38,10.633333333333333,Bengaluru,JP Nagar,bike,11,0,1,0.6824394081283226,1
O00096,S017,P042,Bakery,2026-06-30 10:37:00,2026-06-30 10:47:00,2026-06-30 10:45:21,2026-06-30 10:45:21,8.35,Bengaluru,JP Nagar,bike,10,1,0,0.519698590177492,1
O01627,S003,P020,Dairy,2026-06-26 11:25:00,2026-06-26 11:35:00,2026-06-26 11:34:04,2026-06-26 11:34:04,9.066666666666666,Mumbai,Powai,bike,11,1,0,0.5234799470254989,1
O01798,S013,P041,Fruits & Vegetables,2026-06-24 10:50:00,2026-06-24 11:00:00,2026-06-24 11:01:10,2026-06-24 11:01:10,11.166666666666666,Bengaluru,Whitefield,bike,10,0,1,0.4801903590026024,0
O01216,S016,P019,Dairy,2026-06-07 09:47:00,2026-06-07 09:57:00,2026-06-07 09:56:30,2026-06-07 09:56:30,9.5,Bengaluru,Marathahalli,bike,9,1,0,0.3332157494944657,0
O00909,S016,P018,Beverages,2026-06-25 19:41:00,2026-06-25 19:51:00,2026-06-25 19:51:56,2026-06-25 19:51:56,10.933333333333334,Bengaluru,Marathahalli,scooter,19,0,1,0.5103494435601007,1
O00009,S019,P015,Grocery,2026-06-03 18:03:00,2026-06-03 18:13:00,2026-06-03 18:12:25,2026-06-03 18:12:25,9.416666666666666,Bengaluru,Yelahanka,bike,18,1,0,0.49018264837871983,0
O01058,S008,P059,Grocery,2026-06-09 16:37:00,2026-06-09 16:47:00,2026-06-09 16:45:23,2026-06-09 16:45:23,8.383333333333333,Mumbai,Worli,bicycle,16,1,0,0.5101017358760488,1
O01392,S007,P043,Household,2026-06-12 08:20:00,2026-06-12 08:30:00,2026-06-12 08:32:32,2026-06-12 08:32:32,12.533333333333333,Mumbai,Borivali,bike,8,0,1,0.8095419771059069,1
O00050,S014,P015,Dairy,2026-06-26 22:33:00,2026-06-26 22:43:00,2026-06-26 22:44:35,2026-06-26 22:44:35,11.583333333333334,Bengaluru,HSR Layout,bike,22,0,1,0.9178233338322916,1
O00787,S008,P032,Dairy,2026-06-26 15:02:00,2026-06-26 15:12:00,2026-06-26 15:10:10,2026-06-26 15:10:10,8.166666666666666,Mumbai,Worli,scooter,15,1,0,0.4810468534476129,0
O01542,S004,P023,Snacks,2026-06-24 19:46:00,2026-06-24 19:56:00,2026-06-24 20:01:37,2026-06-24 20:01:37,15.616666666666667,Mumbai,Dadar,bike,19,0,1,0.5282355086321862,1
O00619,S017,P035,Household,2026-06-26 14:16:00,2026-06-26 14:26:00,2026-06-26 14:23:31,2026-06-26 14:23:31,7.516666666666667,Bengaluru,JP Nagar,bike,14,1,0,0.5463745508248768,1
O01201,S004,P043,Dairy,2026-06-30 15:46:00,2026-06-30 15:56:00,2026-06-30 15:49:42,2026-06-30 15:49:42,3.7,Mumbai,Dadar,bike,15,1,0,0.4631203780674619,0
O01025,S010,P027,Fruits & Vegetables,2026-06-29 18:35:00,2026-06-29 18:45:00,2026-06-29 18:45:13,2026-06-29 18:45:13,10.216666666666667,Mumbai,Goregaon,bike,18,0,1,0.6713351043114789,1
O01013,S008,P008,Personal Care,2026-06-16 10:21:00,2026-06-16 10:31:00,2026-06-16 10:30:22,2026-06-16 10:30:22,9.366666666666667,Mumbai,Worli,bike,10,1,0,0.2590264294602465,0
O00792,S015,P025,Household,2026-06-17 18:02:00,2026-06-17 18:12:00,2026-06-17 18:13:15,2026-06-17 18:13:15,11.25,Bengaluru,Jayanagar,scooter,18,0,1,0.4158815188117111,0
O01114,S018,P006,Dairy,2026-06-25 06:28:00,2026-06-25 06:38:00,2026-06-25 06:34:37,2026-06-25 06:34:37,6.616666666666666,Bengaluru,Electronic City,bike,6,1,0,0.20088452737860757,0
O00551,S018,P019,Dairy,2026-06-10 18:58:00,2026-06-10 19:08:00,2026-06-10 19:10:34,2026-06-10 19:10:34,12.566666666666666,Bengaluru,Electronic City,bike,18,0,1,0.40346179800958565,0
O00567,S005,P048,Bakery,2026-06-12 04:48:00,2026-06-12 04:58:00,2026-06-12 04:54:22,2026-06-12 04:54:22,6.366666666666666,Mumbai,Malad,bike,4,1,0,0.25619175227636237,0
O00565,S017,P006,Fruits & Vegetables,2026-06-12 15:42:00,2026-06-12 15:52:00,2026-06-12 15:54:15,2026-06-12 15:54:15,12.25,Bengaluru,JP Nagar,bike,15,0,1,0.7493051182935944,1
O00451,S009,P034,Bakery,2026-06-30 20:50:00,2026-06-30 21:00:00,2026-06-30 21:05:51,2026-06-30 21:05:51,15.85,Mumbai,Kurla,bike,20,0,1,0.6543230575762198,1
O00674,S009,P059,Dairy,2026-06-04 04:22:00,2026-06-04 04:32:00,2026-06-04 04:30:37,2026-06-04 04:30:37,8.616666666666667,Mumbai,Kurla,bicycle,4,1,0,0.31945467879171546,0
O00545,S014,P042,Snacks,2026-06-24 18:01:00,2026-06-24 18:11:00,2026-06-24 18:10:44,2026-06-24 18:10:44,9.733333333333333,Bengaluru,HSR Layout,bike,18,1,0,0.8822772000874417,1
O01776,S009,P023,Snacks,2026-06-01 07:51:00,2026-06-01 08:01:00,2026-06-01 07:58:09,2026-06-01 07:58:09,7.15,Mumbai,Kurla,bike,7,1,0,0.35941457821245054,0
O01571,S001,P026,Personal Care,2026-06-15 12:36:00,2026-06-15 12:46:00,2026-06-15 12:44:24,2026-06-15 12:44:24,8.4,Mumbai,Andheri,scooter,12,1,0,0.2776904925391569,0
O00452,S005,P010,Snacks,2026-06-30 07:49:00,2026-06-30 07:59:00,2026-06-30 07:53:33,2026-06-30 07:53:33,4.55,Mumbai,Malad,bike,7,1,0,0.276429680151325,0
O00578,S020,P031,Bakery,2026-06-06 09:26:00,2026-06-06 09:36:00,2026-06-06 09:30:21,2026-06-06 09:30:21,4.35,Bengaluru,Malleshwaram,bike,9,1,0,0.34984549131749215,0
O00872,S013,P013,Bakery,2026-06-11 17:32:00,2026-06-11 17:42:00,2026-06-11 17:35:29,2026-06-11 17:35:29,3.4833333333333334,Bengaluru,Whitefield,bike,17,1,0,0.47361432188166075,0
O01113,S008,P026,Personal Care,2026-06-10 13:24:00,2026-06-10 13:34:00,2026-06-10 13:28:24,2026-06-10 13:28:24,4.4,Mumbai,Worli,scooter,13,1,0,0.3092545986914681,0
O00180,S017,P006,Fruits & Vegetables,2026-06-17 12:23:00,2026-06-17 12:33:00,2026-06-17 12:35:41,2026-06-17 12:35:41,12.683333333333334,Bengaluru,JP Nagar,bike,12,0,1,0.7000385098090502,1
O00568,S002,P043,Personal Care,2026-06-17 21:23:00,2026-06-17 21:33:00,2026-06-17 21:36:39,2026-06-17 21:36:39,13.65,Mumbai,Bandra,bike,21,0,1,0.4376277533819386,0
O01565,S003,P005,Snacks,2026-06-17 18:48:00,2026-06-17 18:58:00,2026-06-17 18:56:59,2026-06-17 18:56:59,8.983333333333333,Mumbai,Powai,bike,18,1,0,0.6461746873140938,1
O00202,S015,P003,Beverages,2026-06-07 05:12:00,2026-06-07 05:22:00,2026-06-07 05:20:08,2026-06-07 05:20:08,8.133333333333333,Bengaluru,Jayanagar,bike,5,1,0,0.20527834540434012,0
O00472,S011,P044,Dairy,2026-06-24 03:31:00,2026-06-24 03:41:00,2026-06-24 03:41:28,2026-06-24 03:41:28,10.466666666666667,Bengaluru,Koramangala,scooter,3,0,1,0.38077283568938947,0
O01237,S018,P008,Fruits & Vegetables,2026-06-03 11:05:00,2026-06-03 11:15:00,2026-06-03 11:13:23,2026-06-03 11:13:23,8.383333333333333,Bengaluru,Electronic City,bike,11,1,0,0.42801771557430635,0
O01750,S004,P016,Personal Care,2026-06-09 08:42:00,2026-06-09 08:52:00,2026-06-09 08:50:24,2026-06-09 08:50:24,8.4,Mumbai,Dadar,bike,8,1,0,0.21620421601644393,0
O01519,S014,P035,Snacks,2026-06-28 20:51:00,2026-06-28 21:01:00,2026-06-28 21:04:37,2026-06-28 21:04:37,13.616666666666667,Bengaluru,HSR Layout,bike,20,0,1,0.8983592834455388,1
O00714,S010,P040,Grocery,2026-06-23 15:09:00,2026-06-23 15:19:00,2026-06-23 15:14:23,2026-06-23 15:14:23,5.383333333333334,Mumbai,Goregaon,bike,15,1,0,0.4556507294469387,0
O00060,S006,P054,Bakery,2026-06-30 07:39:00,2026-06-30 07:49:00,2026-06-30 07:50:06,2026-06-30 07:50:06,11.1,Mumbai,Chembur,bike,7,0,1,0.3771901532572637,0
O01474,S001,P024,Fruits & Vegetables,2026-06-19 16:04:00,2026-06-19 16:14:00,2026-06-19 16:11:51,2026-06-19 16:11:51,7.85,Mumbai,Andheri,bike,16,1,0,0.6491293267375927,1
O01420,S019,P018,Personal Care,2026-06-03 15:17:00,2026-06-03 15:27:00,2026-06-03 15:26:49,2026-06-03 15:26:49,9.816666666666666,Bengaluru,Yelahanka,scooter,15,1,0,0.2924957869634433,0
O01714,S005,P057,Snacks,2026-06-11 22:46:00,2026-06-11 22:56:00,2026-06-11 23:02:28,2026-06-11 23:02:28,16.466666666666665,Mumbai,Malad,bicycle,22,0,1,0.5682956689129968,1
O01367,S009,P020,Fruits & Vegetables,2026-06-22 09:57:00,2026-06-22 10:07:00,2026-06-22 10:06:44,2026-06-22 10:06:44,9.733333333333333,Mumbai,Kurla,bike,9,1,0,0.5828667205169573,1
O01478,S001,P015,Beverages,2026-06-30 20:24:00,2026-06-30 20:34:00,2026-06-30 20:39:59,2026-06-30 20:39:59,15.983333333333333,Mumbai,Andheri,bike,20,0,1,0.544131459534305,1
O00341,S013,P041,Dairy,2026-06-06 17:27:00,2026-06-06 17:37:00,2026-06-06 17:32:25,2026-06-06 17:32:25,5.416666666666667,Bengaluru,Whitefield,bike,17,1,0,0.4550223847145268,0
O00282,S014,P040,Grocery,2026-06-08 09:06:00,2026-06-08 09:16:00,2026-06-08 09:16:15,2026-06-08 09:16:15,10.25,Bengaluru,HSR Layout,bike,9,0,1,0.7981431018415875,1
O00819,S013,P021,Snacks,2026-06-22 16:08:00,2026-06-22 16:18:00,2026-06-22 16:13:45,2026-06-22 16:13:45,5.75,Bengaluru,Whitefield,bicycle,16,1,0,0.4177711912693082,0
O00003,S010,P054,Personal Care,2026-06-05 12:10:00,2026-06-05 12:20:00,2026-06-05 12:13:39,2026-06-05 12:13:39,3.65,Mumbai,Goregaon,bike,12,1,0,0.26466070377538753,0
O01553,S011,P043,Snacks,2026-06-12 18:45:00,2026-06-12 18:55:00,2026-06-12 18:56:57,2026-06-12 18:56:57,11.95,Bengaluru,Koramangala,bike,18,0,1,0.6641442382808981,1
O01568,S004,P017,Bakery,2026-06-13 10:05:00,2026-06-13 10:15:00,2026-06-13 10:10:33,2026-06-13 10:10:33,5.55,Mumbai,Dadar,bike,10,1,0,0.38097536673153987,0
O01310,S005,P025,Bakery,2026-06-24 19:30:00,2026-06-24 19:40:00,2026-06-24 19:44:41,2026-06-24 19:44:41,14.683333333333334,Mumbai,Malad,scooter,19,0,1,0.5427168849047052,1
O00480,S019,P058,Bakery,2026-06-05 11:45:00,2026-06-05 11:55:00,2026-06-05 11:58:55,2026-06-05 11:58:55,13.916666666666666,Bengaluru,Yelahanka,bike,11,0,1,0.35993749772727957,0
O01710,S007,P052,Personal Care,2026-06-20 15:54:00,2026-06-20 16:04:00,2026-06-20 16:09:10,2026-06-20 16:09:10,15.166666666666666,Mumbai,Borivali,bike,15,0,1,0.8333439311194836,1
O01742,S006,P024,Snacks,2026-06-26 08:31:00,2026-06-26 08:41:00,2026-06-26 08:41:40,2026-06-26 08:41:40,10.666666666666666,Mumbai,Chembur,bike,8,0,1,0.3628933015481364,0
O01733,S007,P025,Grocery,2026-06-15 13:12:00,2026-06-15 13:22:00,2026-06-15 13:24:31,2026-06-15 13:24:31,12.516666666666667,Mumbai,Borivali,scooter,13,0,1,0.8850505571366478,1
O01731,S007,P013,Beverages,2026-06-06 13:17:00,2026-06-06 13:27:00,2026-06-06 13:29:28,2026-06-06 13:29:28,12.466666666666667,Mumbai,Borivali,bike,13,0,1,0.8718801413681959,1
O01244,S014,P046,Bakery,2026-06-06 13:22:00,2026-06-06 13:32:00,2026-06-06 13:32:05,2026-06-06 13:32:05,10.083333333333334,Bengaluru,HSR Layout,bike,13,0,1,0.8513976682759976,1
O00784,S001,P019,Bakery,2026-06-03 07:04:00,2026-06-03 07:14:00,2026-06-03 07:09:41,2026-06-03 07:09:41,5.683333333333334,Mumbai,Andheri,bike,7,1,0,0.3250269141510397,0
O00106,S017,P018,Grocery,2026-06-10 18:53:00,2026-06-10 19:03:00,2026-06-10 19:00:54,2026-06-10 19:00:54,7.9,Bengaluru,JP Nagar,scooter,18,1,0,0.6676714864902732,1
O00664,S016,P060,Snacks,2026-06-15 19:03:00,2026-06-15 19:13:00,2026-06-15 19:11:52,2026-06-15 19:11:52,8.866666666666667,Bengaluru,Marathahalli,scooter,19,1,0,0.5155024586738775,1
O01355,S011,P008,Fruits & Vegetables,2026-06-09 15:00:00,2026-06-09 15:10:00,2026-06-09 15:15:39,2026-06-09 15:15:39,15.65,Bengaluru,Koramangala,bike,15,0,1,0.7652884581039993,1
O00999,S001,P045,Personal Care,2026-06-28 03:30:00,2026-06-28 03:40:00,2026-06-28 03:35:21,2026-06-28 03:35:21,5.35,Mumbai,Andheri,bike,3,1,0,0.15469633459471283,0
O00951,S004,P053,Dairy,2026-06-23 10:04:00,2026-06-23 10:14:00,2026-06-23 10:09:38,2026-06-23 10:09:38,5.633333333333334,Mumbai,Dadar,scooter,10,1,0,0.3635086799141041,0
O00957,S019,P015,Grocery,2026-06-01 21:41:00,2026-06-01 21:51:00,2026-06-01 21:48:45,2026-06-01 21:48:45,7.75,Bengaluru,Yelahanka,bike,21,1,0,0.5518514110460313,1
O01363,S014,P007,Bakery,2026-06-24 19:59:00,2026-06-24 20:09:00,2026-06-24 20:07:45,2026-06-24 20:07:45,8.75,Bengaluru,HSR Layout,bike,19,1,0,0.9038246563257102,1
O00418,S009,P004,Bakery,2026-06-17 12:37:00,2026-06-17 12:47:00,2026-06-17 12:47:02,2026-06-17 12:47:02,10.033333333333333,Mumbai,Kurla,bike,12,0,1,0.49457206394617326,0
O00804,S019,P047,Beverages,2026-06-25 13:57:00,2026-06-25 14:07:00,2026-06-25 14:04:12,2026-06-25 14:04:12,7.2,Bengaluru,Yelahanka,bicycle,13,1,0,0.3600558383521322,0
O00260,S006,P060,Grocery,2026-06-27 12:31:00,2026-06-27 12:41:00,2026-06-27 12:37:48,2026-06-27 12:37:48,6.8,Mumbai,Chembur,scooter,12,1,0,0.4675250026320749,0
O01411,S016,P007,Household,2026-06-07 20:48:00,2026-06-07 20:58:00,2026-06-07 20:53:17,2026-06-07 20:53:17,5.283333333333333,Bengaluru,Marathahalli,bike,20,1,0,0.5163970233400649,1
O01122,S007,P031,Personal Care,2026-06-17 16:35:00,2026-06-17 16:45:00,2026-06-17 16:45:47,2026-06-17 16:45:47,10.783333333333333,Mumbai,Borivali,bike,16,0,1,0.8444857326008294,1
O01410,S002,P014,Grocery,2026-06-22 09:52:00,2026-06-22 10:02:00,2026-06-22 10:00:26,2026-06-22 10:00:26,8.433333333333334,Mumbai,Bandra,scooter,9,1,0,0.34436126953219637,0
O00825,S014,P016,Dairy,2026-06-20 18:38:00,2026-06-20 18:48:00,2026-06-20 18:50:29,2026-06-20 18:50:29,12.483333333333333,Bengaluru,HSR Layout,bike,18,0,1,0.8892624037219841,1
O01146,S001,P044,Beverages,2026-06-05 13:11:00,2026-06-05 13:21:00,2026-06-05 13:20:23,2026-06-05 13:20:23,9.383333333333333,Mumbai,Andheri,scooter,13,1,0,0.4012290644448274,0
O01217,S001,P024,Snacks,2026-06-22 19:54:00,2026-06-22 20:04:00,2026-06-22 20:10:09,2026-06-22 20:10:09,16.15,Mumbai,Andheri,bike,19,0,1,0.528752313433174,1
O01353,S020,P013,Snacks,2026-06-24 18:39:00,2026-06-24 18:49:00,2026-06-24 18:49:32,2026-06-24 18:49:32,10.533333333333333,Bengaluru,Malleshwaram,bike,18,0,1,0.49468875801583106,0
O00632,S018,P060,Beverages,2026-06-18 13:44:00,2026-06-18 13:54:00,2026-06-18 13:51:17,2026-06-18 13:51:17,7.283333333333333,Bengaluru,Electronic City,scooter,13,1,0,0.29046564813527476,0
O00184,S015,P003,Fruits & Vegetables,2026-06-12 18:15:00,2026-06-12 18:25:00,2026-06-12 18:22:09,2026-06-12 18:22:09,7.15,Bengaluru,Jayanagar,bike,18,1,0,0.6193280755970646,1
O01098,S008,P045,Personal Care,2026-06-15 17:15:00,2026-06-15 17:25:00,2026-06-15 17:22:23,2026-06-15 17:22:23,7.383333333333334,Mumbai,Worli,bike,17,1,0,0.3837404407748511,0
O00071,S012,P041,Bakery,2026-06-23 08:11:00,2026-06-23 08:21:00,2026-06-23 08:17:56,2026-06-23 08:17:56,6.933333333333334,Bengaluru,Indiranagar,bike,8,1,0,0.08211079818623312,0
O00130,S009,P038,Fruits & Vegetables,2026-06-27 17:23:00,2026-06-27 17:33:00,2026-06-27 17:33:30,2026-06-27 17:33:30,10.5,Mumbai,Kurla,bike,17,0,1,0.7299486211399574,1
O01214,S010,P019,Personal Care,2026-06-23 20:25:00,2026-06-23 20:35:00,2026-06-23 20:36:18,2026-06-23 20:36:18,11.3,Mumbai,Goregaon,bike,20,0,1,0.41045754729431444,0
O00481,S003,P032,Household,2026-06-21 23:20:00,2026-06-21 23:30:00,2026-06-21 23:28:54,2026-06-21 23:28:54,8.9,Mumbai,Powai,scooter,23,1,0,0.7182409930131817,1
O01218,S002,P007,Household,2026-06-16 08:03:00,2026-06-16 08:13:00,2026-06-16 08:14:35,2026-06-16 08:14:35,11.583333333333334,Mumbai,Bandra,bike,8,0,1,0.2873827327302379,0
O00945,S012,P031,Household,2026-06-27 11:41:00,2026-06-27 11:51:00,2026-06-27 11:51:08,2026-06-27 11:51:08,10.133333333333333,Bengaluru,Indiranagar,bike,11,0,1,0.08399338123450169,0
O01048,S010,P036,Snacks,2026-06-21 16:12:00,2026-06-21 16:22:00,2026-06-21 16:16:30,2026-06-21 16:16:30,4.5,Mumbai,Goregaon,bike,16,1,0,0.45060440221516646,0
O01511,S002,P046,Beverages,2026-06-09 01:54:00,2026-06-09 02:04:00,2026-06-09 02:02:50,2026-06-09 02:02:50,8.833333333333334,Mumbai,Bandra,bike,1,1,0,0.19353620717706457,0
O01038,S014,P053,Dairy,2026-06-05 15:31:00,2026-06-05 15:41:00,2026-06-05 15:37:23,2026-06-05 15:37:23,6.383333333333334,Bengaluru,HSR Layout,scooter,15,1,0,0.8624512851419194,1
O00859,S008,P054,Household,2026-06-14 16:41:00,2026-06-14 16:51:00,2026-06-14 16:48:33,2026-06-14 16:48:33,7.55,Mumbai,Worli,bike,16,1,0,0.4647280863277992,0
O00345,S012,P023,Bakery,2026-06-20 08:43:00,2026-06-20 08:53:00,2026-06-20 08:50:00,2026-06-20 08:50:00,7.0,Bengaluru,Indiranagar,bike,8,1,0,0.08211079818623312,0
O00076,S007,P006,Personal Care,2026-06-24 12:35:00,2026-06-24 12:45:00,2026-06-24 12:45:27,2026-06-24 12:45:27,10.45,Mumbai,Borivali,bike,12,0,1,0.7960984835430622,1
O00393,S011,P016,Fruits & Vegetables,2026-06-30 18:17:00,2026-06-30 18:27:00,2026-06-30 18:27:58,2026-06-30 18:27:58,10.966666666666667,Bengaluru,Koramangala,bike,18,0,1,0.8067959629936519,1
O01737,S004,P023,Household,2026-06-10 20:27:00,2026-06-10 20:37:00,2026-06-10 20:42:08,2026-06-10 20:42:08,15.133333333333333,Mumbai,Dadar,bike,20,0,1,0.5291280378805011,1
O01293,S009,P056,Personal Care,2026-06-27 13:20:00,2026-06-27 13:30:00,2026-06-27 13:28:27,2026-06-27 13:28:27,8.45,Mumbai,Kurla,bike,13,1,0,0.3596694947096333,0
O00206,S017,P018,Snacks,2026-06-24 13:27:00,2026-06-24 13:37:00,2026-06-24 13:38:00,2026-06-24 13:38:00,11.0,Bengaluru,JP Nagar,scooter,13,0,1,0.5454866314008076,1
O00298,S010,P010,Personal Care,2026-06-11 09:36:00,2026-06-11 09:46:00,2026-06-11 09:42:08,2026-06-11 09:42:08,6.133333333333334,Mumbai,Goregaon,bike,9,1,0,0.219375081676849,0
O00732,S005,P040,Bakery,2026-06-17 19:31:00,2026-06-17 19:41:00,2026-06-17 19:47:09,2026-06-17 19:47:09,16.15,Mumbai,Malad,bike,19,0,1,0.5427168849047052,1
O00209,S012,P040,Fruits & Vegetables,2026-06-09 17:50:00,2026-06-09 18:00:00,2026-06-09 17:59:40,2026-06-09 17:59:40,9.666666666666666,Bengaluru,Indiranagar,bike,17,1,0,0.25577827240452883,0
O01435,S012,P057,Household,2026-06-13 16:17:00,2026-06-13 16:27:00,2026-06-13 16:24:15,2026-06-13 16:24:15,7.25,Bengaluru,Indiranagar,bicycle,16,1,0,0.12164916750115162,0
O00633,S019,P039,Bakery,2026-06-21 19:56:00,2026-06-21 20:06:00,2026-06-21 20:02:36,2026-06-21 20:02:36,6.6,Bengaluru,Yelahanka,bike,19,1,0,0.5210310139267698,1
O00531,S011,P036,Grocery,2026-06-01 19:12:00,2026-06-01 19:22:00,2026-06-01 19:18:33,2026-06-01 19:18:33,6.55,Bengaluru,Koramangala,bike,19,1,0,0.7041490569796292,1
O01160,S007,P042,Grocery,2026-06-08 21:38:00,2026-06-08 21:48:00,2026-06-08 21:59:38,2026-06-08 21:59:38,21.633333333333333,Mumbai,Borivali,bike,21,0,1,0.9370833570666441,1
O00719,S017,P040,Dairy,2026-06-13 16:02:00,2026-06-13 16:12:00,2026-06-13 16:12:25,2026-06-13 16:12:25,10.416666666666666,Bengaluru,JP Nagar,bike,16,0,1,0.6222089660602987,1
O00871,S009,P013,Grocery,2026-06-03 15:28:00,2026-06-03 15:38:00,2026-06-03 15:34:32,2026-06-03 15:34:32,6.533333333333333,Mumbai,Kurla,bike,15,1,0,0.5460550364967733,1
O00191,S013,P033,Household,2026-06-08 12:05:00,2026-06-08 12:15:00,2026-06-08 12:12:40,2026-06-08 12:12:40,7.666666666666667,Bengaluru,Whitefield,scooter,12,1,0,0.3228448756669584,0
O00338,S004,P029,Bakery,2026-06-11 06:02:00,2026-06-11 06:12:00,2026-06-11 06:06:53,2026-06-11 06:06:53,4.883333333333334,Mumbai,Dadar,bike,6,1,0,0.306759075426676,0
O00192,S011,P051,Dairy,2026-06-05 04:58:00,2026-06-05 05:08:00,2026-06-05 05:07:25,2026-06-05 05:07:25,9.416666666666666,Bengaluru,Koramangala,bike,4,1,0,0.40040135332853827,0
O00667,S013,P013,Personal Care,2026-06-17 18:36:00,2026-06-17 18:46:00,2026-06-17 18:43:07,2026-06-17 18:43:07,7.116666666666666,Bengaluru,Whitefield,bike,18,1,0,0.34057628187987354,0
O00242,S010,P038,Household,2026-06-17 20:34:00,2026-06-17 20:44:00,2026-06-17 20:52:40,2026-06-17 20:52:40,18.666666666666668,Mumbai,Goregaon,bike,20,0,1,0.5131922807892086,1
O00421,S012,P059,Grocery,2026-06-23 18:36:00,2026-06-23 18:46:00,2026-06-23 18:41:05,2026-06-23 18:41:05,5.083333333333333,Bengaluru,Indiranagar,bicycle,18,1,0,0.16380053450544493,0
O00626,S009,P039,Fruits & Vegetables,2026-06-09 20:49:00,2026-06-09 20:59:00,2026-06-09 21:06:36,2026-06-09 21:06:36,17.6,Mumbai,Kurla,bike,20,0,1,0.7758754966202946,1
O00914,S011,P052,Grocery,2026-06-25 03:27:00,2026-06-25 03:37:00,2026-06-25 03:34:07,2026-06-25 03:34:07,7.116666666666666,Bengaluru,Koramangala,bike,3,1,0,0.3887703357784393,0
O01157,S011,P055,Bakery,2026-06-03 11:38:00,2026-06-03 11:48:00,2026-06-03 11:48:57,2026-06-03 11:48:57,10.95,Bengaluru,Koramangala,bike,11,0,1,0.5617573354096171,1
O01607,S002,P005,Personal Care,2026-06-27 19:09:00,2026-06-27 19:19:00,2026-06-27 19:22:46,2026-06-27 19:22:46,13.766666666666667,Mumbai,Bandra,bike,19,0,1,0.3975347565696165,0
O00655,S005,P017,Grocery,2026-06-16 18:35:00,2026-06-16 18:45:00,2026-06-16 18:41:13,2026-06-16 18:41:13,6.216666666666667,Mumbai,Malad,bike,18,1,0,0.5119569481188982,1
O01067,S005,P042,Grocery,2026-06-20 14:57:00,2026-06-20 15:07:00,2026-06-20 15:05:19,2026-06-20 15:05:19,8.316666666666666,Mumbai,Malad,bike,14,1,0,0.42994693393280453,0
O00435,S008,P011,Bakery,2026-06-03 19:02:00,2026-06-03 19:12:00,2026-06-03 19:18:54,2026-06-03 19:18:54,16.9,Mumbai,Worli,bike,19,0,1,0.5814705101642654,1
O01730,S018,P023,Snacks,2026-06-11 20:59:00,2026-06-11 21:09:00,2026-06-11 21:05:20,2026-06-11 21:05:20,6.333333333333333,Bengaluru,Electronic City,bike,20,1,0,0.4267399706163177,0
O00830,S009,P022,Bakery,2026-06-02 07:03:00,2026-06-02 07:13:00,2026-06-02 07:12:24,2026-06-02 07:12:24,9.4,Mumbai,Kurla,bike,7,1,0,0.39314930999692616,0
O01212,S016,P047,Fruits & Vegetables,2026-06-10 23:42:00,2026-06-10 23:52:00,2026-06-10 23:56:16,2026-06-10 23:56:16,14.266666666666667,Bengaluru,Marathahalli,bicycle,23,0,1,0.7575769383631052,1
O00251,S010,P050,Beverages,2026-06-23 09:45:00,2026-06-23 09:55:00,2026-06-23 09:49:44,2026-06-23 09:49:44,4.733333333333333,Mumbai,Goregaon,bike,9,1,0,0.3108415326813909,0
O01418,S014,P013,Beverages,2026-06-07 12:38:00,2026-06-07 12:48:00,2026-06-07 12:50:00,2026-06-07 12:50:00,12.0,Bengaluru,HSR Layout,bike,12,0,1,0.8173791164242439,1
O00582,S018,P033,Snacks,2026-06-03 14:08:00,2026-06-03 14:18:00,2026-06-03 14:20:31,2026-06-03 14:20:31,12.516666666666667,Bengaluru,Electronic City,scooter,14,0,1,0.3121640697941647,0
O00876,S005,P054,Snacks,2026-06-05 09:30:00,2026-06-05 09:40:00,2026-06-05 09:36:42,2026-06-05 09:36:42,6.7,Mumbai,Malad,bike,9,1,0,0.31060573079666937,0
O00439,S018,P017,Beverages,2026-06-10 09:03:00,2026-06-10 09:13:00,2026-06-10 09:09:40,2026-06-10 09:09:40,6.666666666666667,Bengaluru,Electronic City,bike,9,1,0,0.22740398798478484,0
O00772,S011,P046,Fruits & Vegetables,2026-06-13 12:34:00,2026-06-13 12:44:00,2026-06-13 12:44:19,2026-06-13 12:44:19,10.316666666666666,Bengaluru,Koramangala,bike,12,0,1,0.7179806880797516,1
O01673,S006,P016,Bakery,2026-06-24 22:00:00,2026-06-24 22:10:00,2026-06-24 22:14:31,2026-06-24 22:14:31,14.516666666666667,Mumbai,Chembur,bike,22,0,1,0.6760439773946462,1
O01286,S017,P030,Beverages,2026-06-10 20:18:00,2026-06-10 20:28:00,2026-06-10 20:26:45,2026-06-10 20:26:45,8.75,Bengaluru,JP Nagar,bike,20,1,0,0.6768116957789646,1
O01271,S007,P006,Grocery,2026-06-13 13:19:00,2026-06-13 13:29:00,2026-06-13 13:29:16,2026-06-13 13:29:16,10.266666666666667,Mumbai,Borivali,bike,13,0,1,0.8850505571366478,1
O01034,S013,P034,Personal Care,2026-06-04 11:37:00,2026-06-04 11:47:00,2026-06-04 11:41:55,2026-06-04 11:41:55,4.916666666666667,Bengaluru,Whitefield,bike,11,1,0,0.2247738203531943,0
O00415,S003,P018,Fruits & Vegetables,2026-06-05 13:41:00,2026-06-05 13:51:00,2026-06-05 13:53:18,2026-06-05 13:53:18,12.3,Mumbai,Powai,scooter,13,0,1,0.7185726046355061,1
O00230,S005,P021,Household,2026-06-24 23:22:00,2026-06-24 23:32:00,2026-06-24 23:30:13,2026-06-24 23:30:13,8.216666666666667,Mumbai,Malad,bicycle,23,1,0,0.5691742221050179,1
O01680,S015,P045,Beverages,2026-06-19 10:02:00,2026-06-19 10:12:00,2026-06-19 10:13:22,2026-06-19 10:13:22,11.366666666666667,Bengaluru,Jayanagar,bike,10,0,1,0.2806490536453274,0
O01441,S017,P043,Dairy,2026-06-03 18:09:00,2026-06-03 18:19:00,2026-06-03 18:20:14,2026-06-03 18:20:14,11.233333333333333,Bengaluru,JP Nagar,bike,18,0,1,0.6601330212843707,1
O01548,S018,P040,Personal Care,2026-06-23 08:26:00,2026-06-23 08:36:00,2026-06-23 08:32:03,2026-06-23 08:32:03,6.05,Bengaluru,Electronic City,bike,8,1,0,0.14447261564329167,0
O01027,S018,P040,Bakery,2026-06-23 11:51:00,2026-06-23 12:01:00,2026-06-23 12:00:03,2026-06-23 12:00:03,9.05,Bengaluru,Electronic City,bike,11,1,0,0.29035980209833034,0
O01417,S007,P010,Fruits & Vegetables,2026-06-17 13:21:00,2026-06-17 13:31:00,2026-06-17 13:35:08,2026-06-17 13:35:08,14.133333333333333,Mumbai,Borivali,bike,13,0,1,0.9361846030139609,1
O00344,S016,P034,Household,2026-06-20 12:25:00,2026-06-20 12:35:00,2026-06-20 12:35:10,2026-06-20 12:35:10,10.166666666666666,Bengaluru,Marathahalli,bike,12,0,1,0.3556723263657167,0
O01189,S020,P034,Beverages,2026-06-30 14:48:00,2026-06-30 14:58:00,2026-06-30 14:55:37,2026-06-30 14:55:37,7.616666666666666,Bengaluru,Malleshwaram,bike,14,1,0,0.4081118574491455,0
O01454,S005,P020,Beverages,2026-06-24 23:00:00,2026-06-24 23:10:00,2026-06-24 23:05:06,2026-06-24 23:05:06,5.1,Mumbai,Malad,bike,23,1,0,0.5834010886165352,1
O01656,S001,P022,Household,2026-06-11 11:28:00,2026-06-11 11:38:00,2026-06-11 11:36:49,2026-06-11 11:36:49,8.816666666666666,Mumbai,Andheri,bike,11,1,0,0.34897060204429303,0
O00104,S009,P027,Bakery,2026-06-16 09:35:00,2026-06-16 09:45:00,2026-06-16 09:41:43,2026-06-16 09:41:43,6.716666666666667,Mumbai,Kurla,bike,9,1,0,0.43311798325538825,0
O01689,S001,P054,Personal Care,2026-06-24 08:42:00,2026-06-24 08:52:00,2026-06-24 08:51:49,2026-06-24 08:51:49,9.816666666666666,Mumbai,Andheri,bike,8,1,0,0.21655587515122113,0
O01026,S009,P058,Dairy,2026-06-23 12:41:00,2026-06-23 12:51:00,2026-06-23 12:47:29,2026-06-23 12:47:29,6.483333333333333,Mumbai,Kurla,bike,12,1,0,0.47590122297961157,0
O01661,S008,P025,Dairy,2026-06-13 17:54:00,2026-06-13 18:04:00,2026-06-13 18:04:04,2026-06-13 18:04:04,10.066666666666666,Mumbai,Worli,scooter,17,0,1,0.5222611133803612,1
O01785,S009,P050,Dairy,2026-06-07 16:55:00,2026-06-07 17:05:00,2026-06-07 17:02:04,2026-06-07 17:02:04,7.066666666666666,Mumbai,Kurla,bike,16,1,0,0.5580951109087763,1
O00449,S005,P003,Fruits & Vegetables,2026-06-03 23:27:00,2026-06-03 23:37:00,2026-06-03 23:35:55,2026-06-03 23:35:55,8.916666666666666,Mumbai,Malad,bike,23,1,0,0.7511739994956751,1
O00935,S006,P017,Personal Care,2026-06-13 09:09:00,2026-06-13 09:19:00,2026-06-13 09:18:03,2026-06-13 09:18:03,9.05,Mumbai,Chembur,bike,9,1,0,0.2740636457352121,0
O01507,S001,P030,Grocery,2026-06-12 14:54:00,2026-06-12 15:04:00,2026-06-12 14:59:09,2026-06-12 14:59:09,5.15,Mumbai,Andheri,bike,14,1,0,0.4515515260240214,0
O00337,S004,P054,Dairy,2026-06-12 11:29:00,2026-06-12 11:39:00,2026-06-12 11:36:46,2026-06-12 11:36:46,7.766666666666667,Mumbai,Dadar,bike,11,1,0,0.38279740094612885,0
O00991,S014,P007,Bakery,2026-06-22 18:52:00,2026-06-22 19:02:00,2026-06-22 19:03:27,2026-06-22 19:03:27,11.45,Bengaluru,HSR Layout,bike,18,0,1,0.8964127034454527,1
O01405,S003,P017,Household,2026-06-23 17:51:00,2026-06-23 18:01:00,2026-06-23 17:57:46,2026-06-23 17:57:46,6.766666666666667,Mumbai,Powai,bike,17,1,0,0.6084725501407171,1
O01315,S001,P024,Bakery,2026-06-05 21:03:00,2026-06-05 21:13:00,2026-06-05 21:19:55,2026-06-05 21:19:55,16.916666666666668,Mumbai,Andheri,bike,21,0,1,0.6044163925776905,1
O00007,S014,P014,Personal Care,2026-06-23 11:42:00,2026-06-23 11:52:00,2026-06-23 11:52:13,2026-06-23 11:52:13,10.216666666666667,Bengaluru,HSR Layout,scooter,11,0,1,0.7197235491815864,1
O01187,S003,P022,Grocery,2026-06-19 09:31:00,2026-06-19 09:41:00,2026-06-19 09:39:36,2026-06-19 09:39:36,8.6,Mumbai,Powai,bike,9,1,0,0.4907065347947002,0
O00556,S004,P013,Bakery,2026-06-11 12:42:00,2026-06-11 12:52:00,2026-06-11 12:49:52,2026-06-11 12:49:52,7.866666666666666,Mumbai,Dadar,bike,12,1,0,0.420564119089147,0
O00637,S001,P050,Fruits & Vegetables,2026-06-26 10:14:00,2026-06-26 10:24:00,2026-06-26 10:22:35,2026-06-26 10:22:35,8.583333333333334,Mumbai,Andheri,bike,10,1,0,0.5300530799918751,1
O00426,S005,P011,Fruits & Vegetables,2026-06-26 17:31:00,2026-06-26 17:41:00,2026-06-26 17:40:07,2026-06-26 17:40:07,9.116666666666667,Mumbai,Malad,bike,17,1,0,0.6479468681139594,1
O00661,S017,P043,Snacks,2026-06-02 20:08:00,2026-06-02 20:18:00,2026-06-02 20:18:08,2026-06-02 20:18:08,10.133333333333333,Bengaluru,JP Nagar,bike,20,0,1,0.6813068314322727,1
O00546,S002,P012,Beverages,2026-06-18 06:52:00,2026-06-18 07:02:00,2026-06-18 07:00:07,2026-06-18 07:00:07,8.116666666666667,Mumbai,Bandra,bike,6,1,0,0.2660388650617224,0
O01360,S017,P049,Household,2026-06-04 21:29:00,2026-06-04 21:39:00,2026-06-04 21:39:54,2026-06-04 21:39:54,10.9,Bengaluru,JP Nagar,bike,21,0,1,0.6820840570114876,1
O01631,S008,P049,Snacks,2026-06-13 07:48:00,2026-06-13 07:58:00,2026-06-13 07:58:29,2026-06-13 07:58:29,10.483333333333333,Mumbai,Worli,bike,7,0,1,0.3090181700535591,0
O00204,S007,P019,Household,2026-06-28 19:55:00,2026-06-28 20:05:00,2026-06-28 20:13:51,2026-06-28 20:13:51,18.85,Mumbai,Borivali,bike,19,0,1,0.9132733799666337,1
O00034,S001,P012,Household,2026-06-26 21:51:00,2026-06-26 22:01:00,2026-06-26 22:03:43,2026-06-26 22:03:43,12.716666666666667,Mumbai,Andheri,bike,21,0,1,0.5501295947961843,1
O00722,S016,P055,Bakery,2026-06-18 19:38:00,2026-06-18 19:48:00,2026-06-18 19:47:15,2026-06-18 19:47:15,9.25,Bengaluru,Marathahalli,bike,19,1,0,0.5512796489467373,1
O01792,S013,P055,Beverages,2026-06-05 18:34:00,2026-06-05 18:44:00,2026-06-05 18:42:50,2026-06-05 18:42:50,8.833333333333334,Bengaluru,Whitefield,bike,18,1,0,0.4532362340277814,0
O00355,S008,P020,Grocery,2026-06-15 10:55:00,2026-06-15 11:05:00,2026-06-15 11:04:30,2026-06-15 11:04:30,9.5,Mumbai,Worli,bike,10,1,0,0.3883045861328808,0
O00923,S018,P021,Grocery,2026-06-15 18:27:00,2026-06-15 18:37:00,2026-06-15 18:31:44,2026-06-15 18:31:44,4.733333333333333,Bengaluru,Electronic City,bicycle,18,1,0,0.41161906882655297,0
O01149,S007,P060,Personal Care,2026-06-12 21:12:00,2026-06-12 21:22:00,2026-06-12 21:34:41,2026-06-12 21:34:41,22.683333333333334,Mumbai,Borivali,scooter,21,0,1,0.8913272995158038,1
O00864,S007,P036,Grocery,2026-06-22 11:22:00,2026-06-22 11:32:00,2026-06-22 11:33:01,2026-06-22 11:33:01,11.016666666666667,Mumbai,Borivali,bike,11,0,1,0.8671740495263999,1
O00713,S002,P013,Beverages,2026-06-15 12:19:00,2026-06-15 12:29:00,2026-06-15 12:26:54,2026-06-15 12:26:54,7.9,Mumbai,Bandra,bike,12,1,0,0.37286233390850076,0
O01781,S019,P056,Grocery,2026-06-13 19:40:00,2026-06-13 19:50:00,2026-06-13 19:48:46,2026-06-13 19:48:46,8.766666666666667,Bengaluru,Yelahanka,bike,19,1,0,0.510798742987774,1
O01469,S004,P058,Dairy,2026-06-24 21:48:00,2026-06-24 21:58:00,2026-06-24 22:04:01,2026-06-24 22:04:01,16.016666666666666,Mumbai,Dadar,bike,21,0,1,0.5859068764708016,1
O00140,S006,P008,Grocery,2026-06-05 01:50:00,2026-06-05 02:00:00,2026-06-05 02:04:11,2026-06-05 02:04:11,14.183333333333334,Mumbai,Chembur,bike,1,0,1,0.26166729771503494,0
O00286,S018,P038,Dairy,2026-06-21 18:35:00,2026-06-21 18:45:00,2026-06-21 18:43:22,2026-06-21 18:43:22,8.366666666666667,Bengaluru,Electronic City,bike,18,1,0,0.40346179800958565,0
O01751,S015,P043,Beverages,2026-06-25 21:20:00,2026-06-25 21:30:00,2026-06-25 21:26:12,2026-06-25 21:26:12,6.2,Bengaluru,Jayanagar,bike,21,1,0,0.4914991220692902,0
O01526,S007,P058,Dairy,2026-06-29 13:10:00,2026-06-29 13:20:00,2026-06-29 13:21:43,2026-06-29 13:21:43,11.716666666666667,Mumbai,Borivali,bike,13,0,1,0.8815684128435232,1
O00888,S012,P007,Household,2026-06-27 07:08:00,2026-06-27 07:18:00,2026-06-27 07:13:54,2026-06-27 07:13:54,5.9,Bengaluru,Indiranagar,bike,7,1,0,0.061850440211734886,0
O01322,S002,P039,Dairy,2026-06-17 08:25:00,2026-06-17 08:35:00,2026-06-17 08:32:24,2026-06-17 08:32:24,7.4,Mumbai,Bandra,bike,8,1,0,0.3186071908788771,0
O01615,S019,P024,Household,2026-06-25 17:28:00,2026-06-25 17:38:00,2026-06-25 17:38:18,2026-06-25 17:38:18,10.3,Bengaluru,Yelahanka,bike,17,0,1,0.4247056616705934,0
O01748,S004,P031,Bakery,2026-06-24 20:36:00,2026-06-24 20:46:00,2026-06-24 20:50:21,2026-06-24 20:50:21,14.35,Mumbai,Dadar,bike,20,0,1,0.5840328867367977,1
O00045,S020,P042,Household,2026-06-15 13:43:00,2026-06-15 13:53:00,2026-06-15 13:52:14,2026-06-15 13:52:14,9.233333333333333,Bengaluru,Malleshwaram,bike,13,1,0,0.37460279453169315,0
O00861,S010,P011,Beverages,2026-06-08 14:18:00,2026-06-08 14:28:00,2026-06-08 14:25:05,2026-06-08 14:25:05,7.083333333333333,Mumbai,Goregaon,bike,14,1,0,0.4052089567128305,0
O00958,S015,P013,Beverages,2026-06-23 20:03:00,2026-06-23 20:13:00,2026-06-23 20:10:52,2026-06-23 20:10:52,7.866666666666666,Bengaluru,Jayanagar,bike,20,1,0,0.4709121487311316,0
O01736,S004,P030,Grocery,2026-06-01 12:26:00,2026-06-01 12:36:00,2026-06-01 12:31:27,2026-06-01 12:31:27,5.45,Mumbai,Dadar,bike,12,1,0,0.4106134256128283,0
O00829,S016,P032,Dairy,2026-06-06 18:02:00,2026-06-06 18:12:00,2026-06-06 18:12:59,2026-06-06 18:12:59,10.983333333333333,Bengaluru,Marathahalli,scooter,18,0,1,0.5121498431401352,1
O01243,S005,P010,Fruits & Vegetables,2026-06-19 19:03:00,2026-06-19 19:13:00,2026-06-19 19:21:31,2026-06-19 19:21:31,18.516666666666666,Mumbai,Malad,bike,19,0,1,0.6845969400876573,1
O00686,S001,P050,Beverages,2026-06-06 23:39:00,2026-06-06 23:49:00,2026-06-06 23:47:30,2026-06-06 23:47:30,8.5,Mumbai,Andheri,bike,23,1,0,0.604539194273745,1
O01502,S010,P055,Bakery,2026-06-14 16:36:00,2026-06-14 16:46:00,2026-06-14 16:41:34,2026-06-14 16:41:34,5.566666666666666,Mumbai,Goregaon,bike,16,1,0,0.48639927176751324,0
O00270,S014,P045,Bakery,2026-06-25 15:42:00,2026-06-25 15:52:00,2026-06-25 15:56:12,2026-06-25 15:56:12,14.2,Bengaluru,HSR Layout,bike,15,0,1,0.8710817984821935,1
O00703,S004,P012,Household,2026-06-27 20:46:00,2026-06-27 20:56:00,2026-06-27 21:03:50,2026-06-27 21:03:50,17.833333333333332,Mumbai,Dadar,bike,20,0,1,0.5291280378805011,1
O00310,S019,P031,Beverages,2026-06-02 21:43:00,2026-06-02 21:53:00,2026-06-02 21:49:06,2026-06-02 21:49:06,6.1,Bengaluru,Yelahanka,bike,21,1,0,0.5211591936744091,1
O00815,S003,P003,Dairy,2026-06-16 18:30:00,2026-06-16 18:40:00,2026-06-16 18:41:20,2026-06-16 18:41:20,11.333333333333334,Mumbai,Powai,bike,18,0,1,0.661799097306095,1
O00690,S007,P035,Beverages,2026-06-18 14:46:00,2026-06-18 14:56:00,2026-06-18 14:58:07,2026-06-18 14:58:07,12.116666666666667,Mumbai,Borivali,bike,14,0,1,0.8808140737715558,1
O01659,S010,P049,Household,2026-06-15 18:01:00,2026-06-15 18:11:00,2026-06-15 18:09:29,2026-06-15 18:09:29,8.483333333333333,Mumbai,Goregaon,bike,18,1,0,0.4719866378995288,0
O01173,S012,P032,Fruits & Vegetables,2026-06-30 13:25:00,2026-06-30 13:35:00,2026-06-30 13:35:36,2026-06-30 13:35:36,10.6,Bengaluru,Indiranagar,scooter,13,0,1,0.19814437494567216,0
O01269,S017,P040,Dairy,2026-06-07 23:37:00,2026-06-07 23:47:00,2026-06-07 23:46:08,2026-06-07 23:46:08,9.133333333333333,Bengaluru,JP Nagar,bike,23,1,0,0.7457870458391495,1
O00287,S012,P042,Fruits & Vegetables,2026-06-26 15:44:00,2026-06-26 15:54:00,2026-06-26 15:51:32,2026-06-26 15:51:32,7.533333333333333,Bengaluru,Indiranagar,bike,15,1,0,0.22566021986661852,0
O01423,S006,P033,Bakery,2026-06-24 11:58:00,2026-06-24 12:08:00,2026-06-24 12:06:03,2026-06-24 12:06:03,8.05,Mumbai,Chembur,scooter,11,1,0,0.45720813182801584,0
O01143,S001,P017,Snacks,2026-06-23 21:20:00,2026-06-23 21:30:00,2026-06-23 21:32:18,2026-06-23 21:32:18,12.3,Mumbai,Andheri,bike,21,0,1,0.5695679364591337,1
O00747,S017,P044,Dairy,2026-06-07 18:29:00,2026-06-07 18:39:00,2026-06-07 18:35:52,2026-06-07 18:35:52,6.866666666666666,Bengaluru,JP Nagar,scooter,18,1,0,0.6601330212843707,1
O01695,S011,P051,Snacks,2026-06-07 14:28:00,2026-06-07 14:38:00,2026-06-07 14:38:14,2026-06-07 14:38:14,10.233333333333333,Bengaluru,Koramangala,bike,14,0,1,0.5870813967712986,1
O01734,S003,P012,Snacks,2026-06-06 19:07:00,2026-06-06 19:17:00,2026-06-06 19:26:36,2026-06-06 19:26:36,19.6,Mumbai,Powai,bike,19,0,1,0.6647963957042523,1
O00055,S011,P058,Snacks,2026-06-05 08:24:00,2026-06-05 08:34:00,2026-06-05 08:32:00,2026-06-05 08:32:00,8.0,Bengaluru,Koramangala,bike,8,1,0,0.46432475644433074,0
O00100,S012,P040,Bakery,2026-06-21 13:03:00,2026-06-21 13:13:00,2026-06-21 13:08:22,2026-06-21 13:08:22,5.366666666666666,Bengaluru,Indiranagar,bike,13,1,0,0.11903226246024008,0
O00928,S003,P046,Snacks,2026-06-19 11:04:00,2026-06-19 11:14:00,2026-06-19 11:12:58,2026-06-19 11:12:58,8.966666666666667,Mumbai,Powai,bike,11,1,0,0.506233064250911,1
O00456,S010,P020,Beverages,2026-06-27 14:44:00,2026-06-27 14:54:00,2026-06-27 14:52:56,2026-06-27 14:52:56,8.933333333333334,Mumbai,Goregaon,bike,14,1,0,0.4052089567128305,0
O01634,S001,P040,Fruits & Vegetables,2026-06-30 06:14:00,2026-06-30 06:24:00,2026-06-30 06:23:40,2026-06-30 06:23:40,9.666666666666666,Mumbai,Andheri,bike,6,1,0,0.44780406016345864,0
O01479,S006,P019,Snacks,2026-06-18 16:54:00,2026-06-18 17:04:00,2026-06-18 16:59:47,2026-06-18 16:59:47,5.783333333333333,Mumbai,Chembur,bike,16,1,0,0.5242262313145946,1
O01544,S002,P028,Snacks,2026-06-30 18:33:00,2026-06-30 18:43:00,2026-06-30 18:37:34,2026-06-30 18:37:34,4.566666666666666,Mumbai,Bandra,bike,18,1,0,0.49888152341152,0
O01336,S005,P037,Bakery,2026-06-04 19:09:00,2026-06-04 19:19:00,2026-06-04 19:22:34,2026-06-04 19:22:34,13.566666666666666,Mumbai,Malad,scooter,19,0,1,0.5427168849047052,1
O01379,S003,P032,Snacks,2026-06-07 18:24:00,2026-06-07 18:34:00,2026-06-07 18:35:12,2026-06-07 18:35:12,11.2,Mumbai,Powai,scooter,18,0,1,0.6461746873140938,1
O00001,S001,P044,Snacks,2026-06-22 20:48:00,2026-06-22 20:58:00,2026-06-22 20:59:19,2026-06-22 20:59:19,11.316666666666666,Mumbai,Andheri,scooter,20,0,1,0.5492429616599168,1
O00575,S007,P038,Dairy,2026-06-21 20:01:00,2026-06-21 20:11:00,2026-06-21 20:19:59,2026-06-21 20:19:59,18.983333333333334,Mumbai,Borivali,bike,20,0,1,0.9298703923954379,1
O01655,S020,P019,Bakery,2026-06-19 13:38:00,2026-06-19 13:48:00,2026-06-19 13:45:47,2026-06-19 13:45:47,7.783333333333333,Bengaluru,Malleshwaram,bike,13,1,0,0.4280494376719663,0
O01623,S014,P047,Fruits & Vegetables,2026-06-16 20:16:00,2026-06-16 20:26:00,2026-06-16 20:28:15,2026-06-16 20:28:15,12.25,Bengaluru,HSR Layout,bicycle,20,0,1,0.9491473728340941,1
O01179,S013,P046,Snacks,2026-06-17 21:56:00,2026-06-17 22:06:00,2026-06-17 22:00:40,2026-06-17 22:00:40,4.666666666666667,Bengaluru,Whitefield,bike,21,1,0,0.5201019340759779,1
O00854,S018,P058,Beverages,2026-06-15 17:51:00,2026-06-15 18:01:00,2026-06-15 17:59:29,2026-06-15 17:59:29,8.483333333333333,Bengaluru,Electronic City,bike,17,1,0,0.3628029687350962,0
O00170,S020,P021,Household,2026-06-05 13:30:00,2026-06-05 13:40:00,2026-06-05 13:37:17,2026-06-05 13:37:17,7.283333333333333,Bengaluru,Malleshwaram,bicycle,13,1,0,0.37460279453169315,0
O01288,S009,P060,Dairy,2026-06-09 20:03:00,2026-06-09 20:13:00,2026-06-09 20:21:44,2026-06-09 20:21:44,18.733333333333334,Mumbai,Kurla,scooter,20,0,1,0.6372248367062959,1
O01663,S013,P036,Fruits & Vegetables,2026-06-12 19:26:00,2026-06-12 19:36:00,2026-06-12 19:36:58,2026-06-12 19:36:58,10.966666666666667,Bengaluru,Whitefield,bike,19,0,1,0.6599351489055044,1
O00775,S014,P056,Bakery,2026-06-29 19:38:00,2026-06-29 19:48:00,2026-06-29 19:52:00,2026-06-29 19:52:00,14.0,Bengaluru,HSR Layout,bike,19,0,1,0.9038246563257102,1
O00610,S019,P056,Beverages,2026-06-16 08:48:00,2026-06-16 08:58:00,2026-06-16 08:55:16,2026-06-16 08:55:16,7.266666666666667,Bengaluru,Yelahanka,bike,8,1,0,0.2714056590166608,0
O00212,S015,P024,Household,2026-06-15 19:36:00,2026-06-15 19:46:00,2026-06-15 19:46:32,2026-06-15 19:46:32,10.533333333333333,Bengaluru,Jayanagar,bike,19,0,1,0.43604542399770013,0
O01434,S018,P058,Bakery,2026-06-29 15:16:00,2026-06-29 15:26:00,2026-06-29 15:23:51,2026-06-29 15:23:51,7.85,Bengaluru,Electronic City,bike,15,1,0,0.36268423691974994,0
O01718,S015,P024,Household,2026-06-07 18:45:00,2026-06-07 18:55:00,2026-06-07 18:52:57,2026-06-07 18:52:57,7.95,Bengaluru,Jayanagar,bike,18,1,0,0.4158815188117111,0
O00869,S002,P009,Snacks,2026-06-10 02:39:00,2026-06-10 02:49:00,2026-06-10 02:47:50,2026-06-10 02:47:50,8.833333333333334,Mumbai,Bandra,bike,2,1,0,0.21013826076023784,0
O00993,S013,P003,Snacks,2026-06-14 20:19:00,2026-06-14 20:29:00,2026-06-14 20:25:45,2026-06-14 20:25:45,6.75,Bengaluru,Whitefield,bike,20,1,0,0.4994937393576976,0
O01638,S006,P021,Dairy,2026-06-19 15:43:00,2026-06-19 15:53:00,2026-06-19 15:49:49,2026-06-19 15:49:49,6.816666666666666,Mumbai,Chembur,bicycle,15,1,0,0.5208778760051297,1
O01190,S011,P021,Personal Care,2026-06-12 18:24:00,2026-06-12 18:34:00,2026-06-12 18:34:54,2026-06-12 18:34:54,10.9,Bengaluru,Koramangala,bicycle,18,0,1,0.5468788397152576,1
O01159,S010,P016,Fruits & Vegetables,2026-06-25 09:05:00,2026-06-25 09:15:00,2026-06-25 09:14:45,2026-06-25 09:14:45,9.75,Mumbai,Goregaon,bike,9,1,0,0.4929865722813808,0
O00913,S003,P043,Bakery,2026-06-26 14:18:00,2026-06-26 14:28:00,2026-06-26 14:25:48,2026-06-26 14:25:48,7.8,Mumbai,Powai,bike,14,1,0,0.6025675055455559,1
O00259,S003,P042,Personal Care,2026-06-18 19:54:00,2026-06-18 20:04:00,2026-06-18 20:11:58,2026-06-18 20:11:58,17.966666666666665,Mumbai,Powai,bike,19,0,1,0.5476035953781546,1
O01259,S009,P015,Bakery,2026-06-13 12:23:00,2026-06-13 12:33:00,2026-06-13 12:30:37,2026-06-13 12:30:37,7.616666666666666,Mumbai,Kurla,bike,12,1,0,0.49457206394617326,0
O00056,S014,P022,Bakery,2026-06-14 06:53:00,2026-06-14 07:03:00,2026-06-14 07:01:32,2026-06-14 07:01:32,8.533333333333333,Bengaluru,HSR Layout,bike,6,1,0,0.7628326170156807,1
O01248,S001,P028,Dairy,2026-06-16 14:43:00,2026-06-16 14:53:00,2026-06-16 14:54:33,2026-06-16 14:54:33,11.55,Mumbai,Andheri,bike,14,0,1,0.4431989879410251,0
O00900,S004,P060,Personal Care,2026-06-30 15:45:00,2026-06-30 15:55:00,2026-06-30 15:55:12,2026-06-30 15:55:12,10.2,Mumbai,Dadar,scooter,15,0,1,0.32946802243429707,0
O01599,S011,P007,Household,2026-06-30 09:58:00,2026-06-30 10:08:00,2026-06-30 10:08:41,2026-06-30 10:08:41,10.683333333333334,Bengaluru,Koramangala,bike,9,0,1,0.4652157867019063,0
O01357,S018,P050,Dairy,2026-06-20 12:22:00,2026-06-20 12:32:00,2026-06-20 12:30:58,2026-06-20 12:30:58,8.966666666666667,Bengaluru,Electronic City,bike,12,1,0,0.29195285630183876,0
O00211,S005,P005,Personal Care,2026-06-25 17:23:00,2026-06-25 17:33:00,2026-06-25 17:28:10,2026-06-25 17:28:10,5.166666666666667,Mumbai,Malad,bike,17,1,0,0.3472317669769734,0
O00110,S005,P032,Grocery,2026-06-05 15:37:00,2026-06-05 15:47:00,2026-06-05 15:42:15,2026-06-05 15:42:15,5.25,Mumbai,Malad,scooter,15,1,0,0.4502671105016084,0
O00631,S005,P034,Dairy,2026-06-01 04:22:00,2026-06-01 04:32:00,2026-06-01 04:30:13,2026-06-01 04:30:13,8.216666666666667,Mumbai,Malad,bike,4,1,0,0.24220758697357084,0
O01307,S002,P039,Dairy,2026-06-06 13:21:00,2026-06-06 13:31:00,2026-06-06 13:26:13,2026-06-06 13:26:13,5.216666666666667,Mumbai,Bandra,bike,13,1,0,0.41391619521919226,0
O01071,S009,P044,Household,2026-06-07 06:39:00,2026-06-07 06:49:00,2026-06-07 06:45:12,2026-06-07 06:45:12,6.2,Mumbai,Kurla,scooter,6,1,0,0.3231624113544112,0
O00190,S008,P053,Bakery,2026-06-29 12:01:00,2026-06-29 12:11:00,2026-06-29 12:11:20,2026-06-29 12:11:20,10.333333333333334,Mumbai,Worli,scooter,12,0,1,0.43818778547453785,0
O00891,S005,P060,Grocery,2026-06-16 12:44:00,2026-06-16 12:54:00,2026-06-16 12:48:41,2026-06-16 12:48:41,4.683333333333334,Mumbai,Malad,scooter,12,1,0,0.39006953250455745,0
O01215,S019,P056,Grocery,2026-06-28 21:19:00,2026-06-28 21:29:00,2026-06-28 21:26:42,2026-06-28 21:26:42,7.7,Bengaluru,Yelahanka,bike,21,1,0,0.5518514110460313,1
O00525,S006,P033,Household,2026-06-23 07:22:00,2026-06-23 07:32:00,2026-06-23 07:28:04,2026-06-23 07:28:04,6.066666666666666,Mumbai,Chembur,scooter,7,1,0,0.32646907796390884,0
O00994,S015,P040,Beverages,2026-06-11 22:55:00,2026-06-11 23:05:00,2026-06-11 23:06:45,2026-06-11 23:06:45,11.75,Bengaluru,Jayanagar,bike,22,0,1,0.5121149671479839,1
O00463,S015,P012,Bakery,2026-06-19 16:22:00,2026-06-19 16:32:00,2026-06-19 16:33:00,2026-06-19 16:33:00,11.0,Bengaluru,Jayanagar,bike,16,0,1,0.4299760534582713,0
O00123,S002,P059,Bakery,2026-06-27 21:18:00,2026-06-27 21:28:00,2026-06-27 21:33:54,2026-06-27 21:33:54,15.9,Mumbai,Bandra,bicycle,21,0,1,0.5955042135393026,1
O00403,S009,P055,Household,2026-06-30 19:44:00,2026-06-30 19:54:00,2026-06-30 19:59:54,2026-06-30 19:59:54,15.9,Mumbai,Kurla,bike,19,0,1,0.5824681178665749,1
O00267,S011,P020,Grocery,2026-06-09 18:44:00,2026-06-09 18:54:00,2026-06-09 18:53:20,2026-06-09 18:53:20,9.333333333333334,Bengaluru,Koramangala,bike,18,1,0,0.686683185056922,1
O01253,S006,P024,Snacks,2026-06-11 21:15:00,2026-06-11 21:25:00,2026-06-11 21:33:43,2026-06-11 21:33:43,18.716666666666665,Mumbai,Chembur,bike,21,0,1,0.6246568031536975,1
O00201,S006,P054,Bakery,2026-06-23 14:11:00,2026-06-23 14:21:00,2026-06-23 14:19:47,2026-06-23 14:19:47,8.783333333333333,Mumbai,Chembur,bike,14,1,0,0.5189512179307786,1
O01612,S008,P020,Personal Care,2026-06-24 19:08:00,2026-06-24 19:18:00,2026-06-24 19:22:46,2026-06-24 19:22:46,14.766666666666667,Mumbai,Worli,bike,19,0,1,0.42341998624848576,0
O00207,S006,P035,Beverages,2026-06-11 07:20:00,2026-06-11 07:30:00,2026-06-11 07:27:36,2026-06-11 07:27:36,7.6,Mumbai,Chembur,bike,7,1,0,0.3394086770526576,0
O00886,S003,P033,Personal Care,2026-06-25 17:48:00,2026-06-25 17:58:00,2026-06-25 17:53:15,2026-06-25 17:53:15,5.25,Mumbai,Powai,scooter,17,1,0,0.506509775696364,1
O00398,S001,P060,Fruits & Vegetables,2026-06-01 09:22:00,2026-06-01 09:32:00,2026-06-01 09:28:32,2026-06-01 09:28:32,6.533333333333333,Mumbai,Andheri,scooter,9,1,0,0.5094691817496028,1
O00683,S014,P050,Dairy,2026-06-25 07:35:00,2026-06-25 07:45:00,2026-06-25 07:47:07,2026-06-25 07:47:07,12.116666666666667,Bengaluru,HSR Layout,bike,7,0,1,0.7642262760782192,1
O01035,S012,P030,Snacks,2026-06-05 18:53:00,2026-06-05 19:03:00,2026-06-05 18:59:43,2026-06-05 18:59:43,6.716666666666667,Bengaluru,Indiranagar,bike,18,1,0,0.1501968021911972,0
O01476,S018,P055,Dairy,2026-06-26 06:27:00,2026-06-26 06:37:00,2026-06-26 06:35:57,2026-06-26 06:35:57,8.95,Bengaluru,Electronic City,bike,6,1,0,0.20088452737860757,0
O00987,S014,P006,Grocery,2026-06-17 11:29:00,2026-06-17 11:39:00,2026-06-17 11:39:11,2026-06-17 11:39:11,10.183333333333334,Bengaluru,HSR Layout,bike,11,0,1,0.8234183724656652,1
O01196,S016,P043,Snacks,2026-06-24 12:38:00,2026-06-24 12:48:00,2026-06-24 12:48:13,2026-06-24 12:48:13,10.216666666666667,Bengaluru,Marathahalli,bike,12,0,1,0.3739511353790649,0
O00613,S017,P030,Household,2026-06-23 00:43:00,2026-06-23 00:53:00,2026-06-23 00:53:33,2026-06-23 00:53:33,10.55,Bengaluru,JP Nagar,bike,0,0,1,0.2751530300801568,0
O00764,S019,P054,Bakery,2026-06-04 16:29:00,2026-06-04 16:39:00,2026-06-04 16:36:41,2026-06-04 16:36:41,7.683333333333334,Bengaluru,Yelahanka,bike,16,1,0,0.45927672847418244,0
O00676,S003,P047,Household,2026-06-26 14:31:00,2026-06-26 14:41:00,2026-06-26 14:41:07,2026-06-26 14:41:07,10.116666666666667,Mumbai,Powai,bicycle,14,0,1,0.5482166342421005,1
O00218,S017,P015,Snacks,2026-06-07 19:15:00,2026-06-07 19:25:00,2026-06-07 19:23:39,2026-06-07 19:23:39,8.65,Bengaluru,JP Nagar,bike,19,1,0,0.6631375694250691,1
O00407,S012,P026,Grocery,2026-06-22 11:52:00,2026-06-22 12:02:00,2026-06-22 11:59:58,2026-06-22 11:59:58,7.966666666666667,Bengaluru,Indiranagar,scooter,11,1,0,0.0990744752517716,0
O01580,S009,P034,Household,2026-06-20 20:36:00,2026-06-20 20:46:00,2026-06-20 20:52:09,2026-06-20 20:52:09,16.15,Mumbai,Kurla,bike,20,0,1,0.6023795182871851,1
O00522,S010,P029,Dairy,2026-06-05 13:44:00,2026-06-05 13:54:00,2026-06-05 13:49:36,2026-06-05 13:49:36,5.6,Mumbai,Goregaon,bike,13,1,0,0.4069467077883022,0
O01385,S012,P046,Beverages,2026-06-15 19:31:00,2026-06-15 19:41:00,2026-06-15 19:34:00,2026-06-15 19:34:00,3.0,Bengaluru,Indiranagar,bike,19,1,0,0.15826315739779315,0
O00596,S002,P051,Personal Care,2026-06-20 08:02:00,2026-06-20 08:12:00,2026-06-20 08:06:39,2026-06-20 08:06:39,4.65,Mumbai,Bandra,bike,8,1,0,0.21032206401552297,0
O01129,S002,P053,Bakery,2026-06-01 08:04:00,2026-06-01 08:14:00,2026-06-01 08:13:20,2026-06-01 08:13:20,9.333333333333334,Mumbai,Bandra,scooter,8,1,0,0.3350520826609998,0
O01517,S017,P051,Household,2026-06-07 12:37:00,2026-06-07 12:47:00,2026-06-07 12:50:04,2026-06-07 12:50:04,13.066666666666666,Bengaluru,JP Nagar,bike,12,0,1,0.5052699516795421,1
O01433,S014,P024,Personal Care,2026-06-24 06:58:00,2026-06-24 07:08:00,2026-06-24 07:12:13,2026-06-24 07:12:13,14.216666666666667,Bengaluru,HSR Layout,bike,6,0,1,0.6296486972459522,1
O01650,S003,P054,Fruits & Vegetables,2026-06-04 19:36:00,2026-06-04 19:46:00,2026-06-04 19:53:21,2026-06-04 19:53:21,17.35,Mumbai,Powai,bike,19,0,1,0.807251512989694,1
O00236,S010,P035,Grocery,2026-06-28 07:08:00,2026-06-28 07:18:00,2026-06-28 07:12:48,2026-06-28 07:12:48,4.8,Mumbai,Goregaon,bike,7,1,0,0.3020249636588073,0
O01576,S008,P021,Bakery,2026-06-23 14:35:00,2026-06-23 14:45:00,2026-06-23 14:42:44,2026-06-23 14:42:44,7.733333333333333,Mumbai,Worli,bicycle,14,1,0,0.47912019596612915,0
O00037,S007,P026,Household,2026-06-09 20:49:00,2026-06-09 20:59:00,2026-06-09 21:06:28,2026-06-09 21:06:28,17.466666666666665,Mumbai,Borivali,scooter,20,0,1,0.9195871283595161,1
O00604,S008,P044,Personal Care,2026-06-26 11:22:00,2026-06-26 11:32:00,2026-06-26 11:30:48,2026-06-26 11:30:48,8.8,Mumbai,Worli,scooter,11,1,0,0.2751678745473805,0
O01051,S019,P029,Snacks,2026-06-26 15:20:00,2026-06-26 15:30:00,2026-06-26 15:28:21,2026-06-26 15:28:21,8.35,Bengaluru,Yelahanka,bike,15,1,0,0.40382720274332723,0
O01702,S011,P041,Dairy,2026-06-07 19:48:00,2026-06-07 19:58:00,2026-06-07 19:56:18,2026-06-07 19:56:18,8.3,Bengaluru,Koramangala,bike,19,1,0,0.6970626087734478,1
O01589,S019,P042,Fruits & Vegetables,2026-06-11 16:54:00,2026-06-11 17:04:00,2026-06-11 17:03:13,2026-06-11 17:03:13,9.216666666666667,Bengaluru,Yelahanka,bike,16,1,0,0.6083636500912861,1
O01016,S020,P040,Snacks,2026-06-27 16:32:00,2026-06-27 16:42:00,2026-06-27 16:41:45,2026-06-27 16:41:45,9.75,Bengaluru,Malleshwaram,bike,16,1,0,0.4535845097960368,0
O00425,S004,P055,Household,2026-06-03 12:42:00,2026-06-03 12:52:00,2026-06-03 12:48:31,2026-06-03 12:48:31,6.516666666666667,Mumbai,Dadar,bike,12,1,0,0.3674516473721106,0
O01334,S017,P034,Household,2026-06-15 19:21:00,2026-06-15 19:31:00,2026-06-15 19:28:05,2026-06-15 19:28:05,7.083333333333333,Bengaluru,JP Nagar,bike,19,1,0,0.6452932780404574,1
O00663,S017,P040,Beverages,2026-06-02 12:38:00,2026-06-02 12:48:00,2026-06-02 12:47:51,2026-06-02 12:47:51,9.85,Bengaluru,JP Nagar,bike,12,1,0,0.5198267978869819,1
O01481,S001,P003,Household,2026-06-14 10:21:00,2026-06-14 10:31:00,2026-06-14 10:28:36,2026-06-14 10:28:36,7.6,Mumbai,Andheri,bike,10,1,0,0.3304737239321163,0
O00523,S017,P020,Household,2026-06-23 19:35:00,2026-06-23 19:45:00,2026-06-23 19:44:01,2026-06-23 19:44:01,9.016666666666667,Bengaluru,JP Nagar,bike,19,1,0,0.6452932780404574,1
O00397,S015,P024,Bakery,2026-06-25 19:46:00,2026-06-25 19:56:00,2026-06-25 19:57:33,2026-06-25 19:57:33,11.55,Bengaluru,Jayanagar,bike,19,0,1,0.49137075143339104,0
O00711,S013,P040,Grocery,2026-06-17 07:29:00,2026-06-17 07:39:00,2026-06-17 07:37:17,2026-06-17 07:37:17,8.283333333333333,Bengaluru,Whitefield,bike,7,1,0,0.27460665614310564,0
O01325,S018,P039,Snacks,2026-06-27 18:30:00,2026-06-27 18:40:00,2026-06-27 18:37:32,2026-06-27 18:37:32,7.533333333333333,Bengaluru,Electronic City,bike,18,1,0,0.3869581051964861,0
O00141,S019,P021,Grocery,2026-06-06 10:08:00,2026-06-06 10:18:00,2026-06-06 10:16:43,2026-06-06 10:16:43,8.716666666666667,Bengaluru,Yelahanka,bicycle,10,1,0,0.3320154354657422,0
O00986,S016,P018,Fruits & Vegetables,2026-06-03 19:51:00,2026-06-03 20:01:00,2026-06-03 20:01:03,2026-06-03 20:01:03,10.05,Bengaluru,Marathahalli,scooter,19,0,1,0.6920106490095251,1
O01510,S002,P012,Bakery,2026-06-19 11:35:00,2026-06-19 11:45:00,2026-06-19 11:44:52,2026-06-19 11:44:52,9.866666666666667,Mumbai,Bandra,bike,11,1,0,0.3922189921416564,0
O00225,S010,P040,Snacks,2026-06-17 17:37:00,2026-06-17 17:47:00,2026-06-17 17:45:05,2026-06-17 17:45:05,8.083333333333334,Mumbai,Goregaon,bike,17,1,0,0.47109406318797464,0
O00640,S009,P019,Beverages,2026-06-14 08:04:00,2026-06-14 08:14:00,2026-06-14 08:12:23,2026-06-14 08:12:23,8.383333333333333,Mumbai,Kurla,bike,8,1,0,0.37377497458114,0
O00956,S010,P013,Snacks,2026-06-14 12:25:00,2026-06-14 12:35:00,2026-06-14 12:34:23,2026-06-14 12:34:23,9.383333333333333,Mumbai,Goregaon,bike,12,1,0,0.3709523154756387,0
O01621,S014,P031,Household,2026-06-11 17:06:00,2026-06-11 17:16:00,2026-06-11 17:18:12,2026-06-11 17:18:12,12.2,Bengaluru,HSR Layout,bike,17,0,1,0.8644558951112707,1
O00231,S005,P049,Household,2026-06-17 16:20:00,2026-06-17 16:30:00,2026-06-17 16:27:08,2026-06-17 16:27:08,7.133333333333334,Mumbai,Malad,bike,16,1,0,0.4258385825647396,0
O00955,S011,P029,Bakery,2026-06-28 19:16:00,2026-06-28 19:26:00,2026-06-28 19:26:20,2026-06-28 19:26:20,10.333333333333334,Bengaluru,Koramangala,bike,19,0,1,0.7126125041651618,1
O00025,S012,P057,Snacks,2026-06-29 09:18:00,2026-06-29 09:28:00,2026-06-29 09:27:32,2026-06-29 09:27:32,9.533333333333333,Bengaluru,Indiranagar,bicycle,9,1,0,0.07760486057472436,0
O00572,S016,P057,Grocery,2026-06-17 20:28:00,2026-06-17 20:38:00,2026-06-17 20:36:59,2026-06-17 20:36:59,8.983333333333333,Bengaluru,Marathahalli,bicycle,20,1,0,0.5615232661373697,1
O01345,S013,P050,Fruits & Vegetables,2026-06-07 12:04:00,2026-06-07 12:14:00,2026-06-07 12:10:29,2026-06-07 12:10:29,6.483333333333333,Bengaluru,Whitefield,bike,12,1,0,0.5214049656282512,1
O00849,S012,P057,Grocery,2026-06-04 12:29:00,2026-06-04 12:39:00,2026-06-04 12:35:04,2026-06-04 12:35:04,6.066666666666666,Bengaluru,Indiranagar,bicycle,12,1,0,0.10668348332570994,0
O00119,S001,P058,Bakery,2026-06-29 10:34:00,2026-06-29 10:44:00,2026-06-29 10:42:15,2026-06-29 10:42:15,8.25,Mumbai,Andheri,bike,10,1,0,0.3814645945866405,0
O01292,S018,P043,Snacks,2026-06-24 19:24:00,2026-06-24 19:34:00,2026-06-24 19:32:23,2026-06-24 19:32:23,8.383333333333333,Bengaluru,Electronic City,bike,19,1,0,0.4066960569373192,0
O01344,S015,P030,Bakery,2026-06-04 06:46:00,2026-06-04 06:56:00,2026-06-04 06:55:41,2026-06-04 06:55:41,9.683333333333334,Bengaluru,Jayanagar,bike,6,1,0,0.24848470001655923,0
O01354,S011,P001,Dairy,2026-06-29 14:09:00,2026-06-29 14:19:00,2026-06-29 14:20:25,2026-06-29 14:20:25,11.416666666666666,Bengaluru,Koramangala,scooter,14,0,1,0.603714946250105,1
O01499,S002,P043,Beverages,2026-06-02 15:22:00,2026-06-02 15:32:00,2026-06-02 15:33:43,2026-06-02 15:33:43,11.716666666666667,Mumbai,Bandra,bike,15,0,1,0.43228648847670936,0
O00562,S007,P017,Snacks,2026-06-24 06:01:00,2026-06-24 06:11:00,2026-06-24 06:16:40,2026-06-24 06:16:40,15.666666666666666,Mumbai,Borivali,bike,6,0,1,0.7959187259517846,1
O00159,S004,P023,Fruits & Vegetables,2026-06-04 10:43:00,2026-06-04 10:53:00,2026-06-04 10:49:11,2026-06-04 10:49:11,6.183333333333334,Mumbai,Dadar,bike,10,1,0,0.5295364324475671,1
O01205,S013,P037,Grocery,2026-06-10 06:34:00,2026-06-10 06:44:00,2026-06-10 06:42:44,2026-06-10 06:42:44,8.733333333333333,Bengaluru,Whitefield,scooter,6,1,0,0.2584863920902214,0
O00868,S019,P047,Bakery,2026-06-11 18:46:00,2026-06-11 18:56:00,2026-06-11 18:54:32,2026-06-11 18:54:32,8.533333333333333,Bengaluru,Yelahanka,bicycle,18,1,0,0.5004243937959334,1
O00538,S003,P023,Personal Care,2026-06-29 09:21:00,2026-06-29 09:31:00,2026-06-29 09:29:57,2026-06-29 09:29:57,8.95,Mumbai,Powai,bike,9,1,0,0.3466565160209299,0
O01010,S003,P043,Bakery,2026-06-05 08:10:00,2026-06-05 08:20:00,2026-06-05 08:20:11,2026-06-05 08:20:11,10.183333333333334,Mumbai,Powai,bike,8,0,1,0.4803395776916952,0
O01128,S015,P041,Beverages,2026-06-03 08:43:00,2026-06-03 08:53:00,2026-06-03 08:52:34,2026-06-03 08:52:34,9.566666666666666,Bengaluru,Jayanagar,bike,8,1,0,0.24858062831116634,0
O01448,S014,P006,Dairy,2026-06-20 21:50:00,2026-06-20 22:00:00,2026-06-20 22:02:32,2026-06-20 22:02:32,12.533333333333333,Bengaluru,HSR Layout,bike,21,0,1,0.9113844434735953,1
O01495,S017,P015,Beverages,2026-06-24 16:07:00,2026-06-24 16:17:00,2026-06-24 16:14:21,2026-06-24 16:14:21,7.35,Bengaluru,JP Nagar,bike,16,1,0,0.6009088385712893,1
O00072,S018,P050,Bakery,2026-06-15 13:46:00,2026-06-15 13:56:00,2026-06-15 13:49:29,2026-06-15 13:49:29,3.4833333333333334,Bengaluru,Electronic City,bike,13,1,0,0.3254833747667428,0
O00352,S018,P019,Dairy,2026-06-25 13:47:00,2026-06-25 13:57:00,2026-06-25 13:53:59,2026-06-25 13:53:59,6.983333333333333,Bengaluru,Electronic City,bike,13,1,0,0.3092896815962683,0
O01245,S017,P019,Beverages,2026-06-14 15:45:00,2026-06-14 15:55:00,2026-06-14 15:57:36,2026-06-14 15:57:36,12.6,Bengaluru,JP Nagar,bike,15,0,1,0.5809750214015332,1
O01115,S008,P038,Grocery,2026-06-15 15:21:00,2026-06-15 15:31:00,2026-06-15 15:27:37,2026-06-15 15:27:37,6.616666666666666,Mumbai,Worli,bike,15,1,0,0.48948562491439535,0
O00862,S015,P011,Dairy,2026-06-23 15:11:00,2026-06-23 15:21:00,2026-06-23 15:19:11,2026-06-23 15:19:11,8.183333333333334,Bengaluru,Jayanagar,bike,15,1,0,0.39193583873241955,0
O01536,S006,P008,Beverages,2026-06-09 14:14:00,2026-06-09 14:24:00,2026-06-09 14:21:19,2026-06-09 14:21:19,7.316666666666666,Mumbai,Chembur,bike,14,1,0,0.47786511425272776,0
O00369,S006,P004,Fruits & Vegetables,2026-06-21 11:44:00,2026-06-21 11:54:00,2026-06-21 11:53:13,2026-06-21 11:53:13,9.216666666666667,Mumbai,Chembur,bike,11,1,0,0.6063765843960662,1
O00095,S019,P038,Grocery,2026-06-25 18:17:00,2026-06-25 18:27:00,2026-06-25 18:22:50,2026-06-25 18:22:50,5.833333333333333,Bengaluru,Yelahanka,bike,18,1,0,0.49018264837871983,0
O01063,S012,P054,Personal Care,2026-06-19 20:18:00,2026-06-19 20:28:00,2026-06-19 20:28:36,2026-06-19 20:28:36,10.6,Bengaluru,Indiranagar,bike,20,0,1,0.1128598798876252,0
O01709,S007,P014,Beverages,2026-06-10 20:01:00,2026-06-10 20:11:00,2026-06-10 20:17:04,2026-06-10 20:17:04,16.066666666666666,Mumbai,Borivali,scooter,20,0,1,0.9237918771213298,1
O01789,S016,P023,Household,2026-06-26 13:23:00,2026-06-26 13:33:00,2026-06-26 13:32:20,2026-06-26 13:32:20,9.333333333333334,Bengaluru,Marathahalli,bike,13,1,0,0.3747900789514507,0
O01257,S004,P001,Household,2026-06-29 18:25:00,2026-06-29 18:35:00,2026-06-29 18:31:41,2026-06-29 18:31:41,6.683333333333334,Mumbai,Dadar,scooter,18,1,0,0.4879253325281374,0
O01037,S019,P036,Fruits & Vegetables,2026-06-28 10:31:00,2026-06-28 10:41:00,2026-06-28 10:36:59,2026-06-28 10:36:59,5.983333333333333,Bengaluru,Yelahanka,bike,10,1,0,0.48639891059404133,0
O00144,S004,P032,Bakery,2026-06-03 21:20:00,2026-06-03 21:30:00,2026-06-03 21:35:09,2026-06-03 21:35:09,15.15,Mumbai,Dadar,scooter,21,0,1,0.6039204085290311,1
O00070,S003,P033,Household,2026-06-01 20:52:00,2026-06-01 21:02:00,2026-06-01 21:08:06,2026-06-01 21:08:06,16.1,Mumbai,Powai,scooter,20,0,1,0.6655941232545864,1
O00066,S009,P050,Household,2026-06-06 17:47:00,2026-06-06 17:57:00,2026-06-06 17:58:58,2026-06-06 17:58:58,11.966666666666667,Mumbai,Kurla,bike,17,0,1,0.5418918762439197,1
O00509,S013,P026,Personal Care,2026-06-03 14:51:00,2026-06-03 15:01:00,2026-06-03 14:58:14,2026-06-03 14:58:14,7.233333333333333,Bengaluru,Whitefield,scooter,14,1,0,0.27078731409982615,0
O01610,S003,P008,Snacks,2026-06-06 19:11:00,2026-06-06 19:21:00,2026-06-06 19:24:53,2026-06-06 19:24:53,13.883333333333333,Mumbai,Powai,bike,19,0,1,0.6647963957042523,1
O01549,S020,P025,Personal Care,2026-06-21 12:33:00,2026-06-21 12:43:00,2026-06-21 12:41:02,2026-06-21 12:41:02,8.033333333333333,Bengaluru,Malleshwaram,scooter,12,1,0,0.26700872370241585,0
O00803,S005,P035,Fruits & Vegetables,2026-06-07 17:06:00,2026-06-07 17:16:00,2026-06-07 17:16:26,2026-06-07 17:16:26,10.433333333333334,Mumbai,Malad,bike,17,0,1,0.6479468681139594,1
O00978,S004,P026,Household,2026-06-19 21:06:00,2026-06-19 21:16:00,2026-06-19 21:21:27,2026-06-19 21:21:27,15.45,Mumbai,Dadar,scooter,21,0,1,0.549616264712432,1
O00580,S020,P038,Snacks,2026-06-08 12:08:00,2026-06-08 12:18:00,2026-06-08 12:19:22,2026-06-08 12:19:22,11.366666666666667,Bengaluru,Malleshwaram,bike,12,0,1,0.37376401956219746,0
O00980,S020,P029,Household,2026-06-24 23:58:00,2026-06-25 00:08:00,2026-06-25 00:06:36,2026-06-25 00:06:36,8.6,Bengaluru,Malleshwaram,bike,23,1,0,0.5774320994278809,1
O00750,S010,P018,Household,2026-06-25 13:07:00,2026-06-25 13:17:00,2026-06-25 13:12:58,2026-06-25 13:12:58,5.966666666666667,Mumbai,Goregaon,scooter,13,1,0,0.3717885266833172,0
O00736,S001,P008,Household,2026-06-11 12:36:00,2026-06-11 12:46:00,2026-06-11 12:43:46,2026-06-11 12:43:46,7.766666666666667,Mumbai,Andheri,bike,12,1,0,0.36793383100085014,0
O01361,S006,P036,Dairy,2026-06-18 13:18:00,2026-06-18 13:28:00,2026-06-18 13:28:14,2026-06-18 13:28:14,10.233333333333333,Mumbai,Chembur,bike,13,0,1,0.47966317639268674,0
O01134,S005,P029,Snacks,2026-06-27 12:51:00,2026-06-27 13:01:00,2026-06-27 12:56:36,2026-06-27 12:56:36,5.6,Mumbai,Malad,bike,12,1,0,0.36589676351669953,0
O01719,S020,P048,Grocery,2026-06-05 07:26:00,2026-06-05 07:36:00,2026-06-05 07:31:28,2026-06-05 07:31:28,5.466666666666667,Bengaluru,Malleshwaram,bike,7,1,0,0.30456717432453645,0
O01561,S008,P019,Dairy,2026-06-30 12:26:00,2026-06-30 12:36:00,2026-06-30 12:35:19,2026-06-30 12:35:19,9.316666666666666,Mumbai,Worli,bike,12,1,0,0.41987723818421135,0
O01685,S017,P026,Bakery,2026-06-20 21:22:00,2026-06-20 21:32:00,2026-06-20 21:30:16,2026-06-20 21:30:16,8.266666666666667,Bengaluru,JP Nagar,scooter,21,1,0,0.7283115192871482,1
O00879,S005,P013,Dairy,2026-06-27 12:35:00,2026-06-27 12:45:00,2026-06-27 12:38:22,2026-06-27 12:38:22,3.3666666666666667,Mumbai,Malad,bike,12,1,0,0.38206201201815354,0
O01756,S016,P050,Bakery,2026-06-22 07:54:00,2026-06-22 08:04:00,2026-06-22 08:08:57,2026-06-22 08:08:57,14.95,Bengaluru,Marathahalli,bike,7,0,1,0.3134861142749367,0
O01302,S002,P035,Beverages,2026-06-21 16:01:00,2026-06-21 16:11:00,2026-06-21 16:09:04,2026-06-21 16:09:04,8.066666666666666,Mumbai,Bandra,bike,16,1,0,0.45262944149326234,0
O00644,S012,P030,Grocery,2026-06-11 06:48:00,2026-06-11 06:58:00,2026-06-11 06:56:54,2026-06-11 06:56:54,8.9,Bengaluru,Indiranagar,bike,6,1,0,0.06786662850627923,0
O00027,S004,P057,Dairy,2026-06-09 07:06:00,2026-06-09 07:16:00,2026-06-09 07:13:12,2026-06-09 07:13:12,7.2,Mumbai,Dadar,bicycle,7,1,0,0.3084030019619024,0
O00564,S005,P024,Fruits & Vegetables,2026-06-08 21:37:00,2026-06-08 21:47:00,2026-06-08 21:51:29,2026-06-08 21:51:29,14.483333333333333,Mumbai,Malad,bike,21,0,1,0.7190857535216783,1
O00385,S010,P045,Fruits & Vegetables,2026-06-24 22:15:00,2026-06-24 22:25:00,2026-06-24 22:30:13,2026-06-24 22:30:13,15.216666666666667,Mumbai,Goregaon,bike,22,0,1,0.7396469380329087,1
O00323,S006,P028,Beverages,2026-06-14 11:50:00,2026-06-14 12:00:00,2026-06-14 11:59:51,2026-06-14 11:59:51,9.85,Mumbai,Chembur,bike,11,1,0,0.4167751593268993,0
O00938,S001,P004,Snacks,2026-06-11 17:55:00,2026-06-11 18:05:00,2026-06-11 17:57:57,2026-06-11 17:57:57,2.95,Mumbai,Andheri,bike,17,1,0,0.48754857189092865,0
O00733,S020,P015,Beverages,2026-06-07 00:01:00,2026-06-07 00:11:00,2026-06-07 00:06:14,2026-06-07 00:06:14,5.233333333333333,Bengaluru,Malleshwaram,bike,0,1,0,0.17851480338734918,0
O00877,S017,P022,Snacks,2026-06-30 22:48:00,2026-06-30 22:58:00,2026-06-30 22:57:45,2026-06-30 22:57:45,9.75,Bengaluru,JP Nagar,bike,22,1,0,0.7160061690311754,1
O00643,S001,P015,Snacks,2026-06-05 01:13:00,2026-06-05 01:23:00,2026-06-05 01:19:07,2026-06-05 01:19:07,6.116666666666666,Mumbai,Andheri,bike,1,1,0,0.2027112565609058,0
O01107,S002,P049,Personal Care,2026-06-28 15:50:00,2026-06-28 16:00:00,2026-06-28 15:58:33,2026-06-28 15:58:33,8.55,Mumbai,Bandra,bike,15,1,0,0.32176940521771025,0
O00054,S008,P018,Bakery,2026-06-03 18:15:00,2026-06-03 18:25:00,2026-06-03 18:27:03,2026-06-03 18:27:03,12.05,Mumbai,Worli,scooter,18,0,1,0.5612746483323295,1
O00127,S017,P033,Beverages,2026-06-27 08:58:00,2026-06-27 09:08:00,2026-06-27 09:08:57,2026-06-27 09:08:57,10.95,Bengaluru,JP Nagar,scooter,8,0,1,0.4376867080692987,0
O01221,S003,P050,Bakery,2026-06-28 20:24:00,2026-06-28 20:34:00,2026-06-28 20:38:24,2026-06-28 20:38:24,14.4,Mumbai,Powai,bike,20,0,1,0.7132111872636854,1
O01757,S017,P017,Snacks,2026-06-26 12:41:00,2026-06-26 12:51:00,2026-06-26 12:53:23,2026-06-26 12:53:23,12.383333333333333,Bengaluru,JP Nagar,bike,12,0,1,0.5249729098991156,1
O01029,S005,P034,Beverages,2026-06-07 06:35:00,2026-06-07 06:45:00,2026-06-07 06:41:23,2026-06-07 06:41:23,6.383333333333334,Mumbai,Malad,bike,6,1,0,0.2562896412237346,0
O00601,S010,P022,Snacks,2026-06-26 15:16:00,2026-06-26 15:26:00,2026-06-26 15:25:37,2026-06-26 15:25:37,9.616666666666667,Mumbai,Goregaon,bike,15,1,0,0.4302809181107837,0
O01068,S016,P049,Fruits & Vegetables,2026-06-18 06:56:00,2026-06-18 07:06:00,2026-06-18 07:06:44,2026-06-18 07:06:44,10.733333333333333,Bengaluru,Marathahalli,bike,6,0,1,0.43471147349659817,0
O00292,S016,P014,Household,2026-06-10 22:00:00,2026-06-10 22:10:00,2026-06-10 22:05:59,2026-06-10 22:05:59,5.983333333333333,Bengaluru,Marathahalli,scooter,22,1,0,0.5573869791903734,1
O01299,S001,P008,Grocery,2026-06-25 20:59:00,2026-06-25 21:09:00,2026-06-25 21:11:56,2026-06-25 21:11:56,12.933333333333334,Mumbai,Andheri,bike,20,0,1,0.5745532568006267,1
O01260,S004,P029,Bakery,2026-06-06 07:47:00,2026-06-06 07:57:00,2026-06-06 07:54:48,2026-06-06 07:54:48,7.8,Mumbai,Dadar,bike,7,1,0,0.3245720859975903,0
O00785,S009,P017,Dairy,2026-06-20 10:54:00,2026-06-20 11:04:00,2026-06-20 11:02:37,2026-06-20 11:02:37,8.616666666666667,Mumbai,Kurla,bike,10,1,0,0.435014146291464,0
O01033,S019,P037,Personal Care,2026-06-12 11:42:00,2026-06-12 11:52:00,2026-06-12 11:51:32,2026-06-12 11:51:32,9.533333333333333,Bengaluru,Yelahanka,scooter,11,1,0,0.22913570902654515,0
O00281,S008,P016,Bakery,2026-06-12 08:12:00,2026-06-12 08:22:00,2026-06-12 08:23:36,2026-06-12 08:23:36,11.6,Mumbai,Worli,bike,8,0,1,0.3592951553274751,0
O00111,S004,P056,Bakery,2026-06-04 15:29:00,2026-06-04 15:39:00,2026-06-04 15:37:22,2026-06-04 15:37:22,8.366666666666667,Mumbai,Dadar,bike,15,1,0,0.481750702980022,0
O00766,S013,P021,Bakery,2026-06-21 18:05:00,2026-06-21 18:15:00,2026-06-21 18:13:24,2026-06-21 18:13:24,8.4,Bengaluru,Whitefield,bicycle,18,1,0,0.4942090827391042,0
O00455,S011,P045,Personal Care,2026-06-02 19:58:00,2026-06-02 20:08:00,2026-06-02 20:06:52,2026-06-02 20:06:52,8.866666666666667,Bengaluru,Koramangala,bike,19,1,0,0.5672264195212241,1
O00609,S016,P040,Grocery,2026-06-25 20:02:00,2026-06-25 20:12:00,2026-06-25 20:12:18,2026-06-25 20:12:18,10.3,Bengaluru,Marathahalli,bike,20,0,1,0.5615232661373697,1
O00161,S009,P019,Household,2026-06-04 00:47:00,2026-06-04 00:57:00,2026-06-04 00:54:48,2026-06-04 00:54:48,7.8,Mumbai,Kurla,bike,0,1,0,0.2254588394190162,0
O00826,S010,P023,Fruits & Vegetables,2026-06-01 16:12:00,2026-06-01 16:22:00,2026-06-01 16:21:49,2026-06-01 16:21:49,9.816666666666666,Mumbai,Goregaon,bike,16,1,0,0.6339679392831419,1
O01276,S005,P022,Household,2026-06-24 19:47:00,2026-06-24 19:57:00,2026-06-24 20:02:10,2026-06-24 20:02:10,15.166666666666666,Mumbai,Malad,bike,19,0,1,0.4871473870670068,0
O01482,S011,P060,Grocery,2026-06-08 14:51:00,2026-06-08 15:01:00,2026-06-08 14:59:38,2026-06-08 14:59:38,8.633333333333333,Bengaluru,Koramangala,scooter,14,1,0,0.6117688453331094,1
O01503,S009,P011,Fruits & Vegetables,2026-06-15 19:59:00,2026-06-15 20:09:00,2026-06-15 20:16:25,2026-06-15 20:16:25,17.416666666666668,Mumbai,Kurla,bike,19,0,1,0.7612080799307473,1
O00952,S011,P030,Grocery,2026-06-25 05:41:00,2026-06-25 05:51:00,2026-06-25 05:52:16,2026-06-25 05:52:16,11.266666666666667,Bengaluru,Koramangala,bike,5,0,1,0.42860825236273997,0
O01421,S020,P045,Fruits & Vegetables,2026-06-13 12:14:00,2026-06-13 12:24:00,2026-06-13 12:23:13,2026-06-13 12:23:13,9.216666666666667,Bengaluru,Malleshwaram,bike,12,1,0,0.557594173348632,1
O01182,S001,P011,Bakery,2026-06-01 07:49:00,2026-06-01 07:59:00,2026-06-01 07:59:17,2026-06-01 07:59:17,10.283333333333333,Mumbai,Andheri,bike,7,0,1,0.3250269141510397,0
O00432,S007,P016,Snacks,2026-06-12 10:06:00,2026-06-12 10:16:00,2026-06-12 10:16:12,2026-06-12 10:16:12,10.2,Mumbai,Borivali,bike,10,0,1,0.8443402919481868,1
O00660,S018,P010,Beverages,2026-06-11 13:20:00,2026-06-11 13:30:00,2026-06-11 13:27:28,2026-06-11 13:27:28,7.466666666666667,Bengaluru,Electronic City,bike,13,1,0,0.29046564813527476,0
O01487,S005,P028,Fruits & Vegetables,2026-06-18 07:28:00,2026-06-18 07:38:00,2026-06-18 07:38:59,2026-06-18 07:38:59,10.983333333333333,Mumbai,Malad,bike,7,0,1,0.44652162566022124,0
O01541,S004,P046,Snacks,2026-06-15 20:31:00,2026-06-15 20:41:00,2026-06-15 20:46:53,2026-06-15 20:46:53,15.883333333333333,Mumbai,Dadar,bike,20,0,1,0.548729449771655,1
O00933,S015,P010,Personal Care,2026-06-05 19:48:00,2026-06-05 19:58:00,2026-06-05 19:56:08,2026-06-05 19:56:08,8.133333333333333,Bengaluru,Jayanagar,bike,19,1,0,0.33803060460714807,0
O00304,S001,P035,Fruits & Vegetables,2026-06-01 01:46:00,2026-06-01 01:56:00,2026-06-01 01:52:27,2026-06-01 01:52:27,6.45,Mumbai,Andheri,bike,1,1,0,0.34934310871995083,0
O00148,S016,P005,Snacks,2026-06-27 06:27:00,2026-06-27 06:37:00,2026-06-27 06:37:36,2026-06-27 06:37:36,10.6,Bengaluru,Marathahalli,bike,6,0,1,0.26694850919013047,0
O00210,S006,P002,Dairy,2026-06-28 17:50:00,2026-06-28 18:00:00,2026-06-28 17:58:15,2026-06-28 17:58:15,8.25,Mumbai,Chembur,bike,17,1,0,0.561810312645561,1
O00306,S012,P018,Fruits & Vegetables,2026-06-03 12:25:00,2026-06-03 12:35:00,2026-06-03 12:34:12,2026-06-03 12:34:12,9.2,Bengaluru,Indiranagar,scooter,12,1,0,0.18536568257485073,0
O00012,S012,P028,Fruits & Vegetables,2026-06-15 20:03:00,2026-06-15 20:13:00,2026-06-15 20:12:28,2026-06-15 20:12:28,9.466666666666667,Bengaluru,Indiranagar,bike,20,1,0,0.3056363891435266,0
O00434,S018,P025,Snacks,2026-06-27 14:55:00,2026-06-27 15:05:00,2026-06-27 15:02:06,2026-06-27 15:02:06,7.1,Bengaluru,Electronic City,scooter,14,1,0,0.3121640697941647,0
O01388,S009,P053,Household,2026-06-20 07:24:00,2026-06-20 07:34:00,2026-06-20 07:33:05,2026-06-20 07:33:05,9.083333333333334,Mumbai,Kurla,scooter,7,1,0,0.3414587718929877,0
O00255,S009,P060,Beverages,2026-06-05 07:47:00,2026-06-05 07:57:00,2026-06-05 07:54:29,2026-06-05 07:54:29,7.483333333333333,Mumbai,Kurla,scooter,7,1,0,0.35467962722978896,0
O01264,S013,P009,Snacks,2026-06-04 19:08:00,2026-06-04 19:18:00,2026-06-04 19:14:24,2026-06-04 19:14:24,6.4,Bengaluru,Whitefield,bike,19,1,0,0.47888726455942815,0
O01720,S017,P004,Household,2026-06-01 16:02:00,2026-06-01 16:12:00,2026-06-01 16:13:30,2026-06-01 16:13:30,11.5,Bengaluru,JP Nagar,bike,16,0,1,0.5868564580639707,1
O00537,S011,P034,Personal Care,2026-06-06 15:50:00,2026-06-06 16:00:00,2026-06-06 15:57:01,2026-06-06 15:57:01,7.016666666666667,Bengaluru,Koramangala,bike,15,1,0,0.48516417978877824,0
O00820,S002,P038,Dairy,2026-06-11 06:17:00,2026-06-11 06:27:00,2026-06-11 06:29:19,2026-06-11 06:29:19,12.316666666666666,Mumbai,Bandra,bike,6,0,1,0.28391331352626037,0
O01023,S017,P005,Snacks,2026-06-11 11:49:00,2026-06-11 11:59:00,2026-06-11 11:59:17,2026-06-11 11:59:17,10.283333333333333,Bengaluru,JP Nagar,bike,11,0,1,0.504374559091183,1
O01657,S016,P014,Dairy,2026-06-22 12:25:00,2026-06-22 12:35:00,2026-06-22 12:38:01,2026-06-22 12:38:01,13.016666666666667,Bengaluru,Marathahalli,scooter,12,0,1,0.39025322553093494,0
O01110,S017,P024,Bakery,2026-06-17 14:20:00,2026-06-17 14:30:00,2026-06-17 14:29:07,2026-06-17 14:29:07,9.116666666666667,Bengaluru,JP Nagar,bike,14,1,0,0.6007856539912994,1
O00124,S007,P040,Beverages,2026-06-22 19:49:00,2026-06-22 19:59:00,2026-06-22 20:06:51,2026-06-22 20:06:51,17.85,Mumbai,Borivali,bike,19,0,1,0.9177787530603468,1
O01280,S018,P046,Beverages,2026-06-29 20:54:00,2026-06-29 21:04:00,2026-06-29 21:05:42,2026-06-29 21:05:42,11.7,Bengaluru,Electronic City,bike,20,0,1,0.42170195546051725,0
O00612,S002,P033,Household,2026-06-13 20:49:00,2026-06-13 20:59:00,2026-06-13 21:01:12,2026-06-13 21:01:12,12.2,Mumbai,Bandra,scooter,20,0,1,0.5203847282427292,1
O01705,S006,P021,Bakery,2026-06-21 17:26:00,2026-06-21 17:36:00,2026-06-21 17:34:48,2026-06-21 17:34:48,8.8,Mumbai,Chembur,bicycle,17,1,0,0.5801208800137115,1
O00662,S007,P007,Grocery,2026-06-19 17:24:00,2026-06-19 17:34:00,2026-06-19 17:36:26,2026-06-19 17:36:26,12.433333333333334,Mumbai,Borivali,bike,17,0,1,0.9145934568600625,1
O01642,S019,P017,Personal Care,2026-06-17 19:46:00,2026-06-17 19:56:00,2026-06-17 19:54:15,2026-06-17 19:54:15,8.25,Bengaluru,Yelahanka,bike,19,1,0,0.36507855214695867,0
O00550,S001,P031,Dairy,2026-06-18 09:47:00,2026-06-18 09:57:00,2026-06-18 09:53:12,2026-06-18 09:53:12,6.2,Mumbai,Andheri,bike,9,1,0,0.34511774786797905,0
O01120,S005,P055,Beverages,2026-06-01 19:18:00,2026-06-01 19:28:00,2026-06-01 19:32:07,2026-06-01 19:32:07,14.116666666666667,Mumbai,Malad,bike,19,0,1,0.5017116012338457,1
O00322,S013,P011,Dairy,2026-06-09 11:31:00,2026-06-09 11:41:00,2026-06-09 11:36:28,2026-06-09 11:36:28,5.466666666666667,Bengaluru,Whitefield,bike,11,1,0,0.3373211655826611,0
O00497,S009,P042,Personal Care,2026-06-15 23:18:00,2026-06-15 23:28:00,2026-06-15 23:26:42,2026-06-15 23:26:42,8.7,Mumbai,Kurla,bike,23,1,0,0.5616749447361649,1
O01199,S007,P011,Snacks,2026-06-04 13:45:00,2026-06-04 13:55:00,2026-06-04 14:01:31,2026-06-04 14:01:31,16.516666666666666,Mumbai,Borivali,bike,13,0,1,0.8741665563702529,1
O00280,S001,P020,Bakery,2026-06-22 18:27:00,2026-06-22 18:37:00,2026-06-22 18:32:40,2026-06-22 18:32:40,5.666666666666667,Mumbai,Andheri,bike,18,1,0,0.5440040486769524,1
O01523,S016,P039,Personal Care,2026-06-15 19:14:00,2026-06-15 19:24:00,2026-06-15 19:19:47,2026-06-15 19:19:47,5.783333333333333,Bengaluru,Marathahalli,bike,19,1,0,0.39371565716874873,0
O00495,S007,P045,Bakery,2026-06-11 09:00:00,2026-06-11 09:10:00,2026-06-11 09:09:56,2026-06-11 09:09:56,9.933333333333334,Mumbai,Borivali,bike,9,1,0,0.8522325673679609,1
O00636,S016,P035,Grocery,2026-06-23 21:48:00,2026-06-23 21:58:00,2026-06-23 21:57:11,2026-06-23 21:57:11,9.183333333333334,Bengaluru,Marathahalli,bike,21,1,0,0.5817162123236529,1
O00365,S007,P032,Beverages,2026-06-11 20:21:00,2026-06-11 20:31:00,2026-06-11 20:40:14,2026-06-11 20:40:14,19.233333333333334,Mumbai,Borivali,scooter,20,0,1,0.9237918771213298,1
O00336,S012,P002,Bakery,2026-06-04 10:58:00,2026-06-04 11:08:00,2026-06-04 11:02:49,2026-06-04 11:02:49,4.816666666666666,Bengaluru,Indiranagar,bike,10,1,0,0.09543102126861824,0
O01693,S009,P006,Personal Care,2026-06-24 20:04:00,2026-06-24 20:14:00,2026-06-24 20:19:10,2026-06-24 20:19:10,15.166666666666666,Mumbai,Kurla,bike,20,0,1,0.5001335224882909,1
O01375,S007,P035,Personal Care,2026-06-24 19:50:00,2026-06-24 20:00:00,2026-06-24 20:05:07,2026-06-24 20:05:07,15.116666666666667,Mumbai,Borivali,bike,19,0,1,0.8742882780744177,1
O01366,S013,P001,Household,2026-06-26 09:18:00,2026-06-26 09:28:00,2026-06-26 09:28:52,2026-06-26 09:28:52,10.866666666666667,Bengaluru,Whitefield,scooter,9,0,1,0.27127628464438924,0
O00836,S007,P022,Dairy,2026-06-02 18:03:00,2026-06-02 18:13:00,2026-06-02 18:12:13,2026-06-02 18:12:13,9.216666666666667,Mumbai,Borivali,bike,18,1,0,0.9183208339569993,1
O01374,S005,P030,Household,2026-06-06 09:57:00,2026-06-06 10:07:00,2026-06-06 10:03:42,2026-06-06 10:03:42,6.7,Mumbai,Malad,bike,9,1,0,0.2939693334760073,0
O01747,S001,P020,Bakery,2026-06-16 21:16:00,2026-06-16 21:26:00,2026-06-16 21:30:55,2026-06-16 21:30:55,14.916666666666666,Mumbai,Andheri,bike,21,0,1,0.6044163925776905,1
O01335,S020,P055,Fruits & Vegetables,2026-06-02 21:49:00,2026-06-02 21:59:00,2026-06-02 21:59:07,2026-06-02 21:59:07,10.116666666666667,Bengaluru,Malleshwaram,bike,21,0,1,0.7258541997366551,1
O00147,S015,P026,Fruits & Vegetables,2026-06-24 07:27:00,2026-06-24 07:37:00,2026-06-24 07:37:09,2026-06-24 07:37:09,10.15,Bengaluru,Jayanagar,scooter,7,0,1,0.3963874549026281,0
O00729,S016,P009,Snacks,2026-06-23 20:21:00,2026-06-23 20:31:00,2026-06-23 20:27:47,2026-06-23 20:27:47,6.783333333333333,Bengaluru,Marathahalli,bike,20,1,0,0.5360637301704891,1
O00283,S015,P039,Grocery,2026-06-08 19:25:00,2026-06-08 19:35:00,2026-06-08 19:31:30,2026-06-08 19:31:30,6.5,Bengaluru,Jayanagar,bike,19,1,0,0.4811358453357998,0
O00198,S017,P051,Grocery,2026-06-13 20:02:00,2026-06-13 20:12:00,2026-06-13 20:11:48,2026-06-13 20:11:48,9.8,Bengaluru,JP Nagar,bike,20,1,0,0.7032087115965815,1
O01494,S020,P032,Beverages,2026-06-03 09:08:00,2026-06-03 09:18:00,2026-06-03 09:14:29,2026-06-03 09:14:29,6.483333333333333,Bengaluru,Malleshwaram,scooter,9,1,0,0.31342463001251564,0
O00461,S002,P016,Grocery,2026-06-15 05:23:00,2026-06-15 05:33:00,2026-06-15 05:30:13,2026-06-15 05:30:13,7.216666666666667,Mumbai,Bandra,bike,5,1,0,0.27411911576275844,0
O01281,S018,P023,Household,2026-06-15 17:07:00,2026-06-15 17:17:00,2026-06-15 17:16:17,2026-06-15 17:16:17,9.283333333333333,Bengaluru,Electronic City,bike,17,1,0,0.3494432799892157,0
O00746,S017,P020,Household,2026-06-05 19:06:00,2026-06-05 19:16:00,2026-06-05 19:17:25,2026-06-05 19:17:25,11.416666666666666,Bengaluru,JP Nagar,bike,19,0,1,0.6452932780404574,1
O00618,S005,P031,Grocery,2026-06-06 13:08:00,2026-06-06 13:18:00,2026-06-06 13:14:03,2026-06-06 13:14:03,6.05,Mumbai,Malad,bike,13,1,0,0.40986008505921234,0
O00474,S008,P044,Bakery,2026-06-30 21:22:00,2026-06-30 21:32:00,2026-06-30 21:33:56,2026-06-30 21:33:56,11.933333333333334,Mumbai,Worli,scooter,21,0,1,0.6209930134455068,1
O00948,S009,P020,Snacks,2026-06-30 20:15:00,2026-06-30 20:25:00,2026-06-30 20:29:20,2026-06-30 20:29:20,14.333333333333334,Mumbai,Kurla,bike,20,0,1,0.621115095874756,1
O00542,S017,P029,Bakery,2026-06-02 10:41:00,2026-06-02 10:51:00,2026-06-02 10:48:57,2026-06-02 10:48:57,7.95,Bengaluru,JP Nagar,bike,10,1,0,0.519698590177492,1
O00084,S009,P056,Bakery,2026-06-04 20:25:00,2026-06-04 20:35:00,2026-06-04 20:42:27,2026-06-04 20:42:27,17.45,Mumbai,Kurla,bike,20,0,1,0.6543230575762198,1
O00818,S020,P015,Snacks,2026-06-26 08:21:00,2026-06-26 08:31:00,2026-06-26 08:28:50,2026-06-26 08:28:50,7.833333333333333,Bengaluru,Malleshwaram,bike,8,1,0,0.3002711071335942,0
O01651,S008,P045,Grocery,2026-06-12 16:13:00,2026-06-12 16:23:00,2026-06-12 16:21:46,2026-06-12 16:21:46,8.766666666666667,Mumbai,Worli,bike,16,1,0,0.5101017358760488,1
O00936,S015,P032,Fruits & Vegetables,2026-06-14 17:02:00,2026-06-14 17:12:00,2026-06-14 17:13:01,2026-06-14 17:13:01,11.016666666666667,Bengaluru,Jayanagar,scooter,17,0,1,0.5997013970933444,1
O01144,S008,P046,Bakery,2026-06-05 14:17:00,2026-06-05 14:27:00,2026-06-05 14:23:40,2026-06-05 14:23:40,6.666666666666667,Mumbai,Worli,bike,14,1,0,0.47912019596612915,0
O01018,S004,P010,Household,2026-06-11 20:07:00,2026-06-11 20:17:00,2026-06-11 20:24:35,2026-06-11 20:24:35,17.583333333333332,Mumbai,Dadar,bike,20,0,1,0.5291280378805011,1
O00524,S010,P044,Household,2026-06-30 18:45:00,2026-06-30 18:55:00,2026-06-30 18:51:01,2026-06-30 18:51:01,6.016666666666667,Mumbai,Goregaon,scooter,18,1,0,0.4719866378995288,0
O00970,S009,P048,Household,2026-06-30 13:57:00,2026-06-30 14:07:00,2026-06-30 14:06:32,2026-06-30 14:06:32,9.533333333333333,Mumbai,Kurla,bike,13,1,0,0.4596024193493038,0
O01603,S005,P046,Dairy,2026-06-28 20:05:00,2026-06-28 20:15:00,2026-06-28 20:12:59,2026-06-28 20:12:59,7.983333333333333,Mumbai,Malad,bike,20,1,0,0.5446318807735974,1
O00482,S006,P037,Dairy,2026-06-16 19:49:00,2026-06-16 19:59:00,2026-06-16 20:01:48,2026-06-16 20:01:48,12.8,Mumbai,Chembur,scooter,19,0,1,0.6019183491095114,1
O01452,S016,P045,Household,2026-06-28 06:47:00,2026-06-28 06:57:00,2026-06-28 06:56:58,2026-06-28 06:56:58,9.966666666666667,Bengaluru,Marathahalli,bike,6,1,0,0.2517963837460354,0
O01263,S016,P052,Dairy,2026-06-11 19:49:00,2026-06-11 19:59:00,2026-06-11 19:59:55,2026-06-11 19:59:55,10.916666666666666,Bengaluru,Marathahalli,bike,19,0,1,0.5327244253278381,1
O00256,S017,P015,Personal Care,2026-06-02 07:21:00,2026-06-02 07:31:00,2026-06-02 07:30:08,2026-06-02 07:30:08,9.133333333333333,Bengaluru,JP Nagar,bike,7,1,0,0.3087102904167851,0
O01208,S020,P019,Dairy,2026-06-24 18:51:00,2026-06-24 19:01:00,2026-06-24 18:57:43,2026-06-24 18:57:43,6.716666666666667,Bengaluru,Malleshwaram,bike,18,1,0,0.5119501243724031,1
O00625,S011,P027,Fruits & Vegetables,2026-06-28 21:05:00,2026-06-28 21:15:00,2026-06-28 21:15:49,2026-06-28 21:15:49,10.816666666666666,Bengaluru,Koramangala,bike,21,0,1,0.8424740185934759,1
O01207,S013,P001,Bakery,2026-06-11 08:18:00,2026-06-11 08:28:00,2026-06-11 08:27:14,2026-06-11 08:27:14,9.233333333333333,Bengaluru,Whitefield,scooter,8,1,0,0.2998680768380812,0
O01458,S020,P008,Fruits & Vegetables,2026-06-05 17:11:00,2026-06-05 17:21:00,2026-06-05 17:19:10,2026-06-05 17:19:10,8.166666666666666,Bengaluru,Malleshwaram,bike,17,1,0,0.6556084523267935,1
O01797,S016,P054,Bakery,2026-06-14 16:36:00,2026-06-14 16:46:00,2026-06-14 16:45:38,2026-06-14 16:45:38,9.633333333333333,Bengaluru,Marathahalli,bike,16,1,0,0.4896049757299749,0
O01707,S011,P029,Beverages,2026-06-14 16:48:00,2026-06-14 16:58:00,2026-06-14 16:54:09,2026-06-14 16:54:09,6.15,Bengaluru,Koramangala,bike,16,1,0,0.621575134519089,1
O00801,S009,P050,Grocery,2026-06-13 12:03:00,2026-06-13 12:13:00,2026-06-13 12:11:34,2026-06-13 12:11:34,8.566666666666666,Mumbai,Kurla,bike,12,1,0,0.48433397274811185,0
O01371,S008,P007,Dairy,2026-06-17 07:36:00,2026-06-17 07:46:00,2026-06-17 07:45:27,2026-06-17 07:45:27,9.45,Mumbai,Worli,bike,7,1,0,0.32395433063849255,0
O01387,S019,P051,Beverages,2026-06-06 19:46:00,2026-06-06 19:56:00,2026-06-06 19:50:43,2026-06-06 19:50:43,4.716666666666667,Bengaluru,Yelahanka,bike,19,1,0,0.47994453226998196,0
O00200,S019,P048,Household,2026-06-05 05:34:00,2026-06-05 05:44:00,2026-06-05 05:45:46,2026-06-05 05:45:46,11.766666666666667,Bengaluru,Yelahanka,bike,5,0,1,0.21531181164348828,0
O00716,S015,P002,Dairy,2026-06-15 16:45:00,2026-06-15 16:55:00,2026-06-15 16:52:47,2026-06-15 16:52:47,7.783333333333333,Bengaluru,Jayanagar,bike,16,1,0,0.4117571567626138,0
O00340,S006,P036,Dairy,2026-06-11 16:29:00,2026-06-11 16:39:00,2026-06-11 16:42:27,2026-06-11 16:42:27,13.45,Mumbai,Chembur,bike,16,0,1,0.5414139604458915,1
O00813,S016,P035,Bakery,2026-06-01 04:03:00,2026-06-01 04:13:00,2026-06-01 04:10:30,2026-06-01 04:10:30,7.5,Bengaluru,Marathahalli,bike,4,1,0,0.2628321850755105,0
O00349,S011,P054,Bakery,2026-06-20 05:22:00,2026-06-20 05:32:00,2026-06-20 05:33:17,2026-06-20 05:33:17,11.283333333333333,Bengaluru,Koramangala,bike,5,0,1,0.4386704593077661,0
O00569,S002,P003,Household,2026-06-04 18:33:00,2026-06-04 18:43:00,2026-06-04 18:39:36,2026-06-04 18:39:36,6.6,Mumbai,Bandra,bike,18,1,0,0.479170024729167,0
O00288,S016,P016,Personal Care,2026-06-10 20:09:00,2026-06-10 20:19:00,2026-06-10 20:18:45,2026-06-10 20:18:45,9.75,Bengaluru,Marathahalli,bike,20,1,0,0.41356576640567216,0
O00806,S017,P046,Bakery,2026-06-16 13:54:00,2026-06-16 14:04:00,2026-06-16 13:59:47,2026-06-16 13:59:47,5.783333333333333,Bengaluru,JP Nagar,bike,13,1,0,0.5808499757563057,1
O00488,S005,P014,Grocery,2026-06-19 15:07:00,2026-06-19 15:17:00,2026-06-19 15:13:43,2026-06-19 15:13:43,6.716666666666667,Mumbai,Malad,scooter,15,1,0,0.4502671105016084,0
O00650,S014,P021,Grocery,2026-06-06 19:37:00,2026-06-06 19:47:00,2026-06-06 19:47:25,2026-06-06 19:47:25,10.416666666666666,Bengaluru,HSR Layout,bicycle,19,0,1,0.9002037326168694,1
O01117,S003,P023,Snacks,2026-06-10 20:32:00,2026-06-10 20:42:00,2026-06-10 20:45:38,2026-06-10 20:45:38,13.633333333333333,Mumbai,Powai,bike,20,0,1,0.6829189671560187,1
O00240,S002,P003,Grocery,2026-06-05 18:51:00,2026-06-05 19:01:00,2026-06-05 18:57:59,2026-06-05 18:57:59,6.983333333333333,Mumbai,Bandra,bike,18,1,0,0.5245718608160784,1
O01166,S014,P047,Bakery,2026-06-10 08:12:00,2026-06-10 08:22:00,2026-06-10 08:22:11,2026-06-10 08:22:11,10.183333333333334,Bengaluru,HSR Layout,bicycle,8,0,1,0.7913735494812667,1
O01197,S005,P056,Grocery,2026-06-05 14:05:00,2026-06-05 14:15:00,2026-06-05 14:11:08,2026-06-05 14:11:08,6.133333333333334,Mumbai,Malad,bike,14,1,0,0.42994693393280453,0
O00253,S013,P053,Household,2026-06-25 19:18:00,2026-06-25 19:28:00,2026-06-25 19:30:49,2026-06-25 19:30:49,12.816666666666666,Bengaluru,Whitefield,scooter,19,0,1,0.4592417834417901,0
O00428,S005,P012,Grocery,2026-06-23 21:25:00,2026-06-23 21:35:00,2026-06-23 21:41:52,2026-06-23 21:41:52,16.866666666666667,Mumbai,Malad,bike,21,0,1,0.5732846850640589,1
O00844,S016,P043,Beverages,2026-06-06 18:54:00,2026-06-06 19:04:00,2026-06-06 19:04:25,2026-06-06 19:04:25,10.416666666666666,Bengaluru,Marathahalli,bike,18,0,1,0.48973332922793383,0
O00458,S003,P013,Bakery,2026-06-07 21:26:00,2026-06-07 21:36:00,2026-06-07 21:45:39,2026-06-07 21:45:39,19.65,Mumbai,Powai,bike,21,0,1,0.7297801850309915,1
O00019,S011,P004,Grocery,2026-06-19 14:58:00,2026-06-19 15:08:00,2026-06-19 15:07:47,2026-06-19 15:07:47,9.783333333333333,Bengaluru,Koramangala,bike,14,1,0,0.6117688453331094,1
O01009,S014,P054,Household,2026-06-26 14:54:00,2026-06-26 15:04:00,2026-06-26 15:06:11,2026-06-26 15:06:11,12.183333333333334,Bengaluru,HSR Layout,bike,14,0,1,0.8327682433310083,1
O01682,S006,P037,Beverages,2026-06-16 18:43:00,2026-06-16 18:53:00,2026-06-16 18:50:17,2026-06-16 18:50:17,7.283333333333333,Mumbai,Chembur,scooter,18,1,0,0.5600357443930964,1
O01047,S015,P048,Beverages,2026-06-21 06:10:00,2026-06-21 06:20:00,2026-06-21 06:18:07,2026-06-21 06:18:07,8.116666666666667,Bengaluru,Jayanagar,bike,6,1,0,0.21906063446071997,0
O00132,S010,P042,Fruits & Vegetables,2026-06-04 07:02:00,2026-06-04 07:12:00,2026-06-04 07:11:25,2026-06-04 07:11:25,9.416666666666666,Mumbai,Goregaon,bike,7,1,0,0.4518972746226588,0
O00706,S003,P045,Bakery,2026-06-05 15:38:00,2026-06-05 15:48:00,2026-06-05 15:46:12,2026-06-05 15:46:12,8.2,Mumbai,Powai,bike,15,1,0,0.6221422003486808,1
O01739,S011,P003,Dairy,2026-06-28 09:36:00,2026-06-28 09:46:00,2026-06-28 09:47:30,2026-06-28 09:47:30,11.5,Bengaluru,Koramangala,bike,9,0,1,0.5021468963612643,1
O00383,S013,P006,Dairy,2026-06-09 06:05:00,2026-06-09 06:15:00,2026-06-09 06:11:39,2026-06-09 06:11:39,6.65,Bengaluru,Whitefield,bike,6,1,0,0.2520637547674691,0
O01174,S019,P005,Fruits & Vegetables,2026-06-29 04:58:00,2026-06-29 05:08:00,2026-06-29 05:07:11,2026-06-29 05:07:11,9.183333333333334,Bengaluru,Yelahanka,bike,4,1,0,0.36603271289088535,0
O01666,S004,P025,Fruits & Vegetables,2026-06-14 13:40:00,2026-06-14 13:50:00,2026-06-14 13:44:49,2026-06-14 13:44:49,4.816666666666666,Mumbai,Dadar,scooter,13,1,0,0.5904224119193936,1
O01574,S014,P020,Household,2026-06-27 08:20:00,2026-06-27 08:30:00,2026-06-27 08:30:47,2026-06-27 08:30:47,10.783333333333333,Bengaluru,HSR Layout,bike,8,0,1,0.752225652387802,1
O00543,S017,P006,Snacks,2026-06-06 22:49:00,2026-06-06 22:59:00,2026-06-06 22:58:41,2026-06-06 22:58:41,9.683333333333334,Bengaluru,JP Nagar,bike,22,1,0,0.7160061690311754,1
O00109,S014,P003,Household,2026-06-24 14:58:00,2026-06-24 15:08:00,2026-06-24 15:10:13,2026-06-24 15:10:13,12.216666666666667,Bengaluru,HSR Layout,bike,14,0,1,0.8327682433310083,1
O00614,S020,P056,Beverages,2026-06-06 16:15:00,2026-06-06 16:25:00,2026-06-06 16:26:17,2026-06-06 16:26:17,11.283333333333333,Bengaluru,Malleshwaram,bike,16,0,1,0.44847750971640904,0
O01700,S015,P008,Dairy,2026-06-16 00:57:00,2026-06-16 01:07:00,2026-06-16 01:08:20,2026-06-16 01:08:20,11.333333333333334,Bengaluru,Jayanagar,bike,0,0,1,0.1575827905602491,0
O01530,S012,P029,Fruits & Vegetables,2026-06-21 13:53:00,2026-06-21 14:03:00,2026-06-21 14:00:06,2026-06-21 14:00:06,7.1,Bengaluru,Indiranagar,bike,13,1,0,0.19814437494567216,0
O00634,S010,P059,Household,2026-06-16 15:51:00,2026-06-16 16:01:00,2026-06-16 15:57:04,2026-06-16 15:57:04,6.066666666666666,Mumbai,Goregaon,bicycle,15,1,0,0.41105655625265114,0
O00319,S009,P007,Dairy,2026-06-03 08:28:00,2026-06-03 08:38:00,2026-06-03 08:34:31,2026-06-03 08:34:31,6.516666666666667,Mumbai,Kurla,bike,8,1,0,0.3949924156144562,0
O00646,S004,P050,Personal Care,2026-06-13 19:28:00,2026-06-13 19:38:00,2026-06-13 19:44:05,2026-06-13 19:44:05,16.083333333333332,Mumbai,Dadar,bike,19,0,1,0.40596108698153455,0
O00901,S019,P012,Bakery,2026-06-22 22:11:00,2026-06-22 22:21:00,2026-06-22 22:22:43,2026-06-22 22:22:43,11.716666666666667,Bengaluru,Yelahanka,bike,22,0,1,0.5821491538669165,1
O01645,S006,P019,Household,2026-06-14 02:20:00,2026-06-14 02:30:00,2026-06-14 02:28:21,2026-06-14 02:28:21,8.35,Mumbai,Chembur,bike,2,1,0,0.24294894242256612,0
O01692,S008,P015,Bakery,2026-06-06 04:38:00,2026-06-06 04:48:00,2026-06-06 04:50:12,2026-06-06 04:50:12,12.2,Mumbai,Worli,bike,4,0,1,0.2873418448237642,0
O01772,S002,P025,Beverages,2026-06-04 17:27:00,2026-06-04 17:37:00,2026-06-04 17:33:41,2026-06-04 17:33:41,6.683333333333334,Mumbai,Bandra,scooter,17,1,0,0.4731318846647794,0
O00503,S020,P025,Household,2026-06-20 03:43:00,2026-06-20 03:53:00,2026-06-20 03:54:04,2026-06-20 03:54:04,11.066666666666666,Bengaluru,Malleshwaram,scooter,3,0,1,0.2079573605646935,0
O01294,S013,P010,Bakery,2026-06-08 19:27:00,2026-06-08 19:37:00,2026-06-08 19:37:37,2026-06-08 19:37:37,10.616666666666667,Bengaluru,Whitefield,bike,19,0,1,0.5148235144737525,1
O01715,S005,P038,Beverages,2026-06-19 08:05:00,2026-06-19 08:15:00,2026-06-19 08:10:26,2026-06-19 08:10:26,5.433333333333334,Mumbai,Malad,bike,8,1,0,0.2889701220776197,0
O00507,S018,P058,Grocery,2026-06-01 17:10:00,2026-06-01 17:20:00,2026-06-01 17:16:24,2026-06-01 17:16:24,6.4,Bengaluru,Electronic City,bike,17,1,0,0.39179997066223815,0
O00532,S008,P059,Household,2026-06-25 16:47:00,2026-06-25 16:57:00,2026-06-25 16:53:14,2026-06-25 16:53:14,6.233333333333333,Mumbai,Worli,bicycle,16,1,0,0.4647280863277992,0
O00241,S015,P010,Dairy,2026-06-11 21:20:00,2026-06-11 21:30:00,2026-06-11 21:32:00,2026-06-11 21:32:00,12.0,Bengaluru,Jayanagar,bike,21,0,1,0.5139150580825497,1
O01077,S014,P042,Grocery,2026-06-28 21:27:00,2026-06-28 21:37:00,2026-06-28 21:39:37,2026-06-28 21:39:37,12.616666666666667,Bengaluru,HSR Layout,bike,21,0,1,0.914075377895417,1
O00297,S019,P056,Personal Care,2026-06-24 08:16:00,2026-06-24 08:26:00,2026-06-24 08:22:21,2026-06-24 08:22:21,6.35,Bengaluru,Yelahanka,bike,8,1,0,0.18837154846837115,0
O00623,S019,P042,Dairy,2026-06-25 10:20:00,2026-06-25 10:30:00,2026-06-25 10:27:46,2026-06-25 10:27:46,7.766666666666667,Bengaluru,Yelahanka,bike,10,1,0,0.32456549760829645,0
O00489,S002,P025,Beverages,2026-06-25 15:03:00,2026-06-25 15:13:00,2026-06-25 15:10:08,2026-06-25 15:10:08,7.133333333333334,Mumbai,Bandra,scooter,15,1,0,0.43228648847670936,0
O01295,S016,P006,Bakery,2026-06-06 14:52:00,2026-06-06 15:02:00,2026-06-06 15:02:01,2026-06-06 15:02:01,10.016666666666667,Bengaluru,Marathahalli,bike,14,0,1,0.44854817884952647,0
O00332,S014,P035,Grocery,2026-06-26 22:44:00,2026-06-26 22:54:00,2026-06-26 22:55:21,2026-06-26 22:55:21,11.35,Bengaluru,HSR Layout,bike,22,0,1,0.9203358333330942,1
O00069,S020,P052,Snacks,2026-06-26 23:50:00,2026-06-27 00:00:00,2026-06-27 00:01:07,2026-06-27 00:01:07,11.116666666666667,Bengaluru,Malleshwaram,bike,23,0,1,0.596555886232498,1
O01220,S016,P020,Dairy,2026-06-21 19:49:00,2026-06-21 19:59:00,2026-06-21 19:56:43,2026-06-21 19:56:43,7.716666666666667,Bengaluru,Marathahalli,bike,19,1,0,0.5327244253278381,1
O00954,S008,P034,Dairy,2026-06-28 17:26:00,2026-06-28 17:36:00,2026-06-28 17:37:05,2026-06-28 17:37:05,11.083333333333334,Mumbai,Worli,bike,17,0,1,0.5222611133803612,1
O01004,S019,P039,Beverages,2026-06-02 14:31:00,2026-06-02 14:41:00,2026-06-02 14:40:43,2026-06-02 14:40:43,9.716666666666667,Bengaluru,Yelahanka,bike,14,1,0,0.3792705172546092,0
O01125,S001,P032,Household,2026-06-11 09:27:00,2026-06-11 09:37:00,2026-06-11 09:33:16,2026-06-11 09:33:16,6.266666666666667,Mumbai,Andheri,scooter,9,1,0,0.31248667057042484,0
O00500,S003,P024,Household,2026-06-06 07:25:00,2026-06-06 07:35:00,2026-06-06 07:35:42,2026-06-06 07:35:42,10.7,Mumbai,Powai,bike,7,0,1,0.4051949809951048,0
O00164,S001,P021,Dairy,2026-06-26 21:29:00,2026-06-26 21:39:00,2026-06-26 21:42:13,2026-06-26 21:42:13,13.216666666666667,Mumbai,Andheri,bicycle,21,0,1,0.5864099695851143,1
O00873,S012,P026,Dairy,2026-06-23 20:23:00,2026-06-23 20:33:00,2026-06-23 20:30:13,2026-06-23 20:30:13,7.216666666666667,Bengaluru,Indiranagar,scooter,20,1,0,0.1825671535064538,0
O00446,S017,P027,Bakery,2026-06-19 20:30:00,2026-06-19 20:40:00,2026-06-19 20:38:33,2026-06-19 20:38:33,8.55,Bengaluru,JP Nagar,bike,20,1,0,0.7116880449943598,1
O00444,S008,P054,Beverages,2026-06-19 06:48:00,2026-06-19 06:58:00,2026-06-19 06:57:09,2026-06-19 06:57:09,9.15,Mumbai,Worli,bike,6,1,0,0.2874470363388068,0
O00967,S002,P001,Beverages,2026-06-17 17:19:00,2026-06-17 17:29:00,2026-06-17 17:29:37,2026-06-17 17:29:37,10.616666666666667,Mumbai,Bandra,scooter,17,0,1,0.4731318846647794,0
O00742,S018,P054,Dairy,2026-06-19 17:11:00,2026-06-19 17:21:00,2026-06-19 17:18:07,2026-06-19 17:18:07,7.116666666666666,Bengaluru,Electronic City,bike,17,1,0,0.38377927881466667,0
O01775,S004,P056,Beverages,2026-06-27 18:17:00,2026-06-27 18:27:00,2026-06-27 18:26:37,2026-06-27 18:26:37,9.616666666666667,Mumbai,Dadar,bike,18,1,0,0.5024900166451745,1
O00499,S002,P001,Dairy,2026-06-22 17:21:00,2026-06-22 17:31:00,2026-06-22 17:27:19,2026-06-22 17:27:19,6.316666666666666,Mumbai,Bandra,scooter,17,1,0,0.4955264472307277,0
O01753,S002,P054,Personal Care,2026-06-06 12:00:00,2026-06-06 12:10:00,2026-06-06 12:05:36,2026-06-06 12:05:36,5.6,Mumbai,Bandra,bike,12,1,0,0.27030402785341684,0
O01070,S001,P008,Bakery,2026-06-12 21:28:00,2026-06-12 21:38:00,2026-06-12 21:41:01,2026-06-12 21:41:01,13.016666666666667,Mumbai,Andheri,bike,21,0,1,0.6044163925776905,1
O00563,S001,P053,Fruits & Vegetables,2026-06-25 16:58:00,2026-06-25 17:08:00,2026-06-25 17:08:25,2026-06-25 17:08:25,10.416666666666666,Mumbai,Andheri,scooter,16,0,1,0.6491293267375927,1
O00875,S014,P052,Bakery,2026-06-10 08:46:00,2026-06-10 08:56:00,2026-06-10 08:59:32,2026-06-10 08:59:32,13.533333333333333,Bengaluru,HSR Layout,bike,8,0,1,0.7913735494812667,1
O00850,S018,P046,Snacks,2026-06-18 18:13:00,2026-06-18 18:23:00,2026-06-18 18:20:21,2026-06-18 18:20:21,7.35,Bengaluru,Electronic City,bike,18,1,0,0.3869581051964861,0
O00311,S018,P037,Grocery,2026-06-06 21:20:00,2026-06-06 21:30:00,2026-06-06 21:30:00,2026-06-06 21:30:00,10.0,Bengaluru,Electronic City,scooter,21,1,0,0.4725656267483668,0
O01044,S015,P058,Household,2026-06-26 12:53:00,2026-06-26 13:03:00,2026-06-26 13:02:26,2026-06-26 13:02:26,9.433333333333334,Bengaluru,Jayanagar,bike,12,1,0,0.3026816839147467,0
O00402,S003,P038,Grocery,2026-06-14 18:08:00,2026-06-14 18:18:00,2026-06-14 18:16:53,2026-06-14 18:16:53,8.883333333333333,Mumbai,Powai,bike,18,1,0,0.6693191195931916,1
O01754,S019,P026,Bakery,2026-06-07 13:16:00,2026-06-07 13:26:00,2026-06-07 13:23:50,2026-06-07 13:23:50,7.833333333333333,Bengaluru,Yelahanka,scooter,13,1,0,0.39874832725100395,0
O00023,S013,P009,Beverages,2026-06-15 11:48:00,2026-06-15 11:58:00,2026-06-15 11:56:15,2026-06-15 11:56:15,8.25,Bengaluru,Whitefield,bike,11,1,0,0.31757548814141084,0
O01694,S008,P038,Bakery,2026-06-15 07:56:00,2026-06-15 08:06:00,2026-06-15 08:04:02,2026-06-15 08:04:02,8.033333333333333,Mumbai,Worli,bike,7,1,0,0.34053728302658015,0
O01181,S003,P007,Household,2026-06-27 07:47:00,2026-06-27 07:57:00,2026-06-27 07:56:51,2026-06-27 07:56:51,9.85,Mumbai,Powai,bike,7,1,0,0.4051949809951048,0
O00154,S010,P059,Household,2026-06-12 00:55:00,2026-06-12 01:05:00,2026-06-12 01:01:33,2026-06-12 01:01:33,6.55,Mumbai,Goregaon,bicycle,0,1,0,0.1684375270691374,0
O00484,S017,P013,Grocery,2026-06-22 00:46:00,2026-06-22 00:56:00,2026-06-22 00:55:14,2026-06-22 00:55:14,9.233333333333333,Bengaluru,JP Nagar,bike,0,1,0,0.3128350513062803,0
O00401,S008,P058,Fruits & Vegetables,2026-06-23 21:29:00,2026-06-23 21:39:00,2026-06-23 21:43:46,2026-06-23 21:43:46,14.766666666666667,Mumbai,Worli,bike,21,0,1,0.7497836934350574,1
O00017,S013,P017,Bakery,2026-06-10 13:46:00,2026-06-10 13:56:00,2026-06-10 13:56:33,2026-06-10 13:56:33,10.55,Bengaluru,Whitefield,bike,13,0,1,0.3928029157040415,0
O00098,S016,P019,Fruits & Vegetables,2026-06-27 19:02:00,2026-06-27 19:12:00,2026-06-27 19:08:54,2026-06-27 19:08:54,6.9,Bengaluru,Marathahalli,bike,19,1,0,0.6920106490095251,1
O01331,S004,P022,Fruits & Vegetables,2026-06-29 19:06:00,2026-06-29 19:16:00,2026-06-29 19:18:19,2026-06-29 19:18:19,12.316666666666666,Mumbai,Dadar,bike,19,0,1,0.7027794670516945,1
O00189,S003,P049,Dairy,2026-06-09 13:32:00,2026-06-09 13:42:00,2026-06-09 13:42:19,2026-06-09 13:42:19,10.316666666666666,Mumbai,Powai,bike,13,0,1,0.5643759989712291,1
O01030,S001,P002,Beverages,2026-06-08 20:19:00,2026-06-08 20:29:00,2026-06-08 20:35:23,2026-06-08 20:35:23,16.383333333333333,Mumbai,Andheri,bike,20,0,1,0.544131459534305,1
O01588,S007,P018,Dairy,2026-06-09 16:08:00,2026-06-09 16:18:00,2026-06-09 16:18:56,2026-06-09 16:18:56,10.933333333333334,Mumbai,Borivali,scooter,16,0,1,0.9050633891757996,1
O00177,S002,P051,Household,2026-06-03 11:35:00,2026-06-03 11:45:00,2026-06-03 11:41:57,2026-06-03 11:41:57,6.95,Mumbai,Bandra,bike,11,1,0,0.34058212296844914,0
O01537,S010,P059,Beverages,2026-06-20 19:59:00,2026-06-20 20:09:00,2026-06-20 20:10:41,2026-06-20 20:10:41,11.683333333333334,Mumbai,Goregaon,bicycle,19,0,1,0.5071428741435329,1
O01711,S003,P016,Dairy,2026-06-11 18:46:00,2026-06-11 18:56:00,2026-06-11 18:50:55,2026-06-11 18:50:55,4.916666666666667,Mumbai,Powai,bike,18,1,0,0.661799097306095,1
O00015,S018,P007,Grocery,2026-06-21 23:53:00,2026-06-22 00:03:00,2026-06-22 00:02:32,2026-06-22 00:02:32,9.533333333333333,Bengaluru,Electronic City,bike,23,1,0,0.5137726329162922,1
O01727,S008,P021,Fruits & Vegetables,2026-06-05 10:14:00,2026-06-05 10:24:00,2026-06-05 10:20:59,2026-06-05 10:20:59,6.983333333333333,Mumbai,Worli,bicycle,10,1,0,0.547412471547026,1
O00410,S003,P038,Beverages,2026-06-30 19:01:00,2026-06-30 19:11:00,2026-06-30 19:21:44,2026-06-30 19:21:44,20.733333333333334,Mumbai,Powai,bike,19,0,1,0.6601845345981454,1
O01088,S020,P001,Bakery,2026-06-13 14:27:00,2026-06-13 14:37:00,2026-06-13 14:37:37,2026-06-13 14:37:37,10.616666666666667,Bengaluru,Malleshwaram,scooter,14,0,1,0.44835046823820984,0
O01228,S006,P006,Beverages,2026-06-28 19:05:00,2026-06-28 19:15:00,2026-06-28 19:22:56,2026-06-28 19:22:56,17.933333333333334,Mumbai,Chembur,bike,19,0,1,0.5802459859849094,1
O01662,S004,P037,Beverages,2026-06-06 20:49:00,2026-06-06 20:59:00,2026-06-06 21:05:33,2026-06-06 21:05:33,16.55,Mumbai,Dadar,scooter,20,0,1,0.5436169631355289,1
O00391,S017,P001,Grocery,2026-06-28 20:15:00,2026-06-28 20:25:00,2026-06-28 20:26:44,2026-06-28 20:26:44,11.733333333333333,Bengaluru,JP Nagar,scooter,20,0,1,0.7032087115965815,1
O01192,S005,P002,Snacks,2026-06-28 15:44:00,2026-06-28 15:54:00,2026-06-28 15:49:36,2026-06-28 15:49:36,5.6,Mumbai,Malad,bike,15,1,0,0.42496304013048264,0
O01597,S012,P047,Fruits & Vegetables,2026-06-07 17:56:00,2026-06-07 18:06:00,2026-06-07 18:09:16,2026-06-07 18:09:16,13.266666666666667,Bengaluru,Indiranagar,bicycle,17,0,1,0.25577827240452883,0
O01377,S015,P060,Snacks,2026-06-04 07:16:00,2026-06-04 07:26:00,2026-06-04 07:25:30,2026-06-04 07:25:30,9.5,Bengaluru,Jayanagar,scooter,7,1,0,0.23720822006900927,0
O01691,S003,P052,Grocery,2026-06-15 16:15:00,2026-06-15 16:25:00,2026-06-15 16:24:08,2026-06-15 16:24:08,9.133333333333333,Mumbai,Powai,bike,16,1,0,0.6318484426510983,1
O00430,S016,P010,Household,2026-06-24 06:22:00,2026-06-24 06:32:00,2026-06-24 06:30:54,2026-06-24 06:30:54,8.9,Bengaluru,Marathahalli,bike,6,1,0,0.2517963837460354,0
O01056,S002,P013,Personal Care,2026-06-25 17:15:00,2026-06-25 17:25:00,2026-06-25 17:21:42,2026-06-25 17:21:42,6.7,Mumbai,Bandra,bike,17,1,0,0.35877156344753414,0
O01416,S015,P023,Beverages,2026-06-04 21:05:00,2026-06-04 21:15:00,2026-06-04 21:14:15,2026-06-04 21:14:15,9.25,Bengaluru,Jayanagar,bike,21,1,0,0.4914991220692902,0
O00756,S015,P037,Dairy,2026-06-03 19:58:00,2026-06-03 20:08:00,2026-06-03 20:03:54,2026-06-03 20:03:54,5.9,Bengaluru,Jayanagar,scooter,19,1,0,0.4727077342913435,0
O00157,S019,P039,Snacks,2026-06-29 05:10:00,2026-06-29 05:20:00,2026-06-29 05:18:52,2026-06-29 05:18:52,8.866666666666667,Bengaluru,Yelahanka,bike,5,1,0,0.22894023092783136,0
O00464,S003,P019,Grocery,2026-06-13 05:54:00,2026-06-13 06:04:00,2026-06-13 06:06:39,2026-06-13 06:06:39,12.65,Mumbai,Powai,bike,5,0,1,0.40924612723559495,0
O00476,S006,P044,Household,2026-06-21 06:22:00,2026-06-21 06:32:00,2026-06-21 06:34:08,2026-06-21 06:34:08,12.133333333333333,Mumbai,Chembur,scooter,6,0,1,0.3085995248178062,0
O00996,S004,P001,Dairy,2026-06-21 14:44:00,2026-06-21 14:54:00,2026-06-21 14:50:34,2026-06-21 14:50:34,6.566666666666666,Mumbai,Dadar,scooter,14,1,0,0.4426872510250125,0
O00890,S007,P051,Snacks,2026-06-14 14:04:00,2026-06-14 14:14:00,2026-06-14 14:17:11,2026-06-14 14:17:11,13.183333333333334,Mumbai,Borivali,bike,14,0,1,0.8829624564219816,1
O00475,S018,P012,Beverages,2026-06-04 14:47:00,2026-06-04 14:57:00,2026-06-04 14:55:27,2026-06-04 14:55:27,8.45,Bengaluru,Electronic City,bike,14,1,0,0.3077525452008164,0
O00413,S006,P023,Personal Care,2026-06-30 08:17:00,2026-06-30 08:27:00,2026-06-30 08:24:26,2026-06-30 08:24:26,7.433333333333334,Mumbai,Chembur,bike,8,1,0,0.2579639222160499,0
O00867,S017,P022,Beverages,2026-06-16 21:48:00,2026-06-16 21:58:00,2026-06-16 22:00:30,2026-06-16 22:00:30,12.5,Bengaluru,JP Nagar,bike,21,0,1,0.694583102893215,1
O01446,S014,P007,Dairy,2026-06-17 13:20:00,2026-06-17 13:30:00,2026-06-17 13:30:30,2026-06-17 13:30:30,10.5,Bengaluru,HSR Layout,bike,13,0,1,0.8416888800114289,1
O00946,S002,P045,Personal Care,2026-06-09 16:19:00,2026-06-09 16:29:00,2026-06-09 16:26:06,2026-06-09 16:26:06,7.1,Mumbai,Bandra,bike,16,1,0,0.3400265194502828,0
O01408,S009,P021,Bakery,2026-06-08 06:49:00,2026-06-08 06:59:00,2026-06-08 07:00:02,2026-06-08 07:00:02,11.033333333333333,Mumbai,Kurla,bicycle,6,0,1,0.37365475765501277,0
O00473,S009,P059,Fruits & Vegetables,2026-06-13 12:02:00,2026-06-13 12:12:00,2026-06-13 12:06:52,2026-06-13 12:06:52,4.866666666666666,Mumbai,Kurla,bicycle,12,1,0,0.6415231521424902,1
O00902,S017,P015,Fruits & Vegetables,2026-06-04 19:20:00,2026-06-04 19:30:00,2026-06-04 19:25:44,2026-06-04 19:25:44,5.733333333333333,Bengaluru,JP Nagar,bike,19,1,0,0.8060920304872923,1
O01784,S008,P018,Bakery,2026-06-26 05:29:00,2026-06-26 05:39:00,2026-06-26 05:41:19,2026-06-26 05:41:19,12.316666666666666,Mumbai,Worli,scooter,5,0,1,0.3045226211847573,0
O00362,S013,P033,Beverages,2026-06-23 21:23:00,2026-06-23 21:33:00,2026-06-23 21:32:38,2026-06-23 21:32:38,9.633333333333333,Bengaluru,Whitefield,scooter,21,1,0,0.514951808946999,1
O01672,S015,P033,Snacks,2026-06-26 17:21:00,2026-06-26 17:31:00,2026-06-26 17:30:19,2026-06-26 17:30:19,9.316666666666666,Bengaluru,Jayanagar,scooter,17,1,0,0.41501165098041176,0
O01222,S003,P008,Bakery,2026-06-21 18:32:00,2026-06-21 18:42:00,2026-06-21 18:43:54,2026-06-21 18:43:54,11.9,Mumbai,Powai,bike,18,0,1,0.6783237732885752,1
O01684,S005,P038,Grocery,2026-06-09 12:32:00,2026-06-09 12:42:00,2026-06-09 12:42:57,2026-06-09 12:42:57,10.95,Mumbai,Malad,bike,12,0,1,0.39006953250455745,0
O00602,S015,P025,Bakery,2026-06-25 09:21:00,2026-06-25 09:31:00,2026-06-25 09:27:14,2026-06-25 09:27:14,6.233333333333333,Bengaluru,Jayanagar,scooter,9,1,0,0.29748940710985705,0
O00234,S015,P032,Beverages,2026-06-16 02:25:00,2026-06-16 02:35:00,2026-06-16 02:34:54,2026-06-16 02:34:54,9.9,Bengaluru,Jayanagar,scooter,2,1,0,0.16783442175824778,0
O00195,S020,P030,Snacks,2026-06-04 20:31:00,2026-06-04 20:41:00,2026-06-04 20:39:25,2026-06-04 20:39:25,8.416666666666666,Bengaluru,Malleshwaram,bike,20,1,0,0.5358649292289182,1
O01017,S004,P056,Personal Care,2026-06-30 12:46:00,2026-06-30 12:56:00,2026-06-30 12:52:41,2026-06-30 12:52:41,6.683333333333334,Mumbai,Dadar,bike,12,1,0,0.27727469369075475,0
O01241,S006,P021,Fruits & Vegetables,2026-06-06 11:47:00,2026-06-06 11:57:00,2026-06-06 11:55:17,2026-06-06 11:55:17,8.283333333333333,Mumbai,Chembur,bicycle,11,1,0,0.6063765843960662,1
O00501,S009,P054,Fruits & Vegetables,2026-06-23 20:51:00,2026-06-23 21:01:00,2026-06-23 21:01:30,2026-06-23 21:01:30,10.5,Mumbai,Kurla,bike,20,0,1,0.7758754966202946,1
O01539,S018,P035,Personal Care,2026-06-01 14:52:00,2026-06-01 15:02:00,2026-06-01 15:01:59,2026-06-01 15:01:59,9.983333333333333,Bengaluru,Electronic City,bike,14,1,0,0.21690895550788272,0
O00308,S018,P031,Grocery,2026-06-21 01:10:00,2026-06-21 01:20:00,2026-06-21 01:17:46,2026-06-21 01:17:46,7.766666666666667,Bengaluru,Electronic City,bike,1,1,0,0.1468691730885153,0
O00512,S018,P014,Bakery,2026-06-11 12:03:00,2026-06-11 12:13:00,2026-06-11 12:11:00,2026-06-11 12:11:00,8.0,Bengaluru,Electronic City,scooter,12,1,0,0.30764313110540153,0
O00380,S011,P009,Fruits & Vegetables,2026-06-28 20:26:00,2026-06-28 20:36:00,2026-06-28 20:34:46,2026-06-28 20:34:46,8.766666666666667,Bengaluru,Koramangala,bike,20,1,0,0.8312168944370422,1
O00492,S017,P018,Dairy,2026-06-14 20:06:00,2026-06-14 20:16:00,2026-06-14 20:16:02,2026-06-14 20:16:02,10.033333333333333,Bengaluru,JP Nagar,scooter,20,0,1,0.6961094601754731,1
O00831,S006,P011,Grocery,2026-06-16 15:04:00,2026-06-16 15:14:00,2026-06-16 15:15:02,2026-06-16 15:15:02,11.033333333333333,Mumbai,Chembur,bike,15,0,1,0.5293027124617896,1
O00761,S004,P021,Snacks,2026-06-26 11:29:00,2026-06-26 11:39:00,2026-06-26 11:34:34,2026-06-26 11:34:34,5.566666666666666,Mumbai,Dadar,bicycle,11,1,0,0.3666194979396991,0
O00367,S006,P029,Bakery,2026-06-01 23:27:00,2026-06-01 23:37:00,2026-06-01 23:36:25,2026-06-01 23:36:25,9.416666666666666,Mumbai,Chembur,bike,23,1,0,0.6938385032671384,1
O01386,S009,P012,Personal Care,2026-06-22 20:45:00,2026-06-22 20:55:00,2026-06-22 21:01:03,2026-06-22 21:01:03,16.05,Mumbai,Kurla,bike,20,0,1,0.5001335224882909,1
O00989,S016,P020,Dairy,2026-06-05 18:19:00,2026-06-05 18:29:00,2026-06-05 18:29:30,2026-06-05 18:29:30,10.5,Bengaluru,Marathahalli,bike,18,0,1,0.5121498431401352,1
O00860,S017,P054,Bakery,2026-06-15 11:08:00,2026-06-15 11:18:00,2026-06-15 11:16:30,2026-06-15 11:16:30,8.5,Bengaluru,JP Nagar,bike,11,1,0,0.5402406056075515,1
O01677,S005,P055,Beverages,2026-06-25 20:48:00,2026-06-25 20:58:00,2026-06-25 21:01:44,2026-06-25 21:01:44,13.733333333333333,Mumbai,Malad,bike,20,0,1,0.5223158086279487,1
O00269,S012,P040,Personal Care,2026-06-08 22:30:00,2026-06-08 22:40:00,2026-06-08 22:39:21,2026-06-08 22:39:21,9.35,Bengaluru,Indiranagar,bike,22,1,0,0.13045932678594854,0
O00583,S018,P053,Grocery,2026-06-29 21:43:00,2026-06-29 21:53:00,2026-06-29 21:50:13,2026-06-29 21:50:13,7.216666666666667,Bengaluru,Electronic City,scooter,21,1,0,0.4725656267483668,0
O00068,S007,P005,Personal Care,2026-06-04 18:19:00,2026-06-04 18:29:00,2026-06-04 18:28:59,2026-06-04 18:28:59,9.983333333333333,Mumbai,Borivali,bike,18,1,0,0.8649401909084913,1
O00695,S015,P036,Grocery,2026-06-02 09:33:00,2026-06-02 09:43:00,2026-06-02 09:41:01,2026-06-02 09:41:01,8.016666666666667,Bengaluru,Jayanagar,bike,9,1,0,0.28899832537009457,0
O01547,S010,P009,Personal Care,2026-06-21 20:33:00,2026-06-21 20:43:00,2026-06-21 20:46:06,2026-06-21 20:46:06,13.1,Mumbai,Goregaon,bike,20,0,1,0.41045754729431444,0
O00698,S018,P018,Personal Care,2026-06-05 11:25:00,2026-06-05 11:35:00,2026-06-05 11:31:19,2026-06-05 11:31:19,6.316666666666666,Bengaluru,Electronic City,scooter,11,1,0,0.17781822431814245,0
O00371,S001,P001,Household,2026-06-27 07:55:00,2026-06-27 08:05:00,2026-06-27 08:01:08,2026-06-27 08:01:08,6.133333333333334,Mumbai,Andheri,scooter,7,1,0,0.27818717301268686,0
O01528,S003,P009,Fruits & Vegetables,2026-06-29 13:08:00,2026-06-29 13:18:00,2026-06-29 13:18:35,2026-06-29 13:18:35,10.583333333333334,Mumbai,Powai,bike,13,0,1,0.7185726046355061,1
O01127,S011,P037,Fruits & Vegetables,2026-06-13 09:25:00,2026-06-13 09:35:00,2026-06-13 09:37:07,2026-06-13 09:37:07,12.116666666666667,Bengaluru,Koramangala,scooter,9,0,1,0.665307844991463,1
O00790,S004,P004,Dairy,2026-06-15 12:19:00,2026-06-15 12:29:00,2026-06-15 12:28:37,2026-06-15 12:28:37,9.616666666666667,Mumbai,Dadar,bike,12,1,0,0.40246245213802057,0
O00603,S015,P044,Bakery,2026-06-29 16:01:00,2026-06-29 16:11:00,2026-06-29 16:08:16,2026-06-29 16:08:16,7.266666666666667,Bengaluru,Jayanagar,scooter,16,1,0,0.4299760534582713,0
O00327,S013,P021,Beverages,2026-06-24 18:31:00,2026-06-24 18:41:00,2026-06-24 18:42:25,2026-06-24 18:42:25,11.416666666666666,Bengaluru,Whitefield,bicycle,18,0,1,0.4532362340277814,0
O00091,S007,P028,Snacks,2026-06-18 09:09:00,2026-06-18 09:19:00,2026-06-18 09:24:08,2026-06-18 09:24:08,15.133333333333333,Mumbai,Borivali,bike,9,0,1,0.8331901286492039,1
O00998,S013,P052,Beverages,2026-06-03 07:00:00,2026-06-03 07:10:00,2026-06-03 07:10:18,2026-06-03 07:10:18,10.3,Bengaluru,Whitefield,bike,7,0,1,0.25070779369072177,0
O00763,S019,P028,Fruits & Vegetables,2026-06-19 19:34:00,2026-06-19 19:44:00,2026-06-19 19:43:56,2026-06-19 19:43:56,9.933333333333334,Bengaluru,Yelahanka,bike,19,1,0,0.6654923767284786,1
O01045,S020,P009,Dairy,2026-06-17 17:48:00,2026-06-17 17:58:00,2026-06-17 17:54:39,2026-06-17 17:54:39,6.65,Bengaluru,Malleshwaram,bike,17,1,0,0.49133423237949864,0
O01616,S019,P025,Dairy,2026-06-18 16:44:00,2026-06-18 16:54:00,2026-06-18 16:50:10,2026-06-18 16:50:10,6.166666666666667,Bengaluru,Yelahanka,scooter,16,1,0,0.4407763275776637,0
O01337,S003,P032,Snacks,2026-06-15 11:59:00,2026-06-15 12:09:00,2026-06-15 12:07:49,2026-06-15 12:07:49,8.816666666666666,Mumbai,Powai,scooter,11,1,0,0.506233064250911,1
O00783,S009,P004,Bakery,2026-06-19 08:03:00,2026-06-19 08:13:00,2026-06-19 08:10:50,2026-06-19 08:10:50,7.833333333333333,Mumbai,Kurla,bike,8,1,0,0.4129903158043662,0
O01782,S007,P037,Dairy,2026-06-01 17:21:00,2026-06-01 17:31:00,2026-06-01 17:30:52,2026-06-01 17:30:52,9.866666666666667,Mumbai,Borivali,scooter,17,1,0,0.9119171838424831,1
O00082,S018,P009,Beverages,2026-06-02 22:35:00,2026-06-02 22:45:00,2026-06-02 22:44:54,2026-06-02 22:44:54,9.9,Bengaluru,Electronic City,bike,22,1,0,0.4623617611756712,0
O01793,S005,P059,Fruits & Vegetables,2026-06-04 20:47:00,2026-06-04 20:57:00,2026-06-04 21:03:31,2026-06-04 21:03:31,16.516666666666666,Mumbai,Malad,bicycle,20,0,1,0.7021286618841563,1
O00838,S020,P058,Dairy,2026-06-19 22:54:00,2026-06-19 23:04:00,2026-06-19 23:06:12,2026-06-19 23:06:12,12.2,Bengaluru,Malleshwaram,bike,22,0,1,0.5933216724231701,1
O00774,S001,P010,Bakery,2026-06-22 13:08:00,2026-06-22 13:18:00,2026-06-22 13:15:53,2026-06-22 13:15:53,7.883333333333334,Mumbai,Andheri,bike,13,1,0,0.44129501433834056,0
O00062,S011,P014,Bakery,2026-06-11 11:56:00,2026-06-11 12:06:00,2026-06-11 12:04:09,2026-06-11 12:04:09,8.15,Bengaluru,Koramangala,scooter,11,1,0,0.5617573354096171,1
O00751,S006,P018,Snacks,2026-06-01 22:35:00,2026-06-01 22:45:00,2026-06-01 22:47:54,2026-06-01 22:47:54,12.9,Mumbai,Chembur,scooter,22,0,1,0.6437866948653246,1
O00925,S004,P052,Bakery,2026-06-04 18:13:00,2026-06-04 18:23:00,2026-06-04 18:19:02,2026-06-04 18:19:02,6.033333333333333,Mumbai,Dadar,bike,18,1,0,0.5434895291227133,1
O01701,S016,P032,Dairy,2026-06-06 06:27:00,2026-06-06 06:37:00,2026-06-06 06:35:46,2026-06-06 06:35:46,8.766666666666667,Bengaluru,Marathahalli,scooter,6,1,0,0.2806772348815731,0
O00506,S008,P031,Household,2026-06-22 18:24:00,2026-06-22 18:34:00,2026-06-22 18:32:11,2026-06-22 18:32:11,8.183333333333334,Mumbai,Worli,bike,18,1,0,0.5059071987183995,1
O01124,S015,P055,Grocery,2026-06-12 07:55:00,2026-06-12 08:05:00,2026-06-12 08:00:44,2026-06-12 08:00:44,5.733333333333333,Bengaluru,Jayanagar,bike,7,1,0,0.25631580472435594,0
O00064,S003,P050,Grocery,2026-06-25 03:15:00,2026-06-25 03:25:00,2026-06-25 03:25:36,2026-06-25 03:25:36,10.6,Mumbai,Powai,bike,3,0,1,0.3700423802481397,0
O00067,S006,P020,Snacks,2026-06-19 03:19:00,2026-06-19 03:29:00,2026-06-19 03:23:37,2026-06-19 03:23:37,4.616666666666666,Mumbai,Chembur,bike,3,1,0,0.2738434550346607,0
O00166,S011,P015,Household,2026-06-25 08:32:00,2026-06-25 08:42:00,2026-06-25 08:40:47,2026-06-25 08:40:47,8.783333333333333,Bengaluru,Koramangala,bike,8,1,0,0.44476679784553247,0
O01477,S003,P037,Snacks,2026-06-05 19:19:00,2026-06-05 19:29:00,2026-06-05 19:34:10,2026-06-05 19:34:10,15.166666666666666,Mumbai,Powai,scooter,19,0,1,0.6647963957042523,1
O00289,S002,P036,Fruits & Vegetables,2026-06-14 16:08:00,2026-06-14 16:18:00,2026-06-14 16:15:29,2026-06-14 16:15:29,7.483333333333333,Mumbai,Bandra,bike,16,1,0,0.6406255451002328,1
O00258,S007,P049,Beverages,2026-06-11 10:03:00,2026-06-11 10:13:00,2026-06-11 10:17:25,2026-06-11 10:17:25,14.416666666666666,Mumbai,Borivali,bike,10,0,1,0.8416101240497358,1
O01670,S006,P031,Personal Care,2026-06-11 07:04:00,2026-06-11 07:14:00,2026-06-11 07:11:33,2026-06-11 07:11:33,7.55,Mumbai,Chembur,bike,7,1,0,0.24249404055398635,0
O01573,S013,P040,Bakery,2026-06-17 18:36:00,2026-06-17 18:46:00,2026-06-17 18:44:03,2026-06-17 18:44:03,8.05,Bengaluru,Whitefield,bike,18,1,0,0.4942090827391042,0
O01184,S006,P033,Snacks,2026-06-15 16:13:00,2026-06-15 16:23:00,2026-06-15 16:23:43,2026-06-15 16:23:43,10.716666666666667,Mumbai,Chembur,scooter,16,0,1,0.5242262313145946,1
O01064,S010,P006,Fruits & Vegetables,2026-06-23 07:08:00,2026-06-23 07:18:00,2026-06-23 07:17:31,2026-06-23 07:17:31,9.516666666666667,Mumbai,Goregaon,bike,7,1,0,0.4518972746226588,0
O00544,S007,P056,Fruits & Vegetables,2026-06-27 07:34:00,2026-06-27 07:44:00,2026-06-27 07:47:40,2026-06-27 07:47:40,13.666666666666666,Mumbai,Borivali,bike,7,0,1,0.8994348933882734,1
O01652,S006,P018,Grocery,2026-06-20 12:11:00,2026-06-20 12:21:00,2026-06-20 12:17:22,2026-06-20 12:17:22,6.366666666666666,Mumbai,Chembur,scooter,12,1,0,0.4675250026320749,0
O01308,S010,P040,Beverages,2026-06-12 20:17:00,2026-06-12 20:27:00,2026-06-12 20:30:50,2026-06-12 20:30:50,13.833333333333334,Mumbai,Goregaon,bike,20,0,1,0.5277339007433695,1
O01324,S003,P034,Fruits & Vegetables,2026-06-05 19:25:00,2026-06-05 19:35:00,2026-06-05 19:38:31,2026-06-05 19:38:31,13.516666666666667,Mumbai,Powai,bike,19,0,1,0.807251512989694,1
O01647,S016,P028,Beverages,2026-06-12 22:44:00,2026-06-12 22:54:00,2026-06-12 22:49:52,2026-06-12 22:49:52,5.866666666666666,Bengaluru,Marathahalli,bike,22,1,0,0.5717101925559913,1
O01584,S007,P013,Snacks,2026-06-18 14:06:00,2026-06-18 14:16:00,2026-06-18 14:20:14,2026-06-18 14:20:14,14.233333333333333,Mumbai,Borivali,bike,14,0,1,0.8829624564219816,1
O00447,S013,P058,Grocery,2026-06-17 16:33:00,2026-06-17 16:43:00,2026-06-17 16:41:56,2026-06-17 16:41:56,8.933333333333334,Bengaluru,Whitefield,bike,16,1,0,0.44297691592217425,0
O00585,S019,P007,Fruits & Vegetables,2026-06-05 10:49:00,2026-06-05 10:59:00,2026-06-05 10:59:12,2026-06-05 10:59:12,10.2,Bengaluru,Yelahanka,bike,10,0,1,0.48639891059404133,0
O01762,S017,P011,Household,2026-06-06 07:10:00,2026-06-06 07:20:00,2026-06-06 07:20:38,2026-06-06 07:20:38,10.633333333333333,Bengaluru,JP Nagar,bike,7,0,1,0.4034043594504661,0
O00608,S012,P010,Snacks,2026-06-04 21:43:00,2026-06-04 21:53:00,2026-06-04 21:51:54,2026-06-04 21:51:54,8.9,Bengaluru,Indiranagar,bike,21,1,0,0.1845785602498702,0
O01437,S012,P019,Snacks,2026-06-01 14:43:00,2026-06-01 14:53:00,2026-06-01 14:52:17,2026-06-01 14:52:17,9.283333333333333,Bengaluru,Indiranagar,bike,14,1,0,0.11274908918310601,0
O00333,S018,P039,Snacks,2026-06-04 19:42:00,2026-06-04 19:52:00,2026-06-04 19:50:02,2026-06-04 19:50:02,8.033333333333333,Bengaluru,Electronic City,bike,19,1,0,0.4066960569373192,0
O00467,S009,P039,Beverages,2026-06-23 22:41:00,2026-06-23 22:51:00,2026-06-23 22:57:21,2026-06-23 22:57:21,16.35,Mumbai,Kurla,bike,22,0,1,0.6544392241949851,1
O01409,S003,P023,Personal Care,2026-06-22 17:54:00,2026-06-22 18:04:00,2026-06-22 18:03:15,2026-06-22 18:03:15,9.25,Mumbai,Powai,bike,17,1,0,0.506509775696364,1
O00384,S018,P021,Fruits & Vegetables,2026-06-19 17:53:00,2026-06-19 18:03:00,2026-06-19 18:03:02,2026-06-19 18:03:02,10.033333333333333,Bengaluru,Electronic City,bicycle,17,0,1,0.5510498526740463,1
O01545,S018,P043,Grocery,2026-06-21 17:15:00,2026-06-21 17:25:00,2026-06-21 17:24:55,2026-06-21 17:24:55,9.916666666666666,Bengaluru,Electronic City,bike,17,1,0,0.39179997066223815,0
O00156,S015,P022,Dairy,2026-06-12 11:20:00,2026-06-12 11:30:00,2026-06-12 11:30:09,2026-06-12 11:30:09,10.15,Bengaluru,Jayanagar,bike,11,0,1,0.3166766761258785,0
O00254,S015,P042,Beverages,2026-06-24 14:12:00,2026-06-24 14:22:00,2026-06-24 14:22:06,2026-06-24 14:22:06,10.1,Bengaluru,Jayanagar,bike,14,0,1,0.35175363279927263,0
O01407,S014,P041,Bakery,2026-06-22 07:33:00,2026-06-22 07:43:00,2026-06-22 07:44:37,2026-06-22 07:44:37,11.616666666666667,Bengaluru,HSR Layout,bike,7,0,1,0.7774294252300546,1
O01323,S015,P036,Beverages,2026-06-30 16:19:00,2026-06-30 16:29:00,2026-06-30 16:27:16,2026-06-30 16:27:16,8.266666666666667,Bengaluru,Jayanagar,bike,16,1,0,0.39022001072635293,0
O00540,S020,P059,Personal Care,2026-06-02 18:20:00,2026-06-02 18:30:00,2026-06-02 18:28:53,2026-06-02 18:28:53,8.883333333333333,Bengaluru,Malleshwaram,bicycle,18,1,0,0.3740231711123134,0
O01054,S014,P044,Dairy,2026-06-02 17:20:00,2026-06-02 17:30:00,2026-06-02 17:34:36,2026-06-02 17:34:36,14.6,Bengaluru,HSR Layout,scooter,17,0,1,0.8808760955522997,1
O00361,S019,P041,Beverages,2026-06-21 13:28:00,2026-06-21 13:38:00,2026-06-21 13:40:01,2026-06-21 13:40:01,12.016666666666667,Bengaluru,Yelahanka,bike,13,0,1,0.3600558383521322,0
O01059,S008,P049,Dairy,2026-06-10 16:28:00,2026-06-10 16:38:00,2026-06-10 16:39:05,2026-06-10 16:39:05,11.083333333333334,Mumbai,Worli,bike,16,0,1,0.5016567977066392,1
O01352,S006,P045,Fruits & Vegetables,2026-06-12 21:36:00,2026-06-12 21:46:00,2026-06-12 21:51:14,2026-06-12 21:51:14,15.233333333333333,Mumbai,Chembur,bike,21,0,1,0.778486481177545,1
O01660,S019,P028,Fruits & Vegetables,2026-06-25 02:18:00,2026-06-25 02:28:00,2026-06-25 02:30:23,2026-06-25 02:30:23,12.383333333333333,Bengaluru,Yelahanka,bike,2,0,1,0.3286655158000413,0
O00379,S008,P032,Fruits & Vegetables,2026-06-04 09:40:00,2026-06-04 09:50:00,2026-06-04 09:48:33,2026-06-04 09:48:33,8.55,Mumbai,Worli,scooter,9,1,0,0.526910286012003,1
O00907,S004,P010,Fruits & Vegetables,2026-06-13 18:06:00,2026-06-13 18:16:00,2026-06-13 18:13:47,2026-06-13 18:13:47,7.783333333333333,Mumbai,Dadar,bike,18,1,0,0.6852688795132,1
O00126,S014,P012,Personal Care,2026-06-05 19:56:00,2026-06-05 20:06:00,2026-06-05 20:05:55,2026-06-05 20:05:55,9.916666666666666,Bengaluru,HSR Layout,bike,19,1,0,0.8324232946750313,1
O01373,S001,P041,Dairy,2026-06-01 17:34:00,2026-06-01 17:44:00,2026-06-01 17:41:47,2026-06-01 17:41:47,7.783333333333333,Mumbai,Andheri,bike,17,1,0,0.5048096909562071,1
O01788,S020,P032,Dairy,2026-06-25 12:16:00,2026-06-25 12:26:00,2026-06-25 12:24:17,2026-06-25 12:24:17,8.283333333333333,Bengaluru,Malleshwaram,scooter,12,1,0,0.39006303491580113,0
O00382,S013,P033,Beverages,2026-06-21 18:49:00,2026-06-21 18:59:00,2026-06-21 18:57:34,2026-06-21 18:57:34,8.566666666666666,Bengaluru,Whitefield,scooter,18,1,0,0.4532362340277814,0
O01520,S015,P021,Beverages,2026-06-07 20:18:00,2026-06-07 20:28:00,2026-06-07 20:27:31,2026-06-07 20:27:31,9.516666666666667,Bengaluru,Jayanagar,bicycle,20,1,0,0.4709121487311316,0
O00405,S014,P008,Household,2026-06-25 09:19:00,2026-06-25 09:29:00,2026-06-25 09:26:40,2026-06-25 09:26:40,7.666666666666667,Bengaluru,HSR Layout,bike,9,1,0,0.7672761198505074,1
O00975,S005,P008,Household,2026-06-03 09:18:00,2026-06-03 09:28:00,2026-06-03 09:25:36,2026-06-03 09:25:36,7.6,Mumbai,Malad,bike,9,1,0,0.2939693334760073,0
O00395,S003,P057,Bakery,2026-06-28 10:54:00,2026-06-28 11:04:00,2026-06-28 11:02:42,2026-06-28 11:02:42,8.7,Mumbai,Powai,bicycle,10,1,0,0.5215541413352399,1
O01240,S017,P023,Beverages,2026-06-18 10:06:00,2026-06-18 10:16:00,2026-06-18 10:19:23,2026-06-18 10:19:23,13.383333333333333,Bengaluru,JP Nagar,bike,10,0,1,0.478612186790522,0
O01746,S004,P031,Bakery,2026-06-14 20:34:00,2026-06-14 20:44:00,2026-06-14 20:46:56,2026-06-14 20:46:56,12.933333333333334,Mumbai,Dadar,bike,20,0,1,0.5840328867367977,1
O00163,S003,P056,Household,2026-06-19 13:25:00,2026-06-19 13:35:00,2026-06-19 13:33:30,2026-06-19 13:33:30,8.5,Mumbai,Powai,bike,13,1,0,0.5277194484917345,1
O00103,S008,P054,Snacks,2026-06-15 21:41:00,2026-06-15 21:51:00,2026-06-15 21:58:22,2026-06-15 21:58:22,17.366666666666667,Mumbai,Worli,bike,21,0,1,0.5866060762150371,1
O01406,S019,P030,Snacks,2026-06-05 11:09:00,2026-06-05 11:19:00,2026-06-05 11:19:58,2026-06-05 11:19:58,10.966666666666667,Bengaluru,Yelahanka,bike,11,0,1,0.32751453571156447,0
O00478,S019,P040,Snacks,2026-06-16 20:32:00,2026-06-16 20:42:00,2026-06-16 20:41:04,2026-06-16 20:41:04,9.066666666666666,Bengaluru,Yelahanka,bike,20,1,0,0.5057090611704796,1
O01131,S011,P056,Fruits & Vegetables,2026-06-13 08:07:00,2026-06-13 08:17:00,2026-06-13 08:19:08,2026-06-13 08:19:08,12.133333333333333,Bengaluru,Koramangala,bike,8,0,1,0.6466994496347085,1
O01350,S015,P056,Fruits & Vegetables,2026-06-17 09:57:00,2026-06-17 10:07:00,2026-06-17 10:07:33,2026-06-17 10:07:33,10.55,Bengaluru,Jayanagar,bike,9,0,1,0.4364485663965221,0
O00188,S018,P060,Snacks,2026-06-23 20:54:00,2026-06-23 21:04:00,2026-06-23 21:05:31,2026-06-23 21:05:31,11.516666666666667,Bengaluru,Electronic City,scooter,20,0,1,0.4267399706163177,0
O01527,S009,P049,Bakery,2026-06-24 07:55:00,2026-06-24 08:05:00,2026-06-24 08:05:50,2026-06-24 08:05:50,10.833333333333334,Mumbai,Kurla,bike,7,0,1,0.39314930999692616,0
O00167,S017,P033,Personal Care,2026-06-29 19:22:00,2026-06-29 19:32:00,2026-06-29 19:31:23,2026-06-29 19:31:23,9.383333333333333,Bengaluru,JP Nagar,scooter,19,1,0,0.5457610834718603,1
O01340,S010,P026,Fruits & Vegetables,2026-06-28 17:43:00,2026-06-28 17:53:00,2026-06-28 17:50:18,2026-06-28 17:50:18,7.3,Mumbai,Goregaon,scooter,17,1,0,0.652886979507901,1
O00285,S011,P016,Beverages,2026-06-29 07:42:00,2026-06-29 07:52:00,2026-06-29 07:49:02,2026-06-29 07:49:02,7.033333333333333,Bengaluru,Koramangala,bike,7,1,0,0.4387969396708686,0
O01393,S011,P045,Grocery,2026-06-23 11:29:00,2026-06-23 11:39:00,2026-06-23 11:36:29,2026-06-23 11:36:29,7.483333333333333,Bengaluru,Koramangala,bike,11,1,0,0.5516464245523784,1
O00250,S009,P040,Bakery,2026-06-07 22:17:00,2026-06-07 22:27:00,2026-06-07 22:31:35,2026-06-07 22:31:35,14.583333333333334,Mumbai,Kurla,bike,22,0,1,0.6906262801481776,1
O00217,S010,P058,Beverages,2026-06-28 08:45:00,2026-06-28 08:55:00,2026-06-28 08:54:34,2026-06-28 08:54:34,9.566666666666666,Mumbai,Goregaon,bike,8,1,0,0.29345467763909033,0
O01505,S012,P018,Beverages,2026-06-26 18:49:00,2026-06-26 18:59:00,2026-06-26 18:55:39,2026-06-26 18:55:39,6.65,Bengaluru,Indiranagar,scooter,18,1,0,0.14758309360902855,0
O01290,S018,P017,Dairy,2026-06-14 21:18:00,2026-06-14 21:28:00,2026-06-14 21:25:28,2026-06-14 21:25:28,7.466666666666667,Bengaluru,Electronic City,bike,21,1,0,0.46415334544836095,0
O01239,S004,P051,Snacks,2026-06-06 15:56:00,2026-06-06 16:06:00,2026-06-06 16:01:58,2026-06-06 16:01:58,5.966666666666667,Mumbai,Dadar,bike,15,1,0,0.4460008598405592,0
O01525,S011,P021,Snacks,2026-06-03 13:32:00,2026-06-03 13:42:00,2026-06-03 13:43:41,2026-06-03 13:43:41,11.683333333333334,Bengaluru,Koramangala,bicycle,13,0,1,0.5669546460129334,1
O00699,S003,P047,Fruits & Vegetables,2026-06-17 22:39:00,2026-06-17 22:49:00,2026-06-17 22:58:08,2026-06-17 22:58:08,19.133333333333333,Mumbai,Powai,bicycle,22,0,1,0.8428618290930986,1
O00028,S007,P046,Household,2026-06-07 18:54:00,2026-06-07 19:04:00,2026-06-07 19:04:49,2026-06-07 19:04:49,10.816666666666666,Mumbai,Borivali,bike,18,0,1,0.9065142938792151,1
O00020,S003,P055,Dairy,2026-06-03 17:43:00,2026-06-03 17:53:00,2026-06-03 17:51:05,2026-06-03 17:51:05,8.083333333333334,Mumbai,Powai,bike,17,1,0,0.6431002706680553,1
O00155,S013,P005,Dairy,2026-06-24 17:01:00,2026-06-24 17:11:00,2026-06-24 17:11:04,2026-06-24 17:11:04,10.066666666666666,Bengaluru,Whitefield,bike,17,0,1,0.4550223847145268,0
O00179,S012,P020,Fruits & Vegetables,2026-06-05 17:05:00,2026-06-05 17:15:00,2026-06-05 17:13:26,2026-06-05 17:13:26,8.433333333333334,Bengaluru,Indiranagar,bike,17,1,0,0.25577827240452883,0
O00486,S015,P047,Household,2026-06-14 20:08:00,2026-06-14 20:18:00,2026-06-14 20:17:30,2026-06-14 20:17:30,9.5,Bengaluru,Jayanagar,bicycle,20,1,0,0.4564230535664163,0
O00316,S013,P028,Dairy,2026-06-22 16:24:00,2026-06-22 16:34:00,2026-06-22 16:38:12,2026-06-22 16:38:12,14.2,Bengaluru,Whitefield,bike,16,0,1,0.43465728559998695,0
O01224,S014,P020,Dairy,2026-06-04 11:45:00,2026-06-04 11:55:00,2026-06-04 11:55:16,2026-06-04 11:55:16,10.266666666666667,Bengaluru,HSR Layout,bike,11,0,1,0.8184521896555726,1
O01696,S007,P039,Bakery,2026-06-10 16:37:00,2026-06-10 16:47:00,2026-06-10 16:49:39,2026-06-10 16:49:39,12.65,Mumbai,Borivali,bike,16,0,1,0.911295195624732,1
O01097,S014,P022,Dairy,2026-06-04 13:50:00,2026-06-04 14:00:00,2026-06-04 14:03:27,2026-06-04 14:03:27,13.45,Bengaluru,HSR Layout,bike,13,0,1,0.8416888800114289,1
O00153,S020,P040,Grocery,2026-06-20 21:53:00,2026-06-20 22:03:00,2026-06-20 22:01:33,2026-06-20 22:01:33,8.55,Bengaluru,Malleshwaram,bike,21,1,0,0.5815217024125993,1
O00498,S002,P055,Beverages,2026-06-12 19:20:00,2026-06-12 19:30:00,2026-06-12 19:34:26,2026-06-12 19:34:26,14.433333333333334,Mumbai,Bandra,bike,19,0,1,0.5143401166779223,1
O00220,S016,P034,Fruits & Vegetables,2026-06-25 13:36:00,2026-06-25 13:46:00,2026-06-25 13:48:49,2026-06-25 13:48:49,12.816666666666666,Bengaluru,Marathahalli,bike,13,0,1,0.5780270056374195,1
O01464,S019,P022,Bakery,2026-06-23 20:08:00,2026-06-23 20:18:00,2026-06-23 20:16:45,2026-06-23 20:16:45,8.75,Bengaluru,Yelahanka,bike,20,1,0,0.5415663114843334,1
O00048,S016,P040,Snacks,2026-06-15 13:40:00,2026-06-15 13:50:00,2026-06-15 13:49:36,2026-06-15 13:49:36,9.6,Bengaluru,Marathahalli,bike,13,1,0,0.39345143725254556,0
O01186,S004,P056,Dairy,2026-06-03 10:24:00,2026-06-03 10:34:00,2026-06-03 10:30:49,2026-06-03 10:30:49,6.816666666666666,Mumbai,Dadar,bike,10,1,0,0.3635086799141041,0
O01043,S016,P001,Snacks,2026-06-18 12:55:00,2026-06-18 13:05:00,2026-06-18 13:06:23,2026-06-18 13:06:23,11.383333333333333,Bengaluru,Marathahalli,scooter,12,0,1,0.3739511353790649,0
O01138,S019,P007,Fruits & Vegetables,2026-06-23 21:15:00,2026-06-23 21:25:00,2026-06-23 21:26:50,2026-06-23 21:26:50,11.833333333333334,Bengaluru,Yelahanka,bike,21,0,1,0.7011583254421464,1
O00174,S005,P004,Bakery,2026-06-04 19:53:00,2026-06-04 20:03:00,2026-06-04 20:04:22,2026-06-04 20:04:22,11.366666666666667,Mumbai,Malad,bike,19,0,1,0.5427168849047052,1
O00922,S003,P059,Snacks,2026-06-28 11:21:00,2026-06-28 11:31:00,2026-06-28 11:31:29,2026-06-28 11:31:29,10.483333333333333,Mumbai,Powai,bicycle,11,0,1,0.506233064250911,1
O01152,S020,P014,Fruits & Vegetables,2026-06-14 07:13:00,2026-06-14 07:23:00,2026-06-14 07:20:46,2026-06-14 07:20:46,7.766666666666667,Bengaluru,Malleshwaram,scooter,7,1,0,0.4548788532139809,0
O00577,S013,P039,Grocery,2026-06-29 18:42:00,2026-06-29 18:52:00,2026-06-29 18:52:06,2026-06-29 18:52:06,10.1,Bengaluru,Whitefield,bike,18,0,1,0.483971310530061,0
O01002,S015,P038,Personal Care,2026-06-07 10:53:00,2026-06-07 11:03:00,2026-06-07 11:02:35,2026-06-07 11:02:35,9.583333333333334,Bengaluru,Jayanagar,bike,10,1,0,0.19554599335263798,0
O01640,S015,P033,Household,2026-06-25 14:21:00,2026-06-25 14:31:00,2026-06-25 14:31:18,2026-06-25 14:31:18,10.3,Bengaluru,Jayanagar,scooter,14,0,1,0.3385846199496386,0
O01440,S012,P043,Grocery,2026-06-02 09:22:00,2026-06-02 09:32:00,2026-06-02 09:31:05,2026-06-02 09:31:05,9.083333333333334,Bengaluru,Indiranagar,bike,9,1,0,0.08529365273424205,0
O00710,S013,P050,Grocery,2026-06-20 19:24:00,2026-06-20 19:34:00,2026-06-20 19:33:58,2026-06-20 19:33:58,9.966666666666667,Bengaluru,Whitefield,bike,19,1,0,0.5045847238796441,1
O00272,S018,P058,Personal Care,2026-06-19 15:10:00,2026-06-19 15:20:00,2026-06-19 15:22:03,2026-06-19 15:22:03,12.05,Bengaluru,Electronic City,bike,15,0,1,0.231244902677345,0
O00701,S019,P035,Personal Care,2026-06-28 07:44:00,2026-06-28 07:54:00,2026-06-28 07:52:10,2026-06-28 07:52:10,8.166666666666666,Bengaluru,Yelahanka,bike,7,1,0,0.176084718971014,0
O01780,S013,P046,Grocery,2026-06-12 17:28:00,2026-06-12 17:38:00,2026-06-12 17:38:18,2026-06-12 17:38:18,10.3,Bengaluru,Whitefield,bike,17,0,1,0.46341229565964875,0
O00870,S002,P039,Personal Care,2026-06-19 15:50:00,2026-06-19 16:00:00,2026-06-19 15:55:50,2026-06-19 15:55:50,5.833333333333333,Mumbai,Bandra,bike,15,1,0,0.32176940521771025,0
O01050,S018,P012,Grocery,2026-06-09 19:15:00,2026-06-09 19:25:00,2026-06-09 19:24:18,2026-06-09 19:24:18,9.3,Bengaluru,Electronic City,bike,19,1,0,0.43172905794614835,0
O00752,S005,P046,Beverages,2026-06-19 09:04:00,2026-06-19 09:14:00,2026-06-19 09:10:58,2026-06-19 09:10:58,6.966666666666667,Mumbai,Malad,bike,9,1,0,0.3062064248980853,0
O01787,S020,P035,Personal Care,2026-06-11 20:06:00,2026-06-11 20:16:00,2026-06-11 20:15:28,2026-06-11 20:15:28,9.466666666666667,Bengaluru,Malleshwaram,bike,20,1,0,0.41337191673868345,0
O00769,S010,P059,Fruits & Vegetables,2026-06-23 22:22:00,2026-06-23 22:32:00,2026-06-23 22:39:37,2026-06-23 22:39:37,17.616666666666667,Mumbai,Goregaon,bicycle,22,0,1,0.7396469380329087,1
O00554,S017,P010,Dairy,2026-06-06 09:53:00,2026-06-06 10:03:00,2026-06-06 10:01:52,2026-06-06 10:01:52,8.866666666666667,Bengaluru,JP Nagar,bike,9,1,0,0.48041047356146405,0
O01429,S016,P048,Household,2026-06-18 10:31:00,2026-06-18 10:41:00,2026-06-18 10:40:08,2026-06-18 10:40:08,9.133333333333333,Bengaluru,Marathahalli,bike,10,1,0,0.31883087810324773,0
O01343,S004,P019,Fruits & Vegetables,2026-06-06 16:54:00,2026-06-06 17:04:00,2026-06-06 17:04:13,2026-06-06 17:04:13,10.216666666666667,Mumbai,Dadar,bike,16,0,1,0.6486568159013902,1
O01391,S012,P026,Grocery,2026-06-04 08:20:00,2026-06-04 08:30:00,2026-06-04 08:26:18,2026-06-04 08:26:18,6.3,Bengaluru,Indiranagar,scooter,8,1,0,0.07907519263991647,0
O00963,S010,P017,Personal Care,2026-06-20 13:15:00,2026-06-20 13:25:00,2026-06-20 13:19:56,2026-06-20 13:19:56,4.933333333333334,Mumbai,Goregaon,bike,13,1,0,0.281020094163373,0
O01516,S019,P002,Snacks,2026-06-20 09:20:00,2026-06-20 09:30:00,2026-06-20 09:28:02,2026-06-20 09:28:02,8.033333333333333,Bengaluru,Yelahanka,bike,9,1,0,0.2922667495125801,0
O00780,S003,P044,Beverages,2026-06-20 05:21:00,2026-06-20 05:31:00,2026-06-20 05:29:28,2026-06-20 05:29:28,8.466666666666667,Mumbai,Powai,scooter,5,1,0,0.37976416486452624,0
O00620,S006,P004,Personal Care,2026-06-27 10:53:00,2026-06-27 11:03:00,2026-06-27 11:00:31,2026-06-27 11:00:31,7.516666666666667,Mumbai,Chembur,bike,10,1,0,0.2907744256194195,0
O01471,S006,P021,Snacks,2026-06-23 13:08:00,2026-06-23 13:18:00,2026-06-23 13:19:07,2026-06-23 13:19:07,11.116666666666667,Mumbai,Chembur,bicycle,13,0,1,0.4624588917872019,0
O01472,S009,P032,Bakery,2026-06-22 10:12:00,2026-06-22 10:22:00,2026-06-22 10:20:35,2026-06-22 10:20:35,8.583333333333334,Mumbai,Kurla,scooter,10,1,0,0.4534688105128183,0
O00065,S001,P040,Dairy,2026-06-08 07:42:00,2026-06-08 07:52:00,2026-06-08 07:52:43,2026-06-08 07:52:43,10.716666666666667,Mumbai,Andheri,bike,7,0,1,0.308845532690602,0
O00682,S019,P048,Grocery,2026-06-18 12:05:00,2026-06-18 12:15:00,2026-06-18 12:14:30,2026-06-18 12:14:30,9.5,Bengaluru,Yelahanka,bike,12,1,0,0.3695538402201266,0
O00165,S003,P028,Snacks,2026-06-08 13:25:00,2026-06-08 13:35:00,2026-06-08 13:32:02,2026-06-08 13:32:02,7.033333333333333,Mumbai,Powai,bike,13,1,0,0.54732933319395,1
O00939,S014,P058,Household,2026-06-22 18:05:00,2026-06-22 18:15:00,2026-06-22 18:13:25,2026-06-22 18:13:25,8.416666666666666,Bengaluru,HSR Layout,bike,18,1,0,0.8738326129888945,1
O01483,S020,P045,Grocery,2026-06-12 22:26:00,2026-06-12 22:36:00,2026-06-12 22:32:29,2026-06-12 22:32:29,6.483333333333333,Bengaluru,Malleshwaram,bike,22,1,0,0.6014473536610151,1
O00083,S005,P041,Bakery,2026-06-04 20:36:00,2026-06-04 20:46:00,2026-06-04 20:48:18,2026-06-04 20:48:18,12.3,Mumbai,Malad,bike,20,0,1,0.563102050345299,1
O01254,S016,P019,Beverages,2026-06-07 00:40:00,2026-06-07 00:50:00,2026-06-07 00:45:47,2026-06-07 00:45:47,5.783333333333333,Bengaluru,Marathahalli,bike,0,1,0,0.1786320544431655,0
O00887,S006,P035,Household,2026-06-28 11:54:00,2026-06-28 12:04:00,2026-06-28 12:01:50,2026-06-28 12:01:50,7.833333333333333,Mumbai,Chembur,bike,11,1,0,0.4026840136414574,0
O01465,S010,P060,Fruits & Vegetables,2026-06-03 21:41:00,2026-06-03 21:51:00,2026-06-03 21:49:13,2026-06-03 21:49:13,8.216666666666667,Mumbai,Goregaon,scooter,21,1,0,0.7234536769388021,1
O00539,S010,P014,Bakery,2026-06-18 20:41:00,2026-06-18 20:51:00,2026-06-18 20:57:13,2026-06-18 20:57:13,16.216666666666665,Mumbai,Goregaon,scooter,20,0,1,0.5684397603663444,1
O01687,S006,P031,Fruits & Vegetables,2026-06-01 18:04:00,2026-06-01 18:14:00,2026-06-01 18:12:24,2026-06-01 18:12:24,8.4,Mumbai,Chembur,bike,18,1,0,0.7329104584925932,1
O00490,S001,P004,Snacks,2026-06-14 13:07:00,2026-06-14 13:17:00,2026-06-14 13:13:43,2026-06-14 13:13:43,6.716666666666667,Mumbai,Andheri,bike,13,1,0,0.4061942896120351,0
O00107,S016,P056,Dairy,2026-06-15 15:22:00,2026-06-15 15:32:00,2026-06-15 15:29:30,2026-06-15 15:29:30,7.5,Bengaluru,Marathahalli,bike,15,1,0,0.4504582155117064,0
O00342,S015,P038,Fruits & Vegetables,2026-06-13 00:13:00,2026-06-13 00:23:00,2026-06-13 00:24:36,2026-06-13 00:24:36,11.6,Bengaluru,Jayanagar,bike,0,0,1,0.269359748762177,0
O00653,S002,P023,Dairy,2026-06-23 15:06:00,2026-06-23 15:16:00,2026-06-23 15:14:41,2026-06-23 15:14:41,8.683333333333334,Mumbai,Bandra,bike,15,1,0,0.45441518828899785,0
O01003,S002,P022,Grocery,2026-06-04 17:45:00,2026-06-04 17:55:00,2026-06-04 17:50:47,2026-06-04 17:50:47,5.783333333333333,Mumbai,Bandra,bike,17,1,0,0.5039725511481968,1
O01246,S003,P020,Fruits & Vegetables,2026-06-25 11:05:00,2026-06-25 11:15:00,2026-06-25 11:12:59,2026-06-25 11:12:59,7.983333333333333,Mumbai,Powai,bike,11,1,0,0.6840484715130205,1
O01066,S009,P016,Household,2026-06-11 09:38:00,2026-06-11 09:48:00,2026-06-11 09:42:34,2026-06-11 09:42:34,4.566666666666666,Mumbai,Kurla,bike,9,1,0,0.37945834750414736,0
O00574,S008,P027,Household,2026-06-24 07:43:00,2026-06-24 07:53:00,2026-06-24 07:54:03,2026-06-24 07:54:03,11.05,Mumbai,Worli,bike,7,0,1,0.29243073517997986,0
O01052,S001,P022,Fruits & Vegetables,2026-06-06 13:55:00,2026-06-06 14:05:00,2026-06-06 14:03:43,2026-06-06 14:03:43,8.716666666666667,Mumbai,Andheri,bike,13,1,0,0.5909238493066524,1
O00394,S002,P012,Personal Care,2026-06-26 15:02:00,2026-06-26 15:12:00,2026-06-26 15:07:21,2026-06-26 15:07:21,5.35,Mumbai,Bandra,bike,15,1,0,0.32176940521771025,0
O00518,S019,P008,Bakery,2026-06-15 18:32:00,2026-06-15 18:42:00,2026-06-15 18:43:11,2026-06-15 18:43:11,11.183333333333334,Bengaluru,Yelahanka,bike,18,0,1,0.5004243937959334,1
O00748,S010,P060,Grocery,2026-06-22 20:55:00,2026-06-22 21:05:00,2026-06-22 21:09:03,2026-06-22 21:09:03,14.05,Mumbai,Goregaon,scooter,20,0,1,0.5583618160378362,1
O00347,S012,P045,Dairy,2026-06-17 12:38:00,2026-06-17 12:48:00,2026-06-17 12:46:44,2026-06-17 12:46:44,8.733333333333333,Bengaluru,Indiranagar,bike,12,1,0,0.10350620243486632,0
O01291,S002,P041,Grocery,2026-06-27 12:46:00,2026-06-27 12:56:00,2026-06-27 12:54:53,2026-06-27 12:54:53,8.883333333333333,Mumbai,Bandra,bike,12,1,0,0.4021559029278392,0
O00033,S004,P023,Fruits & Vegetables,2026-06-20 19:59:00,2026-06-20 20:09:00,2026-06-20 20:19:53,2026-06-20 20:19:53,20.883333333333333,Mumbai,Dadar,bike,19,0,1,0.7027794670516945,1
O01745,S020,P047,Dairy,2026-06-06 07:22:00,2026-06-06 07:32:00,2026-06-06 07:31:26,2026-06-06 07:31:26,9.433333333333334,Bengaluru,Malleshwaram,bicycle,7,1,0,0.2974588704898146,0
O00727,S018,P012,Bakery,2026-06-24 16:59:00,2026-06-24 17:09:00,2026-06-24 17:10:59,2026-06-24 17:10:59,11.983333333333333,Bengaluru,Electronic City,bike,16,0,1,0.38195546328141916,0
O00599,S019,P023,Household,2026-06-27 10:38:00,2026-06-27 10:48:00,2026-06-27 10:48:59,2026-06-27 10:48:59,10.983333333333333,Bengaluru,Yelahanka,bike,10,0,1,0.2930082062507782,0
O00404,S007,P009,Snacks,2026-06-05 07:28:00,2026-06-05 07:38:00,2026-06-05 07:38:26,2026-06-05 07:38:26,10.433333333333334,Mumbai,Borivali,bike,7,0,1,0.808989093169434,1
O00228,S010,P042,Beverages,2026-06-16 09:51:00,2026-06-16 10:01:00,2026-06-16 09:56:13,2026-06-16 09:56:13,5.216666666666667,Mumbai,Goregaon,bike,9,1,0,0.3108415326813909,0
O00307,S008,P020,Snacks,2026-06-21 23:41:00,2026-06-21 23:51:00,2026-06-21 23:49:41,2026-06-21 23:49:41,8.683333333333334,Mumbai,Worli,bike,23,1,0,0.6259555809758898,1
O00807,S003,P035,Personal Care,2026-06-01 12:44:00,2026-06-01 12:54:00,2026-06-01 12:53:58,2026-06-01 12:53:58,9.966666666666667,Mumbai,Powai,bike,12,1,0,0.40459864567953063,0
O01554,S016,P039,Fruits & Vegetables,2026-06-22 09:18:00,2026-06-22 09:28:00,2026-06-22 09:31:04,2026-06-22 09:31:04,13.066666666666666,Bengaluru,Marathahalli,bike,9,0,1,0.49619374766090624,0
O00277,S006,P050,Dairy,2026-06-25 17:46:00,2026-06-25 17:56:00,2026-06-25 17:53:14,2026-06-25 17:53:14,7.233333333333333,Mumbai,Chembur,bike,17,1,0,0.561810312645561,1
O01504,S008,P050,Beverages,2026-06-11 16:02:00,2026-06-11 16:12:00,2026-06-11 16:14:59,2026-06-11 16:14:59,12.983333333333333,Mumbai,Worli,bike,16,0,1,0.47924838172819506,0
O00142,S016,P029,Household,2026-06-17 17:28:00,2026-06-17 17:38:00,2026-06-17 17:34:44,2026-06-17 17:34:44,6.733333333333333,Bengaluru,Marathahalli,bike,17,1,0,0.45467060093985817,0
O00758,S020,P017,Household,2026-06-13 08:58:00,2026-06-13 09:08:00,2026-06-13 09:07:02,2026-06-13 09:07:02,9.033333333333333,Bengaluru,Malleshwaram,bike,8,1,0,0.28396024430404404,0
O00175,S017,P042,Dairy,2026-06-02 09:28:00,2026-06-02 09:38:00,2026-06-02 09:40:21,2026-06-02 09:40:21,12.35,Bengaluru,JP Nagar,bike,9,0,1,0.48041047356146405,0
O01708,S014,P023,Dairy,2026-06-15 19:01:00,2026-06-15 19:11:00,2026-06-15 19:14:10,2026-06-15 19:14:10,13.166666666666666,Bengaluru,HSR Layout,bike,19,0,1,0.8971272658635803,1
O01161,S011,P009,Beverages,2026-06-11 17:48:00,2026-06-11 17:58:00,2026-06-11 18:00:31,2026-06-11 18:00:31,12.516666666666667,Bengaluru,Koramangala,bike,17,0,1,0.6407717646768253,1
O01008,S011,P059,Bakery,2026-06-05 20:46:00,2026-06-05 20:56:00,2026-06-05 20:56:48,2026-06-05 20:56:48,10.8,Bengaluru,Koramangala,bicycle,20,0,1,0.7292029575929422,1
O01175,S006,P013,Fruits & Vegetables,2026-06-09 19:48:00,2026-06-09 19:58:00,2026-06-09 20:04:46,2026-06-09 20:04:46,16.766666666666666,Mumbai,Chembur,bike,19,0,1,0.7487422919699677,1
O00917,S016,P049,Snacks,2026-06-19 18:42:00,2026-06-19 18:52:00,2026-06-19 18:48:50,2026-06-19 18:48:50,6.833333333333333,Bengaluru,Marathahalli,bike,18,1,0,0.4948885711408525,0
O01675,S020,P042,Grocery,2026-06-15 14:46:00,2026-06-15 14:56:00,2026-06-15 14:58:07,2026-06-15 14:58:07,12.116666666666667,Bengaluru,Malleshwaram,bike,14,0,1,0.43823957178615003,0
O01172,S005,P059,Personal Care,2026-06-01 01:32:00,2026-06-01 01:42:00,2026-06-01 01:39:33,2026-06-01 01:39:33,7.55,Mumbai,Malad,bicycle,1,1,0,0.12446092506802266,0
O00904,S010,P030,Beverages,2026-06-22 22:28:00,2026-06-22 22:38:00,2026-06-22 22:40:35,2026-06-22 22:40:35,12.583333333333334,Mumbai,Goregaon,bike,22,0,1,0.5685657583926379,1
O00743,S010,P046,Household,2026-06-23 03:26:00,2026-06-23 03:36:00,2026-06-23 03:36:31,2026-06-23 03:36:31,10.516666666666667,Mumbai,Goregaon,bike,3,0,1,0.20598269835528682,0
O01338,S012,P006,Snacks,2026-06-06 18:29:00,2026-06-06 18:39:00,2026-06-06 18:37:11,2026-06-06 18:37:11,8.183333333333334,Bengaluru,Indiranagar,bike,18,1,0,0.1501968021911972,0
O00350,S013,P036,Bakery,2026-06-14 18:26:00,2026-06-14 18:36:00,2026-06-14 18:33:19,2026-06-14 18:33:19,7.316666666666666,Bengaluru,Whitefield,bike,18,1,0,0.4942090827391042,0
O00777,S001,P037,Bakery,2026-06-28 19:45:00,2026-06-28 19:55:00,2026-06-28 19:56:44,2026-06-28 19:56:44,11.733333333333333,Mumbai,Andheri,scooter,19,0,1,0.5643778912132524,1
O01590,S016,P014,Dairy,2026-06-01 19:13:00,2026-06-01 19:23:00,2026-06-01 19:21:18,2026-06-01 19:21:18,8.3,Bengaluru,Marathahalli,scooter,19,1,0,0.5327244253278381,1
O01800,S011,P056,Personal Care,2026-06-26 15:08:00,2026-06-26 15:18:00,2026-06-26 15:19:34,2026-06-26 15:19:34,11.566666666666666,Bengaluru,Koramangala,bike,15,0,1,0.48516417978877824,0
O01658,S016,P036,Household,2026-06-03 09:33:00,2026-06-03 09:43:00,2026-06-03 09:42:58,2026-06-03 09:42:58,9.966666666666667,Bengaluru,Marathahalli,bike,9,1,0,0.3011924478864755,0
O00233,S006,P053,Household,2026-06-30 16:20:00,2026-06-30 16:30:00,2026-06-30 16:28:57,2026-06-30 16:28:57,8.95,Mumbai,Chembur,scooter,16,1,0,0.5045215330917685,1
O00511,S002,P036,Grocery,2026-06-27 06:38:00,2026-06-27 06:48:00,2026-06-27 06:48:26,2026-06-27 06:48:26,10.433333333333334,Mumbai,Bandra,bike,6,0,1,0.29083192285645315,0
O00576,S017,P003,Dairy,2026-06-02 08:59:00,2026-06-02 09:09:00,2026-06-02 09:09:57,2026-06-02 09:09:57,10.95,Bengaluru,JP Nagar,bike,8,0,1,0.4598679211219985,0
O00962,S010,P047,Personal Care,2026-06-14 08:50:00,2026-06-14 09:00:00,2026-06-14 08:59:53,2026-06-14 08:59:53,9.883333333333333,Mumbai,Goregaon,bicycle,8,1,0,0.20557821696867792,0
O01132,S007,P009,Personal Care,2026-06-10 13:45:00,2026-06-10 13:55:00,2026-06-10 13:58:30,2026-06-10 13:58:30,13.5,Mumbai,Borivali,bike,13,0,1,0.809160098603614,1
O01200,S013,P050,Beverages,2026-06-08 18:42:00,2026-06-08 18:52:00,2026-06-08 18:50:50,2026-06-08 18:50:50,8.833333333333334,Bengaluru,Whitefield,bike,18,1,0,0.4532362340277814,0
O00325,S013,P022,Fruits & Vegetables,2026-06-26 20:28:00,2026-06-26 20:38:00,2026-06-26 20:35:55,2026-06-26 20:35:55,7.916666666666667,Bengaluru,Whitefield,bike,20,1,0,0.6781933177223057,1
O01364,S002,P043,Beverages,2026-06-28 13:14:00,2026-06-28 13:24:00,2026-06-28 13:20:53,2026-06-28 13:20:53,6.883333333333334,Mumbai,Bandra,bike,13,1,0,0.39234144048756453,0
O01091,S007,P058,Dairy,2026-06-21 15:22:00,2026-06-21 15:32:00,2026-06-21 15:31:10,2026-06-21 15:31:10,9.166666666666666,Mumbai,Borivali,bike,15,1,0,0.8977361003026404,1
O00243,S016,P053,Grocery,2026-06-12 11:07:00,2026-06-12 11:17:00,2026-06-12 11:18:48,2026-06-12 11:18:48,11.8,Bengaluru,Marathahalli,scooter,11,0,1,0.3787307955132227,0
O00851,S011,P016,Snacks,2026-06-21 14:48:00,2026-06-21 14:58:00,2026-06-21 14:52:39,2026-06-21 14:52:39,4.65,Bengaluru,Koramangala,bike,14,1,0,0.5870813967712986,1
O00335,S009,P015,Personal Care,2026-06-15 12:29:00,2026-06-15 12:39:00,2026-06-15 12:38:08,2026-06-15 12:38:08,9.133333333333333,Mumbai,Kurla,bike,12,1,0,0.34090247759672115,0
O00312,S013,P060,Snacks,2026-06-10 08:15:00,2026-06-10 08:25:00,2026-06-10 08:23:08,2026-06-10 08:23:08,8.133333333333333,Bengaluru,Whitefield,scooter,8,1,0,0.2705687745965343,0
O00328,S009,P053,Fruits & Vegetables,2026-06-12 07:36:00,2026-06-12 07:46:00,2026-06-12 07:44:51,2026-06-12 07:44:51,8.85,Mumbai,Kurla,scooter,7,1,0,0.5422987764382815,1
O01151,S006,P047,Dairy,2026-06-02 13:06:00,2026-06-02 13:16:00,2026-06-02 13:15:13,2026-06-02 13:15:13,9.216666666666667,Mumbai,Chembur,bicycle,13,1,0,0.47966317639268674,0
O00208,S014,P011,Bakery,2026-06-12 13:46:00,2026-06-12 13:56:00,2026-06-12 13:56:02,2026-06-12 13:56:02,10.033333333333333,Bengaluru,HSR Layout,bike,13,0,1,0.8513976682759976,1
O00622,S014,P008,Household,2026-06-28 18:38:00,2026-06-28 18:48:00,2026-06-28 18:48:11,2026-06-28 18:48:11,10.183333333333334,Bengaluru,HSR Layout,bike,18,0,1,0.8738326129888945,1
O00594,S013,P060,Fruits & Vegetables,2026-06-20 18:18:00,2026-06-20 18:28:00,2026-06-20 18:28:23,2026-06-20 18:28:23,10.383333333333333,Bengaluru,Whitefield,scooter,18,0,1,0.641189140622598,1
O00359,S004,P009,Fruits & Vegetables,2026-06-30 05:17:00,2026-06-30 05:27:00,2026-06-30 05:26:45,2026-06-30 05:26:45,9.75,Mumbai,Dadar,bike,5,1,0,0.4270010836391606,0
O00694,S004,P058,Household,2026-06-16 20:34:00,2026-06-16 20:44:00,2026-06-16 20:44:31,2026-06-16 20:44:31,10.516666666666667,Mumbai,Dadar,bike,20,0,1,0.5291280378805011,1
O00973,S002,P031,Beverages,2026-06-06 18:27:00,2026-06-06 18:37:00,2026-06-06 18:37:50,2026-06-06 18:37:50,10.833333333333334,Mumbai,Bandra,bike,18,0,1,0.49372534388700606,0
O00915,S004,P025,Bakery,2026-06-11 20:28:00,2026-06-11 20:38:00,2026-06-11 20:41:32,2026-06-11 20:41:32,13.533333333333333,Mumbai,Dadar,scooter,20,0,1,0.5840328867367977,1
O01195,S015,P015,Bakery,2026-06-13 19:50:00,2026-06-13 20:00:00,2026-06-13 20:00:39,2026-06-13 20:00:39,10.65,Bengaluru,Jayanagar,bike,19,0,1,0.49137075143339104,0
O00647,S007,P030,Snacks,2026-06-17 18:13:00,2026-06-17 18:23:00,2026-06-17 18:22:00,2026-06-17 18:22:00,9.0,Mumbai,Borivali,bike,18,1,0,0.9129892545267179,1
O00136,S004,P044,Household,2026-06-18 21:41:00,2026-06-18 21:51:00,2026-06-18 21:55:45,2026-06-18 21:55:45,14.75,Mumbai,Dadar,scooter,21,0,1,0.549616264712432,1
O00630,S005,P006,Fruits & Vegetables,2026-06-10 09:47:00,2026-06-10 09:57:00,2026-06-10 09:54:11,2026-06-10 09:54:11,7.183333333333334,Mumbai,Malad,bike,9,1,0,0.4875569297635987,0
O00437,S020,P058,Bakery,2026-06-23 03:41:00,2026-06-23 03:51:00,2026-06-23 03:51:52,2026-06-23 03:51:52,10.866666666666667,Bengaluru,Malleshwaram,bike,3,0,1,0.24701889540031405,0
O01235,S007,P046,Household,2026-06-19 18:52:00,2026-06-19 19:02:00,2026-06-19 19:02:48,2026-06-19 19:02:48,10.8,Mumbai,Borivali,bike,18,0,1,0.9065142938792151,1
O00416,S001,P025,Household,2026-06-16 16:31:00,2026-06-16 16:41:00,2026-06-16 16:36:27,2026-06-16 16:36:27,5.45,Mumbai,Andheri,scooter,16,1,0,0.44739875590698214,0
O00731,S003,P031,Beverages,2026-06-14 17:20:00,2026-06-14 17:30:00,2026-06-14 17:28:52,2026-06-14 17:28:52,8.866666666666667,Mumbai,Powai,bike,17,1,0,0.6222629383388565,1
O00642,S002,P035,Grocery,2026-06-06 22:18:00,2026-06-06 22:28:00,2026-06-06 22:30:06,2026-06-06 22:30:06,12.1,Mumbai,Bandra,bike,22,0,1,0.6054607855719547,1
O00185,S015,P015,Personal Care,2026-06-10 22:50:00,2026-06-10 23:00:00,2026-06-10 22:55:05,2026-06-10 22:55:05,5.083333333333333,Bengaluru,Jayanagar,bike,22,1,0,0.3954035181948297,0
O00679,S008,P048,Grocery,2026-06-21 19:24:00,2026-06-21 19:34:00,2026-06-21 19:40:31,2026-06-21 19:40:31,16.516666666666666,Mumbai,Worli,bike,19,0,1,0.5714674613177491,1
O01770,S017,P007,Bakery,2026-06-08 18:19:00,2026-06-08 18:29:00,2026-06-08 18:31:26,2026-06-08 18:31:26,12.433333333333334,Bengaluru,JP Nagar,bike,18,0,1,0.676699334656522,1
O00018,S005,P013,Beverages,2026-06-07 22:37:00,2026-06-07 22:47:00,2026-06-07 22:51:41,2026-06-07 22:51:41,14.683333333333334,Mumbai,Malad,bike,22,0,1,0.563228409343699,1
O00044,S010,P026,Grocery,2026-06-10 10:27:00,2026-06-10 10:37:00,2026-06-10 10:30:08,2026-06-10 10:30:08,3.1333333333333333,Mumbai,Goregaon,scooter,10,1,0,0.35657858902524464,0
O00176,S012,P024,Beverages,2026-06-13 13:21:00,2026-06-13 13:31:00,2026-06-13 13:28:19,2026-06-13 13:28:19,7.316666666666666,Bengaluru,Indiranagar,bike,13,1,0,0.1028395152327072,0
O01365,S018,P025,Snacks,2026-06-07 20:07:00,2026-06-07 20:17:00,2026-06-07 20:13:33,2026-06-07 20:13:33,6.55,Bengaluru,Electronic City,scooter,20,1,0,0.4267399706163177,0
O01671,S007,P037,Bakery,2026-06-15 09:38:00,2026-06-15 09:48:00,2026-06-15 09:48:35,2026-06-15 09:48:35,10.583333333333334,Mumbai,Borivali,scooter,9,0,1,0.8522325673679609,1
O01605,S020,P048,Grocery,2026-06-11 20:54:00,2026-06-11 21:04:00,2026-06-11 21:06:10,2026-06-11 21:06:10,12.166666666666666,Bengaluru,Malleshwaram,bike,20,0,1,0.5613264472217079,1
O01087,S002,P036,Grocery,2026-06-10 20:25:00,2026-06-10 20:35:00,2026-06-10 20:40:35,2026-06-10 20:40:35,15.583333333333334,Mumbai,Bandra,bike,20,0,1,0.5654519926443243,1
O00648,S011,P011,Grocery,2026-06-24 21:33:00,2026-06-24 21:43:00,2026-06-24 21:42:36,2026-06-24 21:42:36,9.6,Bengaluru,Koramangala,bike,21,1,0,0.7373202255394612,1
O00997,S020,P047,Bakery,2026-06-10 17:39:00,2026-06-10 17:49:00,2026-06-10 17:45:48,2026-06-10 17:45:48,6.8,Bengaluru,Malleshwaram,bicycle,17,1,0,0.5100213366294752,1
O00268,S006,P026,Beverages,2026-06-23 07:58:00,2026-06-23 08:08:00,2026-06-23 08:09:28,2026-06-23 08:09:28,11.466666666666667,Mumbai,Chembur,scooter,7,0,1,0.3394086770526576,0
O01278,S004,P003,Personal Care,2026-06-07 18:59:00,2026-06-07 19:09:00,2026-06-07 19:05:34,2026-06-07 19:05:34,6.566666666666666,Mumbai,Dadar,bike,18,1,0,0.3862355843481058,0
O00960,S017,P028,Bakery,2026-06-27 18:07:00,2026-06-27 18:17:00,2026-06-27 18:19:11,2026-06-27 18:19:11,12.183333333333334,Bengaluru,JP Nagar,bike,18,0,1,0.676699334656522,1
O00649,S016,P041,Beverages,2026-06-07 12:03:00,2026-06-07 12:13:00,2026-06-07 12:13:06,2026-06-07 12:13:06,10.1,Bengaluru,Marathahalli,bike,12,0,1,0.3691350332281785,0
O00843,S008,P006,Grocery,2026-06-23 19:13:00,2026-06-23 19:23:00,2026-06-23 19:29:59,2026-06-23 19:29:59,16.983333333333334,Mumbai,Worli,bike,19,0,1,0.5714674613177491,1
O00309,S014,P042,Household,2026-06-19 22:06:00,2026-06-19 22:16:00,2026-06-19 22:21:01,2026-06-19 22:21:01,15.016666666666667,Bengaluru,HSR Layout,bike,22,0,1,0.9059522459873273,1
O01764,S013,P019,Fruits & Vegetables,2026-06-29 15:26:00,2026-06-29 15:36:00,2026-06-29 15:36:28,2026-06-29 15:36:28,10.466666666666667,Bengaluru,Whitefield,bike,15,0,1,0.5825136226441342,1
O01601,S019,P053,Grocery,2026-06-28 18:30:00,2026-06-28 18:40:00,2026-06-28 18:41:41,2026-06-28 18:41:41,11.683333333333334,Bengaluru,Yelahanka,scooter,18,0,1,0.49018264837871983,0
O01298,S004,P047,Dairy,2026-06-24 19:00:00,2026-06-24 19:10:00,2026-06-24 19:18:39,2026-06-24 19:18:39,18.65,Mumbai,Dadar,bicycle,19,0,1,0.5454039996186063,1
O01498,S015,P003,Personal Care,2026-06-07 12:42:00,2026-06-07 12:52:00,2026-06-07 12:52:15,2026-06-07 12:52:15,10.25,Bengaluru,Jayanagar,bike,12,0,1,0.2228012666068021,0
O01602,S016,P048,Snacks,2026-06-02 12:39:00,2026-06-02 12:49:00,2026-06-02 12:48:08,2026-06-02 12:48:08,9.133333333333333,Bengaluru,Marathahalli,bike,12,1,0,0.3739511353790649,0
O00560,S011,P057,Bakery,2026-06-15 13:49:00,2026-06-15 13:59:00,2026-06-15 13:59:57,2026-06-15 13:59:57,10.95,Bengaluru,Koramangala,bicycle,13,0,1,0.6018667845957084,1
O00353,S016,P036,Snacks,2026-06-19 07:49:00,2026-06-19 07:59:00,2026-06-19 07:52:16,2026-06-19 07:52:16,3.2666666666666666,Bengaluru,Marathahalli,bike,7,1,0,0.283394814441059,0
O01163,S002,P059,Personal Care,2026-06-26 18:46:00,2026-06-26 18:56:00,2026-06-26 18:54:22,2026-06-26 18:54:22,8.366666666666667,Mumbai,Bandra,bicycle,18,1,0,0.37795818431611966,0
O01333,S003,P046,Personal Care,2026-06-29 09:43:00,2026-06-29 09:53:00,2026-06-29 09:50:05,2026-06-29 09:50:05,7.083333333333333,Mumbai,Powai,bike,9,1,0,0.3466565160209299,0
O00423,S001,P034,Bakery,2026-06-01 11:39:00,2026-06-01 11:49:00,2026-06-01 11:46:23,2026-06-01 11:46:23,7.383333333333334,Mumbai,Andheri,bike,11,1,0,0.4011056732414199,0
O01578,S004,P011,Personal Care,2026-06-15 20:07:00,2026-06-15 20:17:00,2026-06-15 20:18:41,2026-06-15 20:18:41,11.683333333333334,Mumbai,Dadar,bike,20,0,1,0.4259947859838503,0
O00908,S007,P022,Personal Care,2026-06-20 20:25:00,2026-06-20 20:35:00,2026-06-20 20:37:23,2026-06-20 20:37:23,12.383333333333333,Mumbai,Borivali,bike,20,0,1,0.883076807684421,1
O01646,S002,P035,Fruits & Vegetables,2026-06-08 08:34:00,2026-06-08 08:44:00,2026-06-08 08:42:49,2026-06-08 08:42:49,8.816666666666666,Mumbai,Bandra,bike,8,1,0,0.4795791323110274,0
O01769,S005,P014,Bakery,2026-06-05 18:48:00,2026-06-05 18:58:00,2026-06-05 18:53:45,2026-06-05 18:53:45,5.75,Mumbai,Malad,scooter,18,1,0,0.5221876546319074,1
O01060,S005,P024,Dairy,2026-06-26 09:27:00,2026-06-26 09:37:00,2026-06-26 09:35:31,2026-06-26 09:35:31,8.516666666666667,Mumbai,Malad,bike,9,1,0,0.3255824689917438,0
O01688,S004,P042,Personal Care,2026-06-12 14:36:00,2026-06-12 14:46:00,2026-06-12 14:44:41,2026-06-12 14:44:41,8.683333333333334,Mumbai,Dadar,bike,14,1,0,0.31151023936361966,0
O00321,S001,P019,Fruits & Vegetables,2026-06-13 19:46:00,2026-06-13 19:56:00,2026-06-13 20:05:25,2026-06-13 20:05:25,19.416666666666668,Mumbai,Andheri,bike,19,0,1,0.7032124934731979,1
O01296,S006,P042,Beverages,2026-06-01 11:56:00,2026-06-01 12:06:00,2026-06-01 12:03:31,2026-06-01 12:03:31,7.516666666666667,Mumbai,Chembur,bike,11,1,0,0.4167751593268993,0
O01277,S012,P016,Beverages,2026-06-07 16:05:00,2026-06-07 16:15:00,2026-06-07 16:13:16,2026-06-07 16:13:16,8.266666666666667,Bengaluru,Indiranagar,bike,16,1,0,0.12801367377797382,0
O00409,S004,P001,Grocery,2026-06-27 19:14:00,2026-06-27 19:24:00,2026-06-27 19:29:39,2026-06-27 19:29:39,15.65,Mumbai,Dadar,scooter,19,0,1,0.5537670332328563,1
O00105,S007,P059,Dairy,2026-06-28 06:49:00,2026-06-28 06:59:00,2026-06-28 07:01:30,2026-06-28 07:01:30,12.5,Mumbai,Borivali,bicycle,6,0,1,0.8069066335750595,1
O00845,S019,P002,Bakery,2026-06-15 19:55:00,2026-06-15 20:05:00,2026-06-15 20:03:29,2026-06-15 20:03:29,8.483333333333333,Bengaluru,Yelahanka,bike,19,1,0,0.5210310139267698,1
O00616,S013,P018,Bakery,2026-06-06 16:36:00,2026-06-06 16:46:00,2026-06-06 16:45:38,2026-06-06 16:45:38,9.633333333333333,Bengaluru,Whitefield,scooter,16,1,0,0.453108952009733,0
O01289,S007,P035,Snacks,2026-06-01 17:40:00,2026-06-01 17:50:00,2026-06-01 17:50:28,2026-06-01 17:50:28,10.466666666666667,Mumbai,Borivali,bike,17,0,1,0.9062102990194183,1
O01556,S002,P018,Bakery,2026-06-24 09:40:00,2026-06-24 09:50:00,2026-06-24 09:49:01,2026-06-24 09:49:01,9.016666666666667,Mumbai,Bandra,scooter,9,1,0,0.35366985161653364,0
O01600,S016,P026,Grocery,2026-06-23 18:17:00,2026-06-23 18:27:00,2026-06-23 18:26:19,2026-06-23 18:26:19,9.316666666666666,Bengaluru,Marathahalli,scooter,18,1,0,0.5205868968902696,1
O00964,S001,P031,Dairy,2026-06-28 11:44:00,2026-06-28 11:54:00,2026-06-28 11:53:17,2026-06-28 11:53:17,9.283333333333333,Mumbai,Andheri,bike,11,1,0,0.38328751982817655,0
O01622,S018,P012,Grocery,2026-06-15 19:29:00,2026-06-15 19:39:00,2026-06-15 19:39:23,2026-06-15 19:39:23,10.383333333333333,Bengaluru,Electronic City,bike,19,0,1,0.43172905794614835,0
O00805,S001,P060,Grocery,2026-06-22 12:09:00,2026-06-22 12:19:00,2026-06-22 12:14:44,2026-06-22 12:14:44,5.733333333333333,Mumbai,Andheri,scooter,12,1,0,0.41111543638014303,0
O00438,S004,P022,Personal Care,2026-06-07 13:35:00,2026-06-07 13:45:00,2026-06-07 13:45:52,2026-06-07 13:45:52,10.866666666666667,Mumbai,Dadar,bike,13,0,1,0.29410194269133993,0
O01560,S012,P035,Personal Care,2026-06-06 20:25:00,2026-06-06 20:35:00,2026-06-06 20:31:30,2026-06-06 20:31:30,6.5,Bengaluru,Indiranagar,bike,20,1,0,0.1128598798876252,0
O00837,S004,P055,Bakery,2026-06-15 13:48:00,2026-06-15 13:58:00,2026-06-15 13:52:56,2026-06-15 13:52:56,4.933333333333334,Mumbai,Dadar,bike,13,1,0,0.4407837354920232,0
O01633,S019,P002,Personal Care,2026-06-29 17:49:00,2026-06-29 17:59:00,2026-06-29 17:58:01,2026-06-29 17:58:01,9.016666666666667,Bengaluru,Yelahanka,bike,17,1,0,0.3277584032660824,0
O01384,S003,P047,Dairy,2026-06-09 10:12:00,2026-06-09 10:22:00,2026-06-09 10:20:44,2026-06-09 10:20:44,8.733333333333333,Mumbai,Powai,bicycle,10,1,0,0.502878161681375,1
O01268,S014,P013,Bakery,2026-06-23 19:06:00,2026-06-23 19:16:00,2026-06-23 19:12:38,2026-06-23 19:12:38,6.633333333333334,Bengaluru,HSR Layout,bike,19,1,0,0.9038246563257102,1
O01383,S017,P049,Dairy,2026-06-07 20:07:00,2026-06-07 20:17:00,2026-06-07 20:17:18,2026-06-07 20:17:18,10.3,Bengaluru,JP Nagar,bike,20,0,1,0.6961094601754731,1
O01403,S011,P056,Fruits & Vegetables,2026-06-08 08:12:00,2026-06-08 08:22:00,2026-06-08 08:22:13,2026-06-08 08:22:13,10.216666666666667,Bengaluru,Koramangala,bike,8,0,1,0.6466994496347085,1
O00392,S006,P060,Grocery,2026-06-18 19:45:00,2026-06-18 19:55:00,2026-06-18 20:01:45,2026-06-18 20:01:45,16.75,Mumbai,Chembur,scooter,19,0,1,0.6099851729389422,1
O00445,S004,P006,Household,2026-06-26 15:48:00,2026-06-26 15:58:00,2026-06-26 15:53:06,2026-06-26 15:53:06,5.1,Mumbai,Dadar,bike,15,1,0,0.4266000619164288,0
O01376,S005,P041,Grocery,2026-06-21 23:55:00,2026-06-22 00:05:00,2026-06-22 00:03:09,2026-06-22 00:03:09,8.15,Mumbai,Malad,bike,23,1,0,0.6130658034157399,1
O01512,S020,P016,Household,2026-06-04 06:28:00,2026-06-04 06:38:00,2026-06-04 06:35:16,2026-06-04 06:35:16,7.266666666666667,Bengaluru,Malleshwaram,bike,6,1,0,0.2516458221175615,0
O01086,S015,P004,Beverages,2026-06-20 17:04:00,2026-06-20 17:14:00,2026-06-20 17:09:32,2026-06-20 17:09:32,5.533333333333333,Bengaluru,Jayanagar,bike,17,1,0,0.4100130656987558,0
O00273,S017,P029,Snacks,2026-06-22 09:37:00,2026-06-22 09:47:00,2026-06-22 09:42:38,2026-06-22 09:42:38,5.633333333333334,Bengaluru,JP Nagar,bike,9,1,0,0.4632032458870401,0
O00817,S004,P030,Dairy,2026-06-27 16:52:00,2026-06-27 17:02:00,2026-06-27 16:59:39,2026-06-27 16:59:39,7.65,Mumbai,Dadar,bike,16,1,0,0.4836781159443867,0
O00668,S014,P048,Snacks,2026-06-25 17:22:00,2026-06-25 17:32:00,2026-06-25 17:32:35,2026-06-25 17:32:35,10.583333333333334,Bengaluru,HSR Layout,bike,17,0,1,0.8734371818929887,1
O00692,S015,P042,Grocery,2026-06-03 12:17:00,2026-06-03 12:27:00,2026-06-03 12:28:45,2026-06-03 12:28:45,11.75,Bengaluru,Jayanagar,bike,12,0,1,0.34235310922788526,0
O00745,S003,P029,Grocery,2026-06-26 14:32:00,2026-06-26 14:42:00,2026-06-26 14:42:03,2026-06-26 14:42:03,10.05,Mumbai,Powai,bike,14,0,1,0.5927155038438601,1
O00950,S016,P031,Fruits & Vegetables,2026-06-30 20:45:00,2026-06-30 20:55:00,2026-06-30 20:53:17,2026-06-30 20:53:17,8.283333333333333,Bengaluru,Marathahalli,bike,20,1,0,0.7093052620162744,1
O01311,S014,P047,Beverages,2026-06-05 06:08:00,2026-06-05 06:18:00,2026-06-05 06:20:18,2026-06-05 06:20:18,12.3,Bengaluru,HSR Layout,bicycle,6,0,1,0.7318116870064372,1
O00910,S013,P032,Beverages,2026-06-05 19:06:00,2026-06-05 19:16:00,2026-06-05 19:13:21,2026-06-05 19:13:21,7.35,Bengaluru,Whitefield,scooter,19,1,0,0.47374237433764427,0
O00927,S003,P054,Personal Care,2026-06-10 10:19:00,2026-06-10 10:29:00,2026-06-10 10:30:03,2026-06-10 10:30:03,11.05,Mumbai,Powai,bike,10,0,1,0.3655646064839698,0
O00944,S004,P021,Fruits & Vegetables,2026-06-16 18:17:00,2026-06-16 18:27:00,2026-06-16 18:25:33,2026-06-16 18:25:33,8.55,Mumbai,Dadar,bicycle,18,1,0,0.6852688795132,1
O00856,S006,P018,Snacks,2026-06-23 08:09:00,2026-06-23 08:19:00,2026-06-23 08:22:03,2026-06-23 08:22:03,13.05,Mumbai,Chembur,scooter,8,0,1,0.3628933015481364,0
O00863,S005,P011,Personal Care,2026-06-04 04:20:00,2026-06-04 04:30:00,2026-06-04 04:25:09,2026-06-04 04:25:09,5.15,Mumbai,Malad,bike,4,1,0,0.1540191812153541,0
O00832,S011,P027,Personal Care,2026-06-24 18:20:00,2026-06-24 18:30:00,2026-06-24 18:27:08,2026-06-24 18:27:08,7.133333333333334,Bengaluru,Koramangala,bike,18,1,0,0.5468788397152576,1
O00427,S018,P045,Household,2026-06-08 18:52:00,2026-06-08 19:02:00,2026-06-08 19:01:25,2026-06-08 19:01:25,9.416666666666666,Bengaluru,Electronic City,bike,18,1,0,0.36841765903600243,0
O00723,S008,P014,Bakery,2026-06-15 13:05:00,2026-06-15 13:15:00,2026-06-15 13:13:27,2026-06-15 13:13:27,8.45,Mumbai,Worli,scooter,13,1,0,0.45858412140847454,0
O00257,S004,P044,Dairy,2026-06-01 22:59:00,2026-06-01 23:09:00,2026-06-01 23:16:15,2026-06-01 23:16:15,17.25,Mumbai,Dadar,scooter,22,0,1,0.6057652814663769,1
O01500,S011,P060,Beverages,2026-06-26 19:13:00,2026-06-26 19:23:00,2026-06-26 19:20:24,2026-06-26 19:20:24,7.4,Bengaluru,Koramangala,scooter,19,1,0,0.6777973558224074,1
O01713,S002,P007,Grocery,2026-06-21 11:34:00,2026-06-21 11:44:00,2026-06-21 11:38:34,2026-06-21 11:38:34,4.566666666666666,Mumbai,Bandra,bike,11,1,0,0.3824962422055531,0
O01109,S007,P047,Snacks,2026-06-26 14:42:00,2026-06-26 14:52:00,2026-06-26 14:53:05,2026-06-26 14:53:05,11.083333333333334,Mumbai,Borivali,bicycle,14,0,1,0.8829624564219816,1
O00841,S019,P010,Grocery,2026-06-14 22:02:00,2026-06-14 22:12:00,2026-06-14 22:14:06,2026-06-14 22:14:06,12.1,Bengaluru,Yelahanka,bike,22,0,1,0.5721503902170946,1
O00942,S019,P048,Fruits & Vegetables,2026-06-26 19:15:00,2026-06-26 19:25:00,2026-06-26 19:28:16,2026-06-26 19:28:16,13.266666666666667,Bengaluru,Yelahanka,bike,19,0,1,0.6654923767284786,1
O00088,S007,P017,Snacks,2026-06-06 09:35:00,2026-06-06 09:45:00,2026-06-06 09:44:54,2026-06-06 09:44:54,9.9,Mumbai,Borivali,bike,9,1,0,0.8331901286492039,1
O00295,S018,P042,Household,2026-06-10 10:32:00,2026-06-10 10:42:00,2026-06-10 10:42:18,2026-06-10 10:42:18,10.3,Bengaluru,Electronic City,bike,10,0,1,0.23168515623327243,0
O00615,S020,P022,Household,2026-06-06 14:13:00,2026-06-06 14:23:00,2026-06-06 14:18:48,2026-06-06 14:18:48,5.8,Bengaluru,Malleshwaram,bike,14,1,0,0.39411568570642513,0
O00043,S010,P036,Dairy,2026-06-07 13:24:00,2026-06-07 13:34:00,2026-06-07 13:29:06,2026-06-07 13:29:06,5.1,Mumbai,Goregaon,bike,13,1,0,0.4069467077883022,0
O00754,S003,P028,Fruits & Vegetables,2026-06-06 18:57:00,2026-06-06 19:07:00,2026-06-06 19:07:03,2026-06-06 19:07:03,10.05,Mumbai,Powai,bike,18,0,1,0.7940925102327662,1
O00329,S006,P044,Grocery,2026-06-24 14:45:00,2026-06-24 14:55:00,2026-06-24 14:54:24,2026-06-24 14:54:24,9.4,Mumbai,Chembur,scooter,14,1,0,0.5087164102797587,1
O00527,S004,P002,Fruits & Vegetables,2026-06-05 05:03:00,2026-06-05 05:13:00,2026-06-05 05:12:02,2026-06-05 05:12:02,9.033333333333333,Mumbai,Dadar,bike,5,1,0,0.4270010836391606,0
O00796,S017,P007,Bakery,2026-06-12 09:18:00,2026-06-12 09:28:00,2026-06-12 09:27:57,2026-06-12 09:27:57,9.95,Bengaluru,JP Nagar,bike,9,1,0,0.499089756326271,0
O00358,S006,P021,Beverages,2026-06-10 16:54:00,2026-06-10 17:04:00,2026-06-10 17:01:27,2026-06-10 17:01:27,7.45,Mumbai,Chembur,bicycle,16,1,0,0.5190794405260439,1
O01305,S013,P044,Snacks,2026-06-16 08:07:00,2026-06-16 08:17:00,2026-06-16 08:15:48,2026-06-16 08:15:48,8.8,Bengaluru,Whitefield,scooter,8,1,0,0.2705687745965343,0
O00588,S014,P042,Beverages,2026-06-09 20:27:00,2026-06-09 20:37:00,2026-06-09 20:36:33,2026-06-09 20:36:33,9.55,Bengaluru,HSR Layout,bike,20,1,0,0.8964603881634574,1
O01779,S004,P037,Snacks,2026-06-04 22:15:00,2026-06-04 22:25:00,2026-06-04 22:28:51,2026-06-04 22:28:51,13.85,Mumbai,Dadar,scooter,22,0,1,0.5891592263884737,1
O00738,S002,P042,Dairy,2026-06-16 08:29:00,2026-06-16 08:39:00,2026-06-16 08:35:35,2026-06-16 08:35:35,6.583333333333333,Mumbai,Bandra,bike,8,1,0,0.3186071908788771,0
O01444,S011,P052,Dairy,2026-06-22 19:16:00,2026-06-22 19:26:00,2026-06-22 19:23:47,2026-06-22 19:23:47,7.783333333333333,Bengaluru,Koramangala,bike,19,1,0,0.6970626087734478,1
O00931,S018,P012,Grocery,2026-06-21 18:55:00,2026-06-21 19:05:00,2026-06-21 19:04:34,2026-06-21 19:04:34,9.566666666666666,Bengaluru,Electronic City,bike,18,1,0,0.41161906882655297,0
O01390,S009,P038,Fruits & Vegetables,2026-06-10 17:56:00,2026-06-10 18:06:00,2026-06-10 18:07:32,2026-06-10 18:07:32,11.533333333333333,Mumbai,Kurla,bike,17,0,1,0.7299486211399574,1
O00982,S018,P039,Fruits & Vegetables,2026-06-03 12:11:00,2026-06-03 12:21:00,2026-06-03 12:24:01,2026-06-03 12:24:01,13.016666666666667,Bengaluru,Electronic City,bike,12,0,1,0.44831842093424845,0
O01635,S007,P020,Fruits & Vegetables,2026-06-03 11:41:00,2026-06-03 11:51:00,2026-06-03 11:54:26,2026-06-03 11:54:26,13.433333333333334,Mumbai,Borivali,bike,11,0,1,0.9255917128952353,1
O01678,S005,P059,Personal Care,2026-06-26 14:16:00,2026-06-26 14:26:00,2026-06-26 14:19:59,2026-06-26 14:19:59,3.9833333333333334,Mumbai,Malad,bicycle,14,1,0,0.29345593102602713,0
O00513,S015,P022,Bakery,2026-06-23 18:45:00,2026-06-23 18:55:00,2026-06-23 18:52:56,2026-06-23 18:52:56,7.933333333333334,Bengaluru,Jayanagar,bike,18,1,0,0.4707841769157017,0
O01255,S007,P060,Beverages,2026-06-30 21:41:00,2026-06-30 21:51:00,2026-06-30 21:57:27,2026-06-30 21:57:27,16.45,Mumbai,Borivali,scooter,21,0,1,0.9293990695936544,1
O01579,S006,P041,Bakery,2026-06-05 19:35:00,2026-06-05 19:45:00,2026-06-05 19:47:51,2026-06-05 19:47:51,12.85,Mumbai,Chembur,bike,19,0,1,0.6196874735622591,1
O00487,S016,P023,Personal Care,2026-06-06 21:58:00,2026-06-06 22:08:00,2026-06-06 22:07:20,2026-06-06 22:07:20,9.333333333333334,Bengaluru,Marathahalli,bike,21,1,0,0.43370075845484524,0
O00921,S014,P023,Household,2026-06-14 12:42:00,2026-06-14 12:52:00,2026-06-14 12:53:32,2026-06-14 12:53:32,11.533333333333333,Bengaluru,HSR Layout,bike,12,0,1,0.8085200665641034,1
O00793,S018,P041,Household,2026-06-28 13:58:00,2026-06-28 14:08:00,2026-06-28 14:05:44,2026-06-28 14:05:44,7.733333333333333,Bengaluru,Electronic City,bike,13,1,0,0.2786050048751384,0
O01262,S002,P011,Personal Care,2026-06-16 22:17:00,2026-06-16 22:27:00,2026-06-16 22:30:49,2026-06-16 22:30:49,13.816666666666666,Mumbai,Bandra,bike,22,0,1,0.45801927337168563,0
O01592,S015,P028,Bakery,2026-06-11 11:48:00,2026-06-11 11:58:00,2026-06-11 12:00:37,2026-06-11 12:00:37,12.616666666666667,Bengaluru,Jayanagar,bike,11,0,1,0.33307063104997453,0
O00791,S018,P015,Fruits & Vegetables,2026-06-22 18:30:00,2026-06-22 18:40:00,2026-06-22 18:39:36,2026-06-22 18:39:36,9.6,Bengaluru,Electronic City,bike,18,1,0,0.5713569378208443,1
O01171,S010,P030,Beverages,2026-06-13 16:30:00,2026-06-13 16:40:00,2026-06-13 16:37:59,2026-06-13 16:37:59,7.983333333333333,Mumbai,Goregaon,bike,16,1,0,0.4455035988136313,0
O00976,S009,P037,Personal Care,2026-06-19 23:00:00,2026-06-19 23:10:00,2026-06-19 23:09:52,2026-06-19 23:09:52,9.866666666666667,Mumbai,Kurla,scooter,23,1,0,0.5616749447361649,1
O01329,S019,P003,Bakery,2026-06-02 05:05:00,2026-06-02 05:15:00,2026-06-02 05:14:06,2026-06-02 05:14:06,9.1,Bengaluru,Yelahanka,bike,5,1,0,0.2553094742731784,0
O00041,S018,P044,Personal Care,2026-06-12 13:42:00,2026-06-12 13:52:00,2026-06-12 13:53:06,2026-06-12 13:53:06,11.1,Bengaluru,Electronic City,scooter,13,0,1,0.20322681138319135,0
O00152,S009,P037,Personal Care,2026-06-26 13:35:00,2026-06-26 13:45:00,2026-06-26 13:46:11,2026-06-26 13:46:11,11.183333333333334,Mumbai,Kurla,scooter,13,0,1,0.3596694947096333,0
O01118,S004,P005,Household,2026-06-02 16:21:00,2026-06-02 16:31:00,2026-06-02 16:28:01,2026-06-02 16:28:01,7.016666666666667,Mumbai,Dadar,bike,16,1,0,0.4468860617306957,0
O01155,S020,P032,Snacks,2026-06-23 15:59:00,2026-06-23 16:09:00,2026-06-23 16:08:27,2026-06-23 16:08:27,9.45,Bengaluru,Malleshwaram,scooter,15,1,0,0.4332326061357472,0
O00073,S011,P055,Personal Care,2026-06-27 21:17:00,2026-06-27 21:27:00,2026-06-27 21:27:11,2026-06-27 21:27:11,10.183333333333334,Bengaluru,Koramangala,bike,21,0,1,0.6071853337913445,1
O01287,S018,P008,Dairy,2026-06-08 05:15:00,2026-06-08 05:25:00,2026-06-08 05:22:54,2026-06-08 05:22:54,7.9,Bengaluru,Electronic City,bike,5,1,0,0.18797054357701892,0
O00460,S017,P057,Grocery,2026-06-06 08:53:00,2026-06-06 09:03:00,2026-06-06 09:05:07,2026-06-06 09:05:07,12.116666666666667,Bengaluru,JP Nagar,bicycle,8,0,1,0.46827040752942733,0
O01765,S005,P047,Beverages,2026-06-01 06:45:00,2026-06-01 06:55:00,2026-06-01 06:50:27,2026-06-01 06:50:27,5.45,Mumbai,Malad,bicycle,6,1,0,0.2562896412237346,0
O01162,S010,P049,Grocery,2026-06-08 20:21:00,2026-06-08 20:31:00,2026-06-08 20:34:36,2026-06-08 20:34:36,13.6,Mumbai,Goregaon,bike,20,0,1,0.5583618160378362,1
O01735,S012,P048,Household,2026-06-14 08:05:00,2026-06-14 08:15:00,2026-06-14 08:13:02,2026-06-14 08:13:02,8.033333333333333,Bengaluru,Indiranagar,bike,8,1,0,0.06681262064635354,0
O00120,S019,P020,Fruits & Vegetables,2026-06-23 09:54:00,2026-06-23 10:04:00,2026-06-23 10:05:37,2026-06-23 10:05:37,11.616666666666667,Bengaluru,Yelahanka,bike,9,0,1,0.46582986390822273,0
O01153,S001,P026,Household,2026-06-01 12:29:00,2026-06-01 12:39:00,2026-06-01 12:36:37,2026-06-01 12:36:37,7.616666666666666,Mumbai,Andheri,scooter,12,1,0,0.36793383100085014,0
O00008,S004,P016,Personal Care,2026-06-03 11:37:00,2026-06-03 11:47:00,2026-06-03 11:42:31,2026-06-03 11:42:31,5.516666666666667,Mumbai,Dadar,bike,11,1,0,0.2610541726195503,0
O01732,S001,P009,Bakery,2026-06-04 20:24:00,2026-06-04 20:34:00,2026-06-04 20:39:40,2026-06-04 20:39:40,15.666666666666666,Mumbai,Andheri,bike,20,0,1,0.5845366421735331,1
O00013,S004,P004,Fruits & Vegetables,2026-06-24 11:55:00,2026-06-24 12:05:00,2026-06-24 12:04:34,2026-06-24 12:04:34,9.566666666666666,Mumbai,Dadar,bike,11,1,0,0.5500220011761837,1
O00479,S013,P034,Beverages,2026-06-14 05:54:00,2026-06-14 06:04:00,2026-06-14 06:05:39,2026-06-14 06:05:39,11.65,Bengaluru,Whitefield,bike,5,0,1,0.2210094882972513,0
O00213,S012,P026,Household,2026-06-21 10:07:00,2026-06-21 10:17:00,2026-06-21 10:15:43,2026-06-21 10:15:43,8.716666666666667,Bengaluru,Indiranagar,scooter,10,1,0,0.07786164994415601,0
O01744,S016,P003,Dairy,2026-06-30 13:34:00,2026-06-30 13:44:00,2026-06-30 13:46:20,2026-06-30 13:46:20,12.333333333333334,Bengaluru,Marathahalli,bike,13,0,1,0.41004683234183475,0
O00079,S018,P022,Household,2026-06-23 13:19:00,2026-06-23 13:29:00,2026-06-23 13:27:38,2026-06-23 13:27:38,8.633333333333333,Bengaluru,Electronic City,bike,13,1,0,0.2786050048751384,0
O00759,S011,P030,Bakery,2026-06-01 06:07:00,2026-06-01 06:17:00,2026-06-01 06:14:46,2026-06-01 06:14:46,7.766666666666667,Bengaluru,Koramangala,bike,6,1,0,0.4590709038956935,0
O01575,S020,P027,Grocery,2026-06-09 18:48:00,2026-06-09 18:58:00,2026-06-09 18:54:35,2026-06-09 18:54:35,6.583333333333333,Bengaluru,Malleshwaram,bike,18,1,0,0.5203873975580537,1
O00348,S018,P045,Dairy,2026-06-18 08:18:00,2026-06-18 08:28:00,2026-06-18 08:28:09,2026-06-18 08:28:09,10.15,Bengaluru,Electronic City,bike,8,0,1,0.22867237495186046,0
O01267,S005,P047,Dairy,2026-06-08 10:07:00,2026-06-08 10:17:00,2026-06-08 10:18:18,2026-06-08 10:18:18,11.3,Mumbai,Malad,bicycle,10,0,1,0.3439462183184568,0
O00036,S015,P023,Beverages,2026-06-27 19:14:00,2026-06-27 19:24:00,2026-06-27 19:19:57,2026-06-27 19:19:57,5.95,Bengaluru,Jayanagar,bike,19,1,0,0.4504236618107678,0
O01550,S008,P057,Beverages,2026-06-22 14:50:00,2026-06-22 15:00:00,2026-06-22 14:57:35,2026-06-22 14:57:35,7.583333333333333,Mumbai,Worli,bicycle,14,1,0,0.4383142353390533,0
O01061,S018,P029,Grocery,2026-06-01 19:53:00,2026-06-01 20:03:00,2026-06-01 19:59:32,2026-06-01 19:59:32,6.533333333333333,Bengaluru,Electronic City,bike,19,1,0,0.43172905794614835,0
O00840,S014,P048,Personal Care,2026-06-08 11:37:00,2026-06-08 11:47:00,2026-06-08 11:48:51,2026-06-08 11:48:51,11.85,Bengaluru,HSR Layout,bike,11,0,1,0.7197235491815864,1
O01425,S014,P022,Grocery,2026-06-06 22:56:00,2026-06-06 23:06:00,2026-06-06 23:10:09,2026-06-06 23:10:09,14.15,Bengaluru,HSR Layout,bike,22,0,1,0.9203358333330942,1
O00117,S005,P016,Fruits & Vegetables,2026-06-19 18:11:00,2026-06-19 18:21:00,2026-06-19 18:20:17,2026-06-19 18:20:17,9.283333333333333,Mumbai,Malad,bike,18,1,0,0.6665234414476275,1
O00651,S008,P001,Grocery,2026-06-19 19:30:00,2026-06-19 19:40:00,2026-06-19 19:46:03,2026-06-19 19:46:03,16.05,Mumbai,Worli,scooter,19,0,1,0.5714674613177491,1
O01121,S013,P026,Grocery,2026-06-16 18:48:00,2026-06-16 18:58:00,2026-06-16 18:59:49,2026-06-16 18:59:49,11.816666666666666,Bengaluru,Whitefield,scooter,18,0,1,0.483971310530061,0
O00294,S013,P059,Personal Care,2026-06-18 11:18:00,2026-06-18 11:28:00,2026-06-18 11:24:25,2026-06-18 11:24:25,6.416666666666667,Bengaluru,Whitefield,bicycle,11,1,0,0.2247738203531943,0
O00330,S003,P053,Fruits & Vegetables,2026-06-22 14:40:00,2026-06-22 14:50:00,2026-06-22 14:53:26,2026-06-22 14:53:26,13.433333333333334,Mumbai,Powai,scooter,14,0,1,0.7349469647743068,1
O01699,S017,P019,Beverages,2026-06-09 20:15:00,2026-06-09 20:25:00,2026-06-09 20:23:17,2026-06-09 20:23:17,8.283333333333333,Bengaluru,JP Nagar,bike,20,1,0,0.6768116957789646,1
O00590,S009,P020,Household,2026-06-25 18:47:00,2026-06-25 18:57:00,2026-06-25 18:53:31,2026-06-25 18:53:31,6.516666666666667,Mumbai,Kurla,bike,18,1,0,0.5622841572244168,1
O01083,S009,P016,Snacks,2026-06-16 09:21:00,2026-06-16 09:31:00,2026-06-16 09:31:36,2026-06-16 09:31:36,10.6,Mumbai,Kurla,bike,9,0,1,0.3982041018563589,0
O01233,S009,P009,Fruits & Vegetables,2026-06-03 16:16:00,2026-06-03 16:26:00,2026-06-03 16:22:40,2026-06-03 16:22:40,6.666666666666667,Mumbai,Kurla,bike,16,1,0,0.7133858951219847,1
O01681,S005,P034,Beverages,2026-06-01 09:23:00,2026-06-01 09:33:00,2026-06-01 09:27:10,2026-06-01 09:27:10,4.166666666666667,Mumbai,Malad,bike,9,1,0,0.3062064248980853,0
O01664,S011,P033,Fruits & Vegetables,2026-06-08 20:31:00,2026-06-08 20:41:00,2026-06-08 20:40:46,2026-06-08 20:40:46,9.766666666666667,Bengaluru,Koramangala,scooter,20,1,0,0.8312168944370422,1
O00052,S015,P040,Fruits & Vegetables,2026-06-27 21:28:00,2026-06-27 21:38:00,2026-06-27 21:33:29,2026-06-27 21:33:29,5.483333333333333,Bengaluru,Jayanagar,bike,21,1,0,0.6757099665261356,1
O01348,S014,P031,Personal Care,2026-06-02 09:01:00,2026-06-02 09:11:00,2026-06-02 09:11:46,2026-06-02 09:11:46,10.766666666666667,Bengaluru,HSR Layout,bike,9,0,1,0.6852787687610261,1
O00688,S003,P008,Grocery,2026-06-08 21:59:00,2026-06-08 22:09:00,2026-06-08 22:15:47,2026-06-08 22:15:47,16.783333333333335,Mumbai,Powai,bike,21,0,1,0.721624818736486,1
O01755,S004,P048,Beverages,2026-06-21 19:59:00,2026-06-21 20:09:00,2026-06-21 20:07:39,2026-06-21 20:07:39,8.65,Mumbai,Dadar,bike,19,1,0,0.5230926327166513,1
O00377,S018,P039,Beverages,2026-06-25 21:01:00,2026-06-25 21:11:00,2026-06-25 21:11:20,2026-06-25 21:11:20,10.333333333333334,Bengaluru,Electronic City,bike,21,0,1,0.44193455327776954,0
O00462,S017,P026,Snacks,2026-06-22 03:23:00,2026-06-22 03:33:00,2026-06-22 03:31:23,2026-06-22 03:31:23,8.383333333333333,Bengaluru,JP Nagar,scooter,3,1,0,0.3447244415920221,0
O01761,S012,P034,Dairy,2026-06-19 20:33:00,2026-06-19 20:43:00,2026-06-19 20:42:49,2026-06-19 20:42:49,9.816666666666666,Bengaluru,Indiranagar,bike,20,1,0,0.1825671535064538,0
O01036,S005,P031,Personal Care,2026-06-15 06:43:00,2026-06-15 06:53:00,2026-06-15 06:50:33,2026-06-15 06:50:33,7.55,Mumbai,Malad,bike,6,1,0,0.17675820193048458,0
O00598,S003,P059,Snacks,2026-06-18 10:53:00,2026-06-18 11:03:00,2026-06-18 11:00:14,2026-06-18 11:00:14,7.233333333333333,Mumbai,Powai,bicycle,10,1,0,0.4856183192684458,0
O00314,S012,P004,Snacks,2026-06-14 09:04:00,2026-06-14 09:14:00,2026-06-14 09:08:30,2026-06-14 09:08:30,4.5,Bengaluru,Indiranagar,bike,9,1,0,0.07760486057472436,0
O00779,S003,P010,Beverages,2026-06-15 15:33:00,2026-06-15 15:43:00,2026-06-15 15:42:41,2026-06-15 15:42:41,9.683333333333334,Mumbai,Powai,bike,15,1,0,0.5827838904334259,1
O00802,S003,P032,Personal Care,2026-06-20 12:41:00,2026-06-20 12:51:00,2026-06-20 12:53:41,2026-06-20 12:53:41,12.683333333333334,Mumbai,Powai,scooter,12,0,1,0.40459864567953063,0
O00116,S001,P003,Household,2026-06-26 05:22:00,2026-06-26 05:32:00,2026-06-26 05:26:03,2026-06-26 05:26:03,4.05,Mumbai,Andheri,bike,5,1,0,0.24630373617010687,0
O01320,S014,P010,Dairy,2026-06-16 19:47:00,2026-06-16 19:57:00,2026-06-16 19:58:51,2026-06-16 19:58:51,11.85,Bengaluru,HSR Layout,bike,19,0,1,0.8971272658635803,1
O00947,S012,P058,Snacks,2026-06-18 20:54:00,2026-06-18 21:04:00,2026-06-18 21:01:13,2026-06-18 21:01:13,7.216666666666667,Bengaluru,Indiranagar,bike,20,1,0,0.17248655636081608,0
O00718,S003,P008,Bakery,2026-06-21 12:33:00,2026-06-21 12:43:00,2026-06-21 12:40:52,2026-06-21 12:40:52,7.866666666666666,Mumbai,Powai,bike,12,1,0,0.5624773323708626,1
O00360,S011,P054,Personal Care,2026-06-25 20:25:00,2026-06-25 20:35:00,2026-06-25 20:33:19,2026-06-25 20:33:19,8.316666666666666,Bengaluru,Koramangala,bike,20,1,0,0.5873497325054776,1
O00514,S001,P022,Household,2026-06-27 17:51:00,2026-06-27 18:01:00,2026-06-27 17:58:20,2026-06-27 17:58:20,7.333333333333333,Mumbai,Andheri,bike,17,1,0,0.46786678566623485,0
O00700,S010,P059,Household,2026-06-15 15:13:00,2026-06-15 15:23:00,2026-06-15 15:17:50,2026-06-15 15:17:50,4.833333333333333,Mumbai,Goregaon,bicycle,15,1,0,0.41105655625265114,0
O00313,S013,P044,Household,2026-06-13 19:08:00,2026-06-13 19:18:00,2026-06-13 19:16:46,2026-06-13 19:16:46,8.766666666666667,Bengaluru,Whitefield,scooter,19,1,0,0.4592417834417901,0
O01165,S007,P009,Snacks,2026-06-06 16:53:00,2026-06-06 17:03:00,2026-06-06 17:05:22,2026-06-06 17:05:22,12.366666666666667,Mumbai,Borivali,bike,16,0,1,0.8989616476004534,1
O00090,S015,P005,Personal Care,2026-06-30 10:50:00,2026-06-30 11:00:00,2026-06-30 10:59:08,2026-06-30 10:59:08,9.133333333333333,Bengaluru,Jayanagar,bike,10,1,0,0.19554599335263798,0
O00652,S016,P006,Household,2026-06-30 22:48:00,2026-06-30 22:58:00,2026-06-30 22:56:06,2026-06-30 22:56:06,8.1,Bengaluru,Marathahalli,bike,22,1,0,0.5573869791903734,1
O00388,S009,P047,Snacks,2026-06-25 21:21:00,2026-06-25 21:31:00,2026-06-25 21:36:36,2026-06-25 21:36:36,15.6,Mumbai,Kurla,bicycle,21,0,1,0.6403215588058763,1
O01032,S004,P029,Beverages,2026-06-19 19:29:00,2026-06-19 19:39:00,2026-06-19 19:41:54,2026-06-19 19:41:54,12.9,Mumbai,Dadar,bike,19,0,1,0.5230926327166513,1
O01522,S014,P024,Snacks,2026-06-12 16:04:00,2026-06-12 16:14:00,2026-06-12 16:14:57,2026-06-12 16:14:57,10.95,Bengaluru,HSR Layout,bike,16,0,1,0.86403564839482,1
O00085,S002,P010,Dairy,2026-06-26 16:19:00,2026-06-26 16:29:00,2026-06-26 16:27:58,2026-06-26 16:27:58,8.966666666666667,Mumbai,Bandra,bike,16,1,0,0.4749283366171171,0
O01223,S019,P037,Bakery,2026-06-09 18:06:00,2026-06-09 18:16:00,2026-06-09 18:15:12,2026-06-09 18:15:12,9.2,Bengaluru,Yelahanka,scooter,18,1,0,0.5004243937959334,1
O00906,S016,P044,Snacks,2026-06-13 13:42:00,2026-06-13 13:52:00,2026-06-13 13:50:28,2026-06-13 13:50:28,8.466666666666667,Bengaluru,Marathahalli,scooter,13,1,0,0.39345143725254556,0
O00293,S007,P048,Snacks,2026-06-24 23:30:00,2026-06-24 23:40:00,2026-06-24 23:44:38,2026-06-24 23:44:38,14.633333333333333,Mumbai,Borivali,bike,23,0,1,0.940647443286265,1
O00898,S012,P011,Personal Care,2026-06-17 16:06:00,2026-06-17 16:16:00,2026-06-17 16:11:51,2026-06-17 16:11:51,5.85,Bengaluru,Indiranagar,bike,16,1,0,0.0838031637183646,0
O01534,S017,P055,Fruits & Vegetables,2026-06-10 11:20:00,2026-06-10 11:30:00,2026-06-10 11:32:16,2026-06-10 11:32:16,12.266666666666667,Bengaluru,JP Nagar,bike,11,0,1,0.6824394081283226,1
O01261,S012,P057,Personal Care,2026-06-04 08:02:00,2026-06-04 08:12:00,2026-06-04 08:10:51,2026-06-04 08:10:51,8.85,Bengaluru,Indiranagar,bicycle,8,1,0,0.04514975684360932,0
O00893,S004,P015,Dairy,2026-06-28 18:44:00,2026-06-28 18:54:00,2026-06-28 18:51:24,2026-06-28 18:51:24,7.4,Mumbai,Dadar,bike,18,1,0,0.5248897969585674,1
O00496,S016,P010,Snacks,2026-06-25 15:46:00,2026-06-25 15:56:00,2026-06-25 15:51:20,2026-06-25 15:51:20,5.333333333333333,Bengaluru,Marathahalli,bike,15,1,0,0.4334288880741973,0
O00139,S008,P022,Dairy,2026-06-26 21:00:00,2026-06-26 21:10:00,2026-06-26 21:16:35,2026-06-26 21:16:35,16.583333333333332,Mumbai,Worli,bike,21,0,1,0.6032458330932357,1
O00172,S010,P005,Snacks,2026-06-20 17:24:00,2026-06-20 17:34:00,2026-06-20 17:32:01,2026-06-20 17:32:01,8.016666666666667,Mumbai,Goregaon,bike,17,1,0,0.47109406318797464,0
O01717,S011,P055,Household,2026-06-29 19:47:00,2026-06-29 19:57:00,2026-06-29 19:57:02,2026-06-29 19:57:02,10.033333333333333,Bengaluru,Koramangala,bike,19,0,1,0.6649427356352735,1
O00795,S017,P022,Dairy,2026-06-11 16:43:00,2026-06-11 16:53:00,2026-06-11 16:53:40,2026-06-11 16:53:40,10.666666666666666,Bengaluru,JP Nagar,bike,16,0,1,0.6222089660602987,1
O00078,S019,P024,Bakery,2026-06-18 15:27:00,2026-06-18 15:37:00,2026-06-18 15:37:48,2026-06-18 15:37:48,10.8,Bengaluru,Yelahanka,bike,15,0,1,0.43887455825071386,0
O00469,S004,P001,Household,2026-06-18 17:38:00,2026-06-18 17:48:00,2026-06-18 17:44:38,2026-06-18 17:44:38,6.633333333333334,Mumbai,Dadar,scooter,17,1,0,0.4673504730105077,0
O00229,S010,P030,Snacks,2026-06-23 06:28:00,2026-06-23 06:38:00,2026-06-23 06:33:05,2026-06-23 06:33:05,5.083333333333333,Mumbai,Goregaon,bike,6,1,0,0.2644453156704963,0
O00224,S010,P055,Snacks,2026-06-09 08:35:00,2026-06-09 08:45:00,2026-06-09 08:46:49,2026-06-09 08:46:49,11.816666666666666,Mumbai,Goregaon,bike,8,0,1,0.2977494025083125,0
O00981,S019,P009,Personal Care,2026-06-28 05:41:00,2026-06-28 05:51:00,2026-06-28 05:49:07,2026-06-28 05:49:07,8.116666666666667,Bengaluru,Yelahanka,bike,5,1,0,0.15341619241375531,0
O00961,S007,P013,Beverages,2026-06-10 19:24:00,2026-06-10 19:34:00,2026-06-10 19:45:41,2026-06-10 19:45:41,21.683333333333334,Mumbai,Borivali,bike,19,0,1,0.9177787530603468,1
O00074,S020,P043,Fruits & Vegetables,2026-06-11 03:54:00,2026-06-11 04:04:00,2026-06-11 04:02:42,2026-06-11 04:02:42,8.7,Bengaluru,Malleshwaram,bike,3,1,0,0.3749869024982828,0
O01644,S012,P017,Fruits & Vegetables,2026-06-11 18:49:00,2026-06-11 18:59:00,2026-06-11 18:58:19,2026-06-11 18:58:19,9.316666666666666,Bengaluru,Indiranagar,bike,18,1,0,0.2717915511474797,0
O00261,S010,P057,Grocery,2026-06-01 11:38:00,2026-06-01 11:48:00,2026-06-01 11:49:28,2026-06-01 11:49:28,11.466666666666667,Mumbai,Goregaon,bicycle,11,0,1,0.37571664917804715,0
O01593,S018,P026,Fruits & Vegetables,2026-06-25 12:30:00,2026-06-25 12:40:00,2026-06-25 12:37:17,2026-06-25 12:37:17,7.283333333333333,Bengaluru,Electronic City,scooter,12,1,0,0.44831842093424845,0
O01137,S014,P016,Dairy,2026-06-29 17:27:00,2026-06-29 17:37:00,2026-06-29 17:34:14,2026-06-29 17:34:14,7.233333333333333,Bengaluru,HSR Layout,bike,17,1,0,0.8808760955522997,1
O00178,S020,P056,Dairy,2026-06-11 06:42:00,2026-06-11 06:52:00,2026-06-11 06:49:15,2026-06-11 06:49:15,7.25,Bengaluru,Malleshwaram,bike,6,1,0,0.2805158785430057,0
O00414,S020,P016,Beverages,2026-06-16 13:35:00,2026-06-16 13:45:00,2026-06-16 13:44:06,2026-06-16 13:44:06,9.1,Bengaluru,Malleshwaram,bike,13,1,0,0.3883501694166168,0
O00809,S018,P055,Household,2026-06-03 20:48:00,2026-06-03 20:58:00,2026-06-03 20:56:57,2026-06-03 20:56:57,8.95,Bengaluru,Electronic City,bike,20,1,0,0.40756063836287576,0
O01743,S013,P041,Household,2026-06-30 20:39:00,2026-06-30 20:49:00,2026-06-30 20:45:29,2026-06-30 20:45:29,6.483333333333333,Bengaluru,Whitefield,bike,20,1,0,0.47978121070382446,0
O00223,S005,P020,Dairy,2026-06-06 11:45:00,2026-06-06 11:55:00,2026-06-06 11:52:50,2026-06-06 11:52:50,7.833333333333333,Mumbai,Malad,bike,11,1,0,0.36278856541061816,0
O00536,S020,P054,Beverages,2026-06-16 19:35:00,2026-06-16 19:45:00,2026-06-16 19:45:11,2026-06-16 19:45:11,10.183333333333334,Bengaluru,Malleshwaram,bike,19,0,1,0.5101496927001228,1
O01783,S014,P052,Grocery,2026-06-24 13:57:00,2026-06-24 14:07:00,2026-06-24 14:08:24,2026-06-24 14:08:24,11.4,Bengaluru,HSR Layout,bike,13,0,1,0.8461389232316531,1
O01445,S018,P013,Beverages,2026-06-10 06:36:00,2026-06-10 06:46:00,2026-06-10 06:46:39,2026-06-10 06:46:39,10.65,Bengaluru,Electronic City,bike,6,0,1,0.18687322263644518,0
O00587,S017,P008,Grocery,2026-06-13 18:44:00,2026-06-13 18:54:00,2026-06-13 18:54:36,2026-06-13 18:54:36,10.6,Bengaluru,JP Nagar,bike,18,0,1,0.6676714864902732,1
O00584,S002,P045,Fruits & Vegetables,2026-06-08 21:30:00,2026-06-08 21:40:00,2026-06-08 21:43:18,2026-06-08 21:43:18,13.3,Mumbai,Bandra,bike,21,0,1,0.7291789567157554,1
O00816,S005,P001,Dairy,2026-06-21 05:19:00,2026-06-21 05:29:00,2026-06-21 05:24:33,2026-06-21 05:24:33,5.55,Mumbai,Malad,scooter,5,1,0,0.2576654103488781,0
O01424,S006,P012,Household,2026-06-29 13:00:00,2026-06-29 13:10:00,2026-06-29 13:07:23,2026-06-29 13:07:23,7.383333333333334,Mumbai,Chembur,bike,13,1,0,0.44291454275410735,0
O01533,S019,P018,Snacks,2026-06-08 11:21:00,2026-06-08 11:31:00,2026-06-08 11:32:09,2026-06-08 11:32:09,11.15,Bengaluru,Yelahanka,scooter,11,0,1,0.32751453571156447,0
O01643,S014,P004,Bakery,2026-06-10 04:55:00,2026-06-10 05:05:00,2026-06-10 05:04:34,2026-06-10 05:04:34,9.566666666666666,Bengaluru,HSR Layout,bike,4,1,0,0.731710867622931,1
O00671,S014,P049,Fruits & Vegetables,2026-06-27 18:38:00,2026-06-27 18:48:00,2026-06-27 18:50:41,2026-06-27 18:50:41,12.683333333333334,Bengaluru,HSR Layout,bike,18,0,1,0.9405696131869345,1
O01100,S010,P029,Personal Care,2026-06-21 16:48:00,2026-06-21 16:58:00,2026-06-21 16:54:53,2026-06-21 16:54:53,6.883333333333334,Mumbai,Goregaon,bike,16,1,0,0.33359302362245785,0
O00376,S013,P023,Fruits & Vegetables,2026-06-11 19:15:00,2026-06-11 19:25:00,2026-06-11 19:25:53,2026-06-11 19:25:53,10.883333333333333,Bengaluru,Whitefield,bike,19,0,1,0.6599351489055044,1
O00326,S005,P020,Household,2026-06-20 21:12:00,2026-06-20 21:22:00,2026-06-20 21:28:39,2026-06-20 21:28:39,16.65,Mumbai,Malad,bike,21,0,1,0.528352180639514,1
O00237,S012,P049,Fruits & Vegetables,2026-06-12 05:03:00,2026-06-12 05:13:00,2026-06-12 05:10:36,2026-06-12 05:10:36,7.6,Bengaluru,Indiranagar,bike,5,1,0,0.11327245037872018,0
O00235,S008,P014,Household,2026-06-02 05:31:00,2026-06-02 05:41:00,2026-06-02 05:36:29,2026-06-02 05:36:29,5.483333333333333,Mumbai,Worli,scooter,5,1,0,0.25950172048485654,0
O01306,S003,P040,Household,2026-06-04 12:59:00,2026-06-04 13:09:00,2026-06-04 13:12:58,2026-06-04 13:12:58,13.966666666666667,Mumbai,Powai,bike,12,0,1,0.5071283802656229,1
O00145,S009,P040,Household,2026-06-13 23:33:00,2026-06-13 23:43:00,2026-06-13 23:41:06,2026-06-13 23:41:06,8.1,Mumbai,Kurla,bike,23,1,0,0.6598931558091977,1
O00457,S008,P009,Beverages,2026-06-24 13:52:00,2026-06-24 14:02:00,2026-06-24 13:59:14,2026-06-24 13:59:14,7.233333333333333,Mumbai,Worli,bike,13,1,0,0.4181232002560093,0
O01413,S005,P015,Household,2026-06-13 22:55:00,2026-06-13 23:05:00,2026-06-13 23:07:06,2026-06-13 23:07:06,12.1,Mumbai,Malad,bike,22,0,1,0.5488453821974838,1
O01358,S001,P024,Household,2026-06-01 11:19:00,2026-06-01 11:29:00,2026-06-01 11:27:20,2026-06-01 11:27:20,8.333333333333334,Mumbai,Andheri,bike,11,1,0,0.34897060204429303,0
O00264,S011,P051,Beverages,2026-06-19 18:12:00,2026-06-19 18:22:00,2026-06-19 18:18:32,2026-06-19 18:18:32,6.533333333333333,Bengaluru,Koramangala,bike,18,1,0,0.6595279998281182,1
O00920,S012,P023,Grocery,2026-06-25 21:21:00,2026-06-25 21:31:00,2026-06-25 21:29:28,2026-06-25 21:29:28,8.466666666666667,Bengaluru,Indiranagar,bike,21,1,0,0.20056139742091803,0
O01426,S020,P023,Bakery,2026-06-19 00:55:00,2026-06-19 01:05:00,2026-06-19 01:05:08,2026-06-19 01:05:08,10.133333333333333,Bengaluru,Malleshwaram,bike,0,0,1,0.20391483620713316,0
O01563,S002,P011,Beverages,2026-06-10 02:40:00,2026-06-10 02:50:00,2026-06-10 02:47:52,2026-06-10 02:47:52,7.866666666666666,Mumbai,Bandra,bike,2,1,0,0.20673521545170545,0
O00810,S002,P025,Personal Care,2026-06-10 18:57:00,2026-06-10 19:07:00,2026-06-10 19:01:47,2026-06-10 19:01:47,4.783333333333333,Mumbai,Bandra,scooter,18,1,0,0.37795818431611966,0
O01419,S020,P032,Fruits & Vegetables,2026-06-04 18:41:00,2026-06-04 18:51:00,2026-06-04 18:50:24,2026-06-04 18:50:24,9.4,Bengaluru,Malleshwaram,scooter,18,1,0,0.6739841629036011,1
O01284,S003,P011,Bakery,2026-06-25 15:35:00,2026-06-25 15:45:00,2026-06-25 15:42:01,2026-06-25 15:42:01,7.016666666666667,Mumbai,Powai,bike,15,1,0,0.6221422003486808,1
O00022,S011,P060,Beverages,2026-06-07 18:20:00,2026-06-07 18:30:00,2026-06-07 18:30:32,2026-06-07 18:30:32,10.533333333333333,Bengaluru,Koramangala,scooter,18,0,1,0.6595279998281182,1
O01230,S017,P058,Beverages,2026-06-22 15:08:00,2026-06-22 15:18:00,2026-06-22 15:17:55,2026-06-22 15:17:55,9.916666666666666,Bengaluru,JP Nagar,bike,15,1,0,0.5809750214015332,1
O00520,S006,P045,Dairy,2026-06-24 20:06:00,2026-06-24 20:16:00,2026-06-24 20:18:08,2026-06-24 20:18:08,12.133333333333333,Mumbai,Chembur,bike,20,0,1,0.6215049334163715,1
O01000,S018,P013,Snacks,2026-06-10 19:09:00,2026-06-10 19:19:00,2026-06-10 19:15:19,2026-06-10 19:15:19,6.316666666666666,Bengaluru,Electronic City,bike,19,1,0,0.4066960569373192,0
O00389,S003,P017,Snacks,2026-06-16 13:23:00,2026-06-16 13:33:00,2026-06-16 13:35:45,2026-06-16 13:35:45,12.75,Mumbai,Powai,bike,13,0,1,0.54732933319395,1
O00570,S019,P035,Dairy,2026-06-13 18:23:00,2026-06-13 18:33:00,2026-06-13 18:30:39,2026-06-13 18:30:39,7.65,Bengaluru,Yelahanka,bike,18,1,0,0.4817431996817458,0
O01581,S017,P044,Personal Care,2026-06-26 17:45:00,2026-06-26 17:55:00,2026-06-26 17:53:02,2026-06-26 17:53:02,8.033333333333333,Bengaluru,JP Nagar,scooter,17,1,0,0.5046512929300944,1
O01759,S012,P020,Bakery,2026-06-14 16:05:00,2026-06-14 16:15:00,2026-06-14 16:17:41,2026-06-14 16:17:41,12.683333333333334,Bengaluru,Indiranagar,bike,16,0,1,0.14751848904592363,0
O00852,S008,P021,Household,2026-06-29 10:43:00,2026-06-29 10:53:00,2026-06-29 10:49:11,2026-06-29 10:49:11,6.183333333333334,Mumbai,Worli,bicycle,10,1,0,0.3461107333360345,0
O00021,S013,P008,Personal Care,2026-06-19 17:39:00,2026-06-19 17:49:00,2026-06-19 17:49:33,2026-06-19 17:49:33,10.55,Bengaluru,Whitefield,bike,17,0,1,0.3223040647718244,0
O01414,S014,P011,Beverages,2026-06-28 16:06:00,2026-06-28 16:16:00,2026-06-28 16:16:33,2026-06-28 16:16:33,10.55,Bengaluru,HSR Layout,bike,16,0,1,0.8615942982844268,1
O00559,S011,P016,Personal Care,2026-06-23 19:27:00,2026-06-23 19:37:00,2026-06-23 19:35:46,2026-06-23 19:35:46,8.766666666666667,Bengaluru,Koramangala,bike,19,1,0,0.5672264195212241,1
O01339,S016,P017,Bakery,2026-06-21 21:07:00,2026-06-21 21:17:00,2026-06-21 21:18:28,2026-06-21 21:18:28,11.466666666666667,Bengaluru,Marathahalli,bike,21,0,1,0.5916509752649481,1
O00420,S008,P037,Fruits & Vegetables,2026-06-12 21:54:00,2026-06-12 22:04:00,2026-06-12 22:04:29,2026-06-12 22:04:29,10.483333333333333,Mumbai,Worli,scooter,21,0,1,0.7497836934350574,1
O01790,S004,P013,Beverages,2026-06-30 15:41:00,2026-06-30 15:51:00,2026-06-30 15:43:12,2026-06-30 15:43:12,2.2,Mumbai,Dadar,bike,15,1,0,0.4409103465681284,0
O01455,S020,P045,Personal Care,2026-06-04 06:09:00,2026-06-04 06:19:00,2026-06-04 06:16:55,2026-06-04 06:16:55,7.916666666666667,Bengaluru,Malleshwaram,bike,6,1,0,0.18172419359465775,0
O01169,S017,P040,Fruits & Vegetables,2026-06-25 08:50:00,2026-06-25 09:00:00,2026-06-25 08:57:41,2026-06-25 08:57:41,7.683333333333334,Bengaluru,JP Nagar,bike,8,1,0,0.6265809366021162,1
O01394,S003,P025,Beverages,2026-06-20 09:13:00,2026-06-20 09:23:00,2026-06-20 09:21:18,2026-06-20 09:21:18,8.3,Mumbai,Powai,scooter,9,1,0,0.45992495489682494,0
O00866,S015,P060,Household,2026-06-05 00:47:00,2026-06-05 00:57:00,2026-06-05 00:56:31,2026-06-05 00:56:31,9.516666666666667,Bengaluru,Jayanagar,scooter,0,1,0,0.1389218138905468,0
O00529,S004,P040,Personal Care,2026-06-24 17:24:00,2026-06-24 17:34:00,2026-06-24 17:31:32,2026-06-24 17:31:32,7.533333333333333,Mumbai,Dadar,bike,17,1,0,0.3668765978863619,0
O01628,S006,P020,Beverages,2026-06-03 08:54:00,2026-06-03 09:04:00,2026-06-03 09:02:35,2026-06-03 09:02:35,8.583333333333334,Mumbai,Chembur,bike,8,1,0,0.3581381436496475,0
O01274,S011,P014,Beverages,2026-06-16 10:38:00,2026-06-16 10:48:00,2026-06-16 10:47:39,2026-06-16 10:47:39,9.65,Bengaluru,Koramangala,scooter,10,1,0,0.5003455961128925,1
O01624,S002,P060,Personal Care,2026-06-25 21:59:00,2026-06-25 22:09:00,2026-06-25 22:10:31,2026-06-25 22:10:31,11.516666666666667,Mumbai,Bandra,scooter,21,0,1,0.4376277533819386,0
O01227,S006,P056,Dairy,2026-06-01 16:51:00,2026-06-01 17:01:00,2026-06-01 16:59:17,2026-06-01 16:59:17,8.283333333333333,Mumbai,Chembur,bike,16,1,0,0.5414139604458915,1
O00291,S009,P025,Grocery,2026-06-28 06:51:00,2026-06-28 07:01:00,2026-06-28 07:00:00,2026-06-28 07:00:00,9.0,Mumbai,Kurla,scooter,6,1,0,0.3641165019064077,0
O00320,S003,P023,Snacks,2026-06-20 17:20:00,2026-06-20 17:30:00,2026-06-20 17:28:11,2026-06-20 17:28:11,8.183333333333334,Mumbai,Powai,bike,17,1,0,0.6270987564804741,1
O00824,S016,P045,Dairy,2026-06-07 07:17:00,2026-06-07 07:27:00,2026-06-07 07:29:11,2026-06-07 07:29:11,12.183333333333334,Bengaluru,Marathahalli,bike,7,0,1,0.29762594114035057,0
O00762,S018,P011,Bakery,2026-06-13 06:13:00,2026-06-13 06:23:00,2026-06-13 06:22:51,2026-06-13 06:22:51,9.85,Bengaluru,Electronic City,bike,6,1,0,0.21315394852140515,0
O00468,S007,P030,Beverages,2026-06-22 15:39:00,2026-06-22 15:49:00,2026-06-22 15:55:11,2026-06-22 15:55:11,16.183333333333334,Mumbai,Borivali,bike,15,0,1,0.8892041990744389,1
O00799,S006,P058,Snacks,2026-06-23 08:18:00,2026-06-23 08:28:00,2026-06-23 08:21:55,2026-06-23 08:21:55,3.9166666666666665,Mumbai,Chembur,bike,8,1,0,0.3628933015481364,0
O01665,S015,P011,Dairy,2026-06-13 10:34:00,2026-06-13 10:44:00,2026-06-13 10:44:26,2026-06-13 10:44:26,10.433333333333334,Bengaluru,Jayanagar,bike,10,0,1,0.29910509063968105,0
O00678,S002,P059,Household,2026-06-12 20:27:00,2026-06-12 20:37:00,2026-06-12 20:38:09,2026-06-12 20:38:09,11.15,Mumbai,Bandra,bicycle,20,0,1,0.5203847282427292,1
O01613,S010,P012,Beverages,2026-06-05 16:26:00,2026-06-05 16:36:00,2026-06-05 16:33:12,2026-06-05 16:33:12,7.2,Mumbai,Goregaon,bike,16,1,0,0.4455035988136313,0
O00493,S020,P008,Beverages,2026-06-04 19:31:00,2026-06-04 19:41:00,2026-06-04 19:40:09,2026-06-04 19:40:09,9.15,Bengaluru,Malleshwaram,bike,19,1,0,0.5101496927001228,1
O01690,S017,P005,Beverages,2026-06-18 22:54:00,2026-06-18 23:04:00,2026-06-18 23:04:29,2026-06-18 23:04:29,10.483333333333333,Bengaluru,JP Nagar,bike,22,0,1,0.7117934250051273,1
O00595,S006,P041,Bakery,2026-06-15 01:54:00,2026-06-15 02:04:00,2026-06-15 02:00:31,2026-06-15 02:00:31,6.516666666666667,Mumbai,Chembur,bike,1,1,0,0.2696599220538015,0
O01629,S003,P047,Personal Care,2026-06-05 18:54:00,2026-06-05 19:04:00,2026-06-05 19:03:03,2026-06-05 19:03:03,9.05,Mumbai,Powai,bicycle,18,1,0,0.5271025883762379,1
O01412,S010,P046,Bakery,2026-06-21 08:32:00,2026-06-21 08:42:00,2026-06-21 08:38:20,2026-06-21 08:38:20,6.333333333333333,Mumbai,Goregaon,bike,8,1,0,0.3286658347999131,0
O00782,S010,P011,Grocery,2026-06-23 21:47:00,2026-06-23 21:57:00,2026-06-23 21:57:27,2026-06-23 21:57:27,10.45,Mumbai,Goregaon,bike,21,0,1,0.5785910912998647,1
O00093,S015,P045,Beverages,2026-06-23 12:17:00,2026-06-23 12:27:00,2026-06-23 12:23:28,2026-06-23 12:23:28,6.466666666666667,Bengaluru,Jayanagar,bike,12,1,0,0.31511957636822147,0
O00032,S010,P024,Grocery,2026-06-29 12:43:00,2026-06-29 12:53:00,2026-06-29 12:49:27,2026-06-29 12:49:27,6.45,Mumbai,Goregaon,bike,12,1,0,0.3952508917950786,0
O01637,S004,P030,Snacks,2026-06-12 18:06:00,2026-06-12 18:16:00,2026-06-12 18:12:07,2026-06-12 18:12:07,6.116666666666666,Mumbai,Dadar,bike,18,1,0,0.507645948243667,1
O01312,S014,P031,Fruits & Vegetables,2026-06-20 19:21:00,2026-06-20 19:31:00,2026-06-20 19:34:59,2026-06-20 19:34:59,13.983333333333333,Bengaluru,HSR Layout,bike,19,0,1,0.9450158194045852,1
O01557,S010,P029,Fruits & Vegetables,2026-06-08 16:10:00,2026-06-08 16:20:00,2026-06-08 16:14:17,2026-06-08 16:14:17,4.283333333333333,Mumbai,Goregaon,bike,16,1,0,0.6339679392831419,1
O00424,S011,P004,Grocery,2026-06-05 16:58:00,2026-06-05 17:08:00,2026-06-05 17:08:06,2026-06-05 17:08:06,10.1,Bengaluru,Koramangala,bike,16,0,1,0.6501516512035598,1
O01015,S004,P046,Grocery,2026-06-30 21:51:00,2026-06-30 22:01:00,2026-06-30 21:59:06,2026-06-30 21:59:06,8.1,Mumbai,Dadar,bike,21,1,0,0.59407935165839,1
O00417,S019,P033,Household,2026-06-13 10:01:00,2026-06-13 10:11:00,2026-06-13 10:09:15,2026-06-13 10:09:15,8.25,Bengaluru,Yelahanka,scooter,10,1,0,0.2930082062507782,0
O01463,S017,P014,Household,2026-06-29 18:24:00,2026-06-29 18:34:00,2026-06-29 18:32:41,2026-06-29 18:32:41,8.683333333333334,Bengaluru,JP Nagar,scooter,18,1,0,0.6261973169286605,1
O00150,S014,P056,Grocery,2026-06-10 17:22:00,2026-06-10 17:32:00,2026-06-10 17:32:21,2026-06-10 17:32:21,10.35,Bengaluru,HSR Layout,bike,17,0,1,0.8843759256809667,1
O00656,S006,P035,Household,2026-06-11 19:17:00,2026-06-11 19:27:00,2026-06-11 19:36:49,2026-06-11 19:36:49,19.816666666666666,Mumbai,Chembur,bike,19,0,1,0.5659915285320997,1
O00381,S016,P050,Snacks,2026-06-01 16:00:00,2026-06-01 16:10:00,2026-06-01 16:09:08,2026-06-01 16:09:08,9.133333333333333,Bengaluru,Marathahalli,bike,16,1,0,0.45378262987736845,0
O00937,S001,P017,Beverages,2026-06-22 16:41:00,2026-06-22 16:51:00,2026-06-22 16:51:10,2026-06-22 16:51:10,10.166666666666666,Mumbai,Andheri,bike,16,0,1,0.4618447766849462,0
O01609,S009,P036,Household,2026-06-04 11:36:00,2026-06-04 11:46:00,2026-06-04 11:45:12,2026-06-04 11:45:12,9.2,Mumbai,Kurla,bike,11,1,0,0.41899616092317654,0
O00440,S002,P024,Grocery,2026-06-14 06:52:00,2026-06-14 07:02:00,2026-06-14 07:01:14,2026-06-14 07:01:14,9.233333333333333,Mumbai,Bandra,bike,6,1,0,0.29083192285645315,0
O00092,S006,P051,Beverages,2026-06-20 19:36:00,2026-06-20 19:46:00,2026-06-20 19:51:05,2026-06-20 19:51:05,15.083333333333334,Mumbai,Chembur,bike,19,0,1,0.5802459859849094,1
O01796,S007,P010,Grocery,2026-06-10 09:01:00,2026-06-10 09:11:00,2026-06-10 09:14:25,2026-06-10 09:14:25,13.416666666666666,Mumbai,Borivali,bike,9,0,1,0.8469980582484725,1
O01395,S009,P046,Snacks,2026-06-19 21:26:00,2026-06-19 21:36:00,2026-06-19 21:41:57,2026-06-19 21:41:57,15.95,Mumbai,Kurla,bike,21,0,1,0.6403215588058763,1
O00760,S012,P039,Dairy,2026-06-17 07:52:00,2026-06-17 08:02:00,2026-06-17 08:01:15,2026-06-17 08:01:15,9.25,Bengaluru,Indiranagar,bike,7,1,0,0.07101242141617226,0
O01538,S017,P049,Dairy,2026-06-01 17:02:00,2026-06-01 17:12:00,2026-06-01 17:13:31,2026-06-01 17:13:31,11.516666666666667,Bengaluru,JP Nagar,bike,17,0,1,0.6413919934588297,1
O00366,S002,P003,Snacks,2026-06-21 19:29:00,2026-06-21 19:39:00,2026-06-21 19:40:26,2026-06-21 19:40:26,11.433333333333334,Mumbai,Bandra,bike,19,0,1,0.5194906762108609,1
O01074,S018,P013,Dairy,2026-06-03 16:47:00,2026-06-03 16:57:00,2026-06-03 16:53:45,2026-06-03 16:53:45,6.75,Bengaluru,Electronic City,bike,16,1,0,0.36447029845970147,0
O01042,S014,P004,Beverages,2026-06-29 10:11:00,2026-06-29 10:21:00,2026-06-29 10:22:40,2026-06-29 10:22:40,11.666666666666666,Bengaluru,HSR Layout,bike,10,0,1,0.7914583383896108,1
O01513,S003,P016,Personal Care,2026-06-11 16:53:00,2026-06-11 17:03:00,2026-06-11 17:02:56,2026-06-11 17:02:56,9.933333333333334,Mumbai,Powai,bike,16,1,0,0.48589485106592023,0
O00889,S012,P050,Bakery,2026-06-14 11:58:00,2026-06-14 12:08:00,2026-06-14 12:06:11,2026-06-14 12:06:11,8.183333333333334,Bengaluru,Indiranagar,bike,11,1,0,0.10279213527068884,0
O01402,S020,P007,Grocery,2026-06-08 05:00:00,2026-06-08 05:10:00,2026-06-08 05:08:51,2026-06-08 05:08:51,8.85,Bengaluru,Malleshwaram,bike,5,1,0,0.27079456167163496,0
O00108,S011,P056,Personal Care,2026-06-23 09:24:00,2026-06-23 09:34:00,2026-06-23 09:36:02,2026-06-23 09:36:02,12.033333333333333,Bengaluru,Koramangala,bike,9,0,1,0.36488645533991076,0
O01102,S008,P012,Personal Care,2026-06-01 08:16:00,2026-06-01 08:26:00,2026-06-01 08:25:52,2026-06-01 08:25:52,9.866666666666667,Mumbai,Worli,bike,8,1,0,0.22864340945330025,0
O01562,S002,P055,Grocery,2026-06-25 21:06:00,2026-06-25 21:16:00,2026-06-25 21:23:21,2026-06-25 21:23:21,17.35,Mumbai,Bandra,bike,21,0,1,0.5855975352379891,1
O00789,S015,P047,Dairy,2026-06-07 16:53:00,2026-06-07 17:03:00,2026-06-07 17:00:11,2026-06-07 17:00:11,7.183333333333334,Bengaluru,Jayanagar,bicycle,16,1,0,0.4117571567626138,0
O00621,S015,P048,Household,2026-06-09 12:35:00,2026-06-09 12:45:00,2026-06-09 12:40:24,2026-06-09 12:40:24,5.4,Bengaluru,Jayanagar,bike,12,1,0,0.3026816839147467,0
O00097,S016,P006,Bakery,2026-06-12 13:20:00,2026-06-12 13:30:00,2026-06-12 13:27:17,2026-06-12 13:27:17,7.283333333333333,Bengaluru,Marathahalli,bike,13,1,0,0.428245145666837,0
O00058,S013,P055,Fruits & Vegetables,2026-06-18 19:34:00,2026-06-18 19:44:00,2026-06-18 19:43:51,2026-06-18 19:43:51,9.85,Bengaluru,Whitefield,bike,19,1,0,0.6599351489055044,1
O01095,S002,P028,Household,2026-06-07 22:40:00,2026-06-07 22:50:00,2026-06-07 22:56:19,2026-06-07 22:56:19,16.316666666666666,Mumbai,Bandra,bike,22,0,1,0.561323813683219,1
O00099,S011,P008,Fruits & Vegetables,2026-06-28 15:00:00,2026-06-28 15:10:00,2026-06-28 15:08:50,2026-06-28 15:08:50,8.833333333333334,Bengaluru,Koramangala,bike,15,1,0,0.7652884581039993,1
O01514,S010,P010,Grocery,2026-06-11 17:23:00,2026-06-11 17:33:00,2026-06-11 17:28:09,2026-06-11 17:28:09,5.15,Mumbai,Goregaon,bike,17,1,0,0.4967719892361311,0
O01313,S008,P025,Fruits & Vegetables,2026-06-18 14:34:00,2026-06-18 14:44:00,2026-06-18 14:41:00,2026-06-18 14:41:00,7.0,Mumbai,Worli,scooter,14,1,0,0.6271772237402478,1
O00356,S008,P014,Household,2026-06-28 18:40:00,2026-06-28 18:50:00,2026-06-28 18:46:40,2026-06-28 18:46:40,6.666666666666667,Mumbai,Worli,scooter,18,1,0,0.5059071987183995,1
O01112,S019,P042,Grocery,2026-06-07 09:12:00,2026-06-07 09:22:00,2026-06-07 09:22:52,2026-06-07 09:22:52,10.866666666666667,Bengaluru,Yelahanka,bike,9,0,1,0.31398382160454386,0
O01170,S010,P039,Dairy,2026-06-18 18:16:00,2026-06-18 18:26:00,2026-06-18 18:23:24,2026-06-18 18:23:24,7.4,Mumbai,Goregaon,bike,18,1,0,0.50894371944045,1
O01532,S019,P024,Bakery,2026-06-13 11:11:00,2026-06-13 11:21:00,2026-06-13 11:17:41,2026-06-13 11:17:41,6.683333333333334,Bengaluru,Yelahanka,bike,11,1,0,0.35993749772727957,0
O01766,S020,P039,Snacks,2026-06-02 19:08:00,2026-06-02 19:18:00,2026-06-02 19:16:08,2026-06-02 19:16:08,8.133333333333333,Bengaluru,Malleshwaram,bike,19,1,0,0.5153028134766128,1
O00629,S016,P036,Grocery,2026-06-01 19:33:00,2026-06-01 19:43:00,2026-06-01 19:42:16,2026-06-01 19:42:16,9.266666666666667,Bengaluru,Marathahalli,bike,19,1,0,0.5411244659172234,1
O01741,S010,P024,Fruits & Vegetables,2026-06-27 08:11:00,2026-06-27 08:21:00,2026-06-27 08:19:50,2026-06-27 08:19:50,8.833333333333334,Mumbai,Goregaon,bike,8,1,0,0.47239517513502033,0
O01619,S006,P031,Dairy,2026-06-15 16:23:00,2026-06-15 16:33:00,2026-06-15 16:28:49,2026-06-15 16:28:49,5.816666666666666,Mumbai,Chembur,bike,16,1,0,0.5414139604458915,1
O01617,S010,P014,Household,2026-06-23 22:35:00,2026-06-23 22:45:00,2026-06-23 22:48:11,2026-06-23 22:48:11,13.183333333333334,Mumbai,Goregaon,scooter,22,0,1,0.5542193819085014,1
O00113,S003,P055,Household,2026-06-28 18:34:00,2026-06-28 18:44:00,2026-06-28 18:41:45,2026-06-28 18:41:45,7.75,Mumbai,Powai,bike,18,1,0,0.6279359881313907,1
O01432,S008,P043,Dairy,2026-06-12 14:15:00,2026-06-12 14:25:00,2026-06-12 14:22:45,2026-06-12 14:22:45,7.75,Mumbai,Worli,bike,14,1,0,0.460501206442958,0
O01401,S020,P004,Fruits & Vegetables,2026-06-10 18:29:00,2026-06-10 18:39:00,2026-06-10 18:36:44,2026-06-10 18:36:44,7.733333333333333,Bengaluru,Malleshwaram,bike,18,1,0,0.6739841629036011,1
O00589,S020,P018,Fruits & Vegetables,2026-06-25 09:35:00,2026-06-25 09:45:00,2026-06-25 09:45:16,2026-06-25 09:45:16,10.266666666666667,Bengaluru,Malleshwaram,scooter,9,0,1,0.4959939250238244,0
O00627,S015,P027,Dairy,2026-06-06 20:08:00,2026-06-06 20:18:00,2026-06-06 20:16:24,2026-06-06 20:16:24,8.4,Bengaluru,Jayanagar,bike,20,1,0,0.49330001728490414,0
O01632,S010,P053,Fruits & Vegetables,2026-06-20 12:04:00,2026-06-20 12:14:00,2026-06-20 12:11:14,2026-06-20 12:11:14,7.233333333333333,Mumbai,Goregaon,scooter,12,1,0,0.5546243318868159,1
O01771,S018,P048,Bakery,2026-06-05 06:48:00,2026-06-05 06:58:00,2026-06-05 06:58:12,2026-06-05 06:58:12,10.2,Bengaluru,Electronic City,bike,6,0,1,0.21315394852140515,0
O00992,S017,P002,Snacks,2026-06-24 18:11:00,2026-06-24 18:21:00,2026-06-24 18:22:27,2026-06-24 18:22:27,11.45,Bengaluru,JP Nagar,bike,18,0,1,0.6444729903892203,1
O01150,S007,P044,Snacks,2026-06-08 22:06:00,2026-06-08 22:16:00,2026-06-08 22:27:06,2026-06-08 22:27:06,21.1,Mumbai,Borivali,scooter,22,0,1,0.9358719661479538,1
O00659,S020,P016,Household,2026-06-24 06:34:00,2026-06-24 06:44:00,2026-06-24 06:43:16,2026-06-24 06:43:16,9.266666666666667,Bengaluru,Malleshwaram,bike,6,1,0,0.2516458221175615,0
O00214,S018,P008,Beverages,2026-06-25 10:28:00,2026-06-25 10:38:00,2026-06-25 10:36:51,2026-06-25 10:36:51,8.85,Bengaluru,Electronic City,bike,10,1,0,0.24221902278149773,0
O01007,S015,P045,Fruits & Vegetables,2026-06-01 08:46:00,2026-06-01 08:56:00,2026-06-01 08:56:18,2026-06-01 08:56:18,10.3,Bengaluru,Jayanagar,bike,8,0,1,0.41627977959418233,0
O00049,S013,P032,Fruits & Vegetables,2026-06-08 08:44:00,2026-06-08 08:54:00,2026-06-08 08:56:59,2026-06-08 08:56:59,12.983333333333333,Bengaluru,Whitefield,scooter,8,0,1,0.43924361944215906,0
O01005,S020,P060,Bakery,2026-06-08 18:33:00,2026-06-08 18:43:00,2026-06-08 18:44:20,2026-06-08 18:44:20,11.333333333333334,Bengaluru,Malleshwaram,scooter,18,0,1,0.530603412437856,1
O00169,S003,P012,Bakery,2026-06-15 19:48:00,2026-06-15 19:58:00,2026-06-15 20:02:47,2026-06-15 20:02:47,14.783333333333333,Mumbai,Powai,bike,19,0,1,0.696049374713722,1
O00892,S020,P034,Household,2026-06-06 18:01:00,2026-06-06 18:11:00,2026-06-06 18:12:32,2026-06-06 18:12:32,11.533333333333333,Bengaluru,Malleshwaram,bike,18,0,1,0.4749858983565006,0
O01618,S009,P014,Bakery,2026-06-09 03:07:00,2026-06-09 03:17:00,2026-06-09 03:12:38,2026-06-09 03:12:38,5.633333333333334,Mumbai,Kurla,scooter,3,1,0,0.3177789103400925,0
O00874,S010,P029,Snacks,2026-06-07 18:28:00,2026-06-07 18:38:00,2026-06-07 18:35:13,2026-06-07 18:35:13,7.216666666666667,Mumbai,Goregaon,bike,18,1,0,0.4916815987848964,0
O01283,S010,P003,Grocery,2026-06-26 22:12:00,2026-06-26 22:22:00,2026-06-26 22:26:19,2026-06-26 22:26:19,14.316666666666666,Mumbai,Goregaon,bike,22,0,1,0.5985599542457243,1
O00600,S001,P017,Dairy,2026-06-14 15:35:00,2026-06-14 15:45:00,2026-06-14 15:41:34,2026-06-14 15:41:34,6.566666666666666,Mumbai,Andheri,bike,15,1,0,0.46363608522570937,0
O00406,S010,P053,Grocery,2026-06-07 20:20:00,2026-06-07 20:30:00,2026-06-07 20:32:39,2026-06-07 20:32:39,12.65,Mumbai,Goregaon,scooter,20,0,1,0.5583618160378362,1
O01564,S004,P053,Fruits & Vegetables,2026-06-21 12:52:00,2026-06-21 13:02:00,2026-06-21 12:59:22,2026-06-21 12:59:22,7.366666666666666,Mumbai,Dadar,scooter,12,1,0,0.5703393279494874,1
O01630,S004,P031,Fruits & Vegetables,2026-06-23 09:30:00,2026-06-23 09:40:00,2026-06-23 09:38:34,2026-06-23 09:38:34,8.566666666666666,Mumbai,Dadar,bike,9,1,0,0.5089508690206183,1
O00278,S013,P029,Fruits & Vegetables,2026-06-13 06:42:00,2026-06-13 06:52:00,2026-06-13 06:50:09,2026-06-13 06:50:09,8.15,Bengaluru,Whitefield,bike,6,1,0,0.3991076455231933,0
O01604,S002,P021,Snacks,2026-06-28 16:54:00,2026-06-28 17:04:00,2026-06-28 17:03:32,2026-06-28 17:03:32,9.533333333333333,Mumbai,Bandra,bicycle,16,1,0,0.4577444807794528,0
O00579,S019,P053,Dairy,2026-06-20 18:16:00,2026-06-20 18:26:00,2026-06-20 18:26:21,2026-06-20 18:26:21,10.35,Bengaluru,Yelahanka,scooter,18,0,1,0.4817431996817458,0
O00412,S002,P011,Fruits & Vegetables,2026-06-27 18:31:00,2026-06-27 18:41:00,2026-06-27 18:38:15,2026-06-27 18:38:15,7.25,Mumbai,Bandra,bike,18,1,0,0.6776586256660713,1
O01318,S014,P024,Grocery,2026-06-23 07:37:00,2026-06-23 07:47:00,2026-06-23 07:47:44,2026-06-23 07:47:44,10.733333333333333,Bengaluru,HSR Layout,bike,7,0,1,0.7702594181773117,1
O01119,S011,P017,Beverages,2026-06-24 20:43:00,2026-06-24 20:53:00,2026-06-24 20:52:49,2026-06-24 20:52:49,9.816666666666666,Bengaluru,Koramangala,bike,20,1,0,0.6955389450003838,1
O01551,S020,P023,Bakery,2026-06-10 07:07:00,2026-06-10 07:17:00,2026-06-10 07:19:52,2026-06-10 07:19:52,12.866666666666667,Bengaluru,Malleshwaram,bike,7,0,1,0.3133141120525414,0
O00808,S012,P022,Beverages,2026-06-13 05:41:00,2026-06-13 05:51:00,2026-06-13 05:46:22,2026-06-13 05:46:22,5.366666666666666,Bengaluru,Indiranagar,bike,5,1,0,0.055941890304661006,0
O01069,S001,P058,Bakery,2026-06-22 07:52:00,2026-06-22 08:02:00,2026-06-22 07:57:08,2026-06-22 07:57:08,5.133333333333334,Mumbai,Andheri,bike,7,1,0,0.3250269141510397,0
O01090,S004,P007,Grocery,2026-06-20 18:37:00,2026-06-20 18:47:00,2026-06-20 18:44:39,2026-06-20 18:44:39,7.65,Mumbai,Dadar,bike,18,1,0,0.533307294833134,1
O01178,S006,P001,Snacks,2026-06-25 06:45:00,2026-06-25 06:55:00,2026-06-25 06:54:43,2026-06-25 06:54:43,9.716666666666667,Mumbai,Chembur,scooter,6,1,0,0.325681953758744,0
O01683,S005,P010,Beverages,2026-06-28 12:40:00,2026-06-28 12:50:00,2026-06-28 12:47:37,2026-06-28 12:47:37,7.616666666666666,Mumbai,Malad,bike,12,1,0,0.36112455748084843,0
O01080,S019,P052,Grocery,2026-06-24 09:44:00,2026-06-24 09:54:00,2026-06-24 09:54:40,2026-06-24 09:54:40,10.666666666666666,Bengaluru,Yelahanka,bike,9,0,1,0.31398382160454386,0
O00657,S018,P011,Snacks,2026-06-17 08:18:00,2026-06-17 08:28:00,2026-06-17 08:27:42,2026-06-17 08:27:42,9.7,Bengaluru,Electronic City,bike,8,1,0,0.21672097567197926,0
O01359,S004,P045,Bakery,2026-06-21 23:26:00,2026-06-21 23:36:00,2026-06-21 23:31:41,2026-06-21 23:31:41,5.683333333333334,Mumbai,Dadar,bike,23,1,0,0.6426258781995602,1
O00187,S014,P011,Personal Care,2026-06-26 17:55:00,2026-06-26 18:05:00,2026-06-26 18:06:29,2026-06-26 18:06:29,11.483333333333333,Bengaluru,HSR Layout,bike,17,0,1,0.8081366246909913,1
O01065,S014,P014,Household,2026-06-29 18:21:00,2026-06-29 18:31:00,2026-06-29 18:28:47,2026-06-29 18:28:47,7.783333333333333,Bengaluru,HSR Layout,scooter,18,1,0,0.8738326129888945,1
O00203,S011,P060,Beverages,2026-06-17 12:52:00,2026-06-17 13:02:00,2026-06-17 12:59:37,2026-06-17 12:59:37,7.616666666666666,Bengaluru,Koramangala,scooter,12,1,0,0.541488057303538,1
O01768,S008,P018,Dairy,2026-06-29 12:46:00,2026-06-29 12:56:00,2026-06-29 12:55:56,2026-06-29 12:55:56,9.933333333333334,Mumbai,Worli,scooter,12,1,0,0.41987723818421135,0
O01450,S005,P026,Grocery,2026-06-15 19:55:00,2026-06-15 20:05:00,2026-06-15 20:08:13,2026-06-15 20:08:13,13.216666666666667,Mumbai,Malad,scooter,19,0,1,0.532532240050982,1
O01351,S003,P058,Fruits & Vegetables,2026-06-11 22:19:00,2026-06-11 22:29:00,2026-06-11 22:36:29,2026-06-11 22:36:29,17.483333333333334,Mumbai,Powai,bike,22,0,1,0.8428618290930986,1
O00984,S005,P008,Beverages,2026-06-16 19:47:00,2026-06-16 19:57:00,2026-06-16 20:00:30,2026-06-16 20:00:30,13.5,Mumbai,Malad,bike,19,0,1,0.5017116012338457,1
O01773,S016,P049,Beverages,2026-06-08 15:05:00,2026-06-08 15:15:00,2026-06-08 15:16:54,2026-06-08 15:16:54,11.9,Bengaluru,Marathahalli,bike,15,0,1,0.42837091404228017,0
O00086,S014,P039,Personal Care,2026-06-25 15:28:00,2026-06-25 15:38:00,2026-06-25 15:40:15,2026-06-25 15:40:15,12.25,Bengaluru,HSR Layout,bike,15,0,1,0.7812550651437019,1
O00828,S002,P013,Snacks,2026-06-26 08:54:00,2026-06-26 09:04:00,2026-06-26 09:01:33,2026-06-26 09:01:33,7.55,Mumbai,Bandra,bike,8,1,0,0.3038067748540244,0
O00386,S010,P043,Dairy,2026-06-04 01:08:00,2026-06-04 01:18:00,2026-06-04 01:15:19,2026-06-04 01:15:19,7.316666666666666,Mumbai,Goregaon,bike,1,1,0,0.20321574399516218,0
O01799,S009,P028,Household,2026-06-12 21:59:00,2026-06-12 22:09:00,2026-06-12 22:12:23,2026-06-12 22:12:23,13.383333333333333,Mumbai,Kurla,bike,21,0,1,0.6219576630924496,1
O00491,S016,P045,Dairy,2026-06-07 18:40:00,2026-06-07 18:50:00,2026-06-07 18:51:16,2026-06-07 18:51:16,11.266666666666667,Bengaluru,Marathahalli,bike,18,0,1,0.5121498431401352,1
O00290,S015,P055,Household,2026-06-03 15:53:00,2026-06-03 16:03:00,2026-06-03 16:02:48,2026-06-03 16:02:48,9.8,Bengaluru,Jayanagar,bike,15,1,0,0.357293208175108,0
O00749,S002,P007,Beverages,2026-06-01 16:19:00,2026-06-01 16:29:00,2026-06-01 16:25:47,2026-06-01 16:25:47,6.783333333333333,Mumbai,Bandra,bike,16,1,0,0.45262944149326234,0
O00505,S011,P001,Personal Care,2026-06-22 20:33:00,2026-06-22 20:43:00,2026-06-22 20:39:01,2026-06-22 20:39:01,6.016666666666667,Bengaluru,Koramangala,scooter,20,1,0,0.5873497325054776,1
O00693,S012,P056,Snacks,2026-06-01 10:56:00,2026-06-01 11:06:00,2026-06-01 11:02:36,2026-06-01 11:02:36,6.6,Bengaluru,Indiranagar,bike,10,1,0,0.08371820523350652,0
O00135,S020,P027,Beverages,2026-06-02 18:13:00,2026-06-02 18:23:00,2026-06-02 18:17:08,2026-06-02 18:17:08,4.133333333333334,Bengaluru,Malleshwaram,bike,18,1,0,0.4895335802956533,0
O01136,S015,P023,Beverages,2026-06-13 17:51:00,2026-06-13 18:01:00,2026-06-13 17:58:10,2026-06-13 17:58:10,7.166666666666667,Bengaluru,Jayanagar,bike,17,1,0,0.4100130656987558,0
O01370,S013,P047,Dairy,2026-06-13 21:33:00,2026-06-13 21:43:00,2026-06-13 21:37:50,2026-06-13 21:37:50,4.833333333333333,Bengaluru,Whitefield,bicycle,21,1,0,0.5373071520072493,1
O00239,S005,P007,Fruits & Vegetables,2026-06-12 19:21:00,2026-06-12 19:31:00,2026-06-12 19:34:02,2026-06-12 19:34:02,13.033333333333333,Mumbai,Malad,bike,19,0,1,0.6845969400876573,1
O00918,S018,P055,Dairy,2026-06-17 05:16:00,2026-06-17 05:26:00,2026-06-17 05:23:49,2026-06-17 05:23:49,7.816666666666666,Bengaluru,Electronic City,bike,5,1,0,0.18797054357701892,0
O01606,S019,P047,Household,2026-06-17 01:42:00,2026-06-17 01:52:00,2026-06-17 01:48:20,2026-06-17 01:48:20,6.333333333333333,Bengaluru,Yelahanka,bicycle,1,1,0,0.16477727140101267,0
O00797,S002,P002,Snacks,2026-06-02 21:42:00,2026-06-02 21:52:00,2026-06-02 21:57:45,2026-06-02 21:57:45,15.75,Mumbai,Bandra,bike,21,0,1,0.560441614870529,1
O01123,S015,P022,Snacks,2026-06-11 20:27:00,2026-06-11 20:37:00,2026-06-11 20:36:12,2026-06-11 20:36:12,9.2,Bengaluru,Jayanagar,bike,20,1,0,0.4760541067724701,0
O01349,S014,P018,Beverages,2026-06-21 08:09:00,2026-06-21 08:19:00,2026-06-21 08:22:19,2026-06-21 08:22:19,13.316666666666666,Bengaluru,HSR Layout,scooter,8,0,1,0.7629255304954254,1
O00932,S015,P018,Fruits & Vegetables,2026-06-30 16:40:00,2026-06-30 16:50:00,2026-06-30 16:51:34,2026-06-30 16:51:34,11.566666666666666,Bengaluru,Jayanagar,scooter,16,0,1,0.5797494484230346,1
O00691,S001,P025,Grocery,2026-06-09 08:18:00,2026-06-09 08:28:00,2026-06-09 08:26:00,2026-06-09 08:26:00,8.0,Mumbai,Andheri,scooter,8,1,0,0.3341975518898866,0
O01256,S016,P004,Household,2026-06-01 17:21:00,2026-06-01 17:31:00,2026-06-01 17:29:46,2026-06-01 17:29:46,8.766666666666667,Bengaluru,Marathahalli,bike,17,1,0,0.45467060093985817,0
O00318,S013,P021,Household,2026-06-04 06:19:00,2026-06-04 06:29:00,2026-06-04 06:29:36,2026-06-04 06:29:36,10.6,Bengaluru,Whitefield,bicycle,6,0,1,0.2252053630917561,0
O01236,S011,P051,Fruits & Vegetables,2026-06-13 03:38:00,2026-06-13 03:48:00,2026-06-13 03:47:52,2026-06-13 03:47:52,9.866666666666667,Bengaluru,Koramangala,bike,3,1,0,0.5478981251170627,1
O00396,S012,P013,Beverages,2026-06-19 19:47:00,2026-06-19 19:57:00,2026-06-19 19:55:15,2026-06-19 19:55:15,8.25,Bengaluru,Indiranagar,bike,19,1,0,0.15826315739779315,0
O01020,S012,P046,Fruits & Vegetables,2026-06-12 17:15:00,2026-06-12 17:25:00,2026-06-12 17:25:11,2026-06-12 17:25:11,10.183333333333334,Bengaluru,Indiranagar,bike,17,0,1,0.25577827240452883,0
O00205,S012,P028,Fruits & Vegetables,2026-06-24 13:24:00,2026-06-24 13:34:00,2026-06-24 13:32:19,2026-06-24 13:32:19,8.316666666666666,Bengaluru,Indiranagar,bike,13,1,0,0.19814437494567216,0
O00343,S003,P037,Snacks,2026-06-26 20:11:00,2026-06-26 20:21:00,2026-06-26 20:23:43,2026-06-26 20:23:43,12.716666666666667,Mumbai,Powai,scooter,20,0,1,0.6829189671560187,1
O01062,S002,P060,Bakery,2026-06-09 17:53:00,2026-06-09 18:03:00,2026-06-09 17:58:40,2026-06-09 17:58:40,5.666666666666667,Mumbai,Bandra,scooter,17,1,0,0.5142118130418185,1
O01209,S002,P039,Household,2026-06-10 15:44:00,2026-06-10 15:54:00,2026-06-10 15:56:30,2026-06-10 15:56:30,12.5,Mumbai,Bandra,bike,15,0,1,0.4180468143060265,0
O00370,S007,P031,Snacks,2026-06-05 17:33:00,2026-06-05 17:43:00,2026-06-05 17:42:52,2026-06-05 17:42:52,9.866666666666667,Mumbai,Borivali,bike,17,1,0,0.9062102990194183,1
O01697,S004,P047,Bakery,2026-06-25 17:37:00,2026-06-25 17:47:00,2026-06-25 17:45:12,2026-06-25 17:45:12,8.2,Mumbai,Dadar,bicycle,17,1,0,0.5229644967877806,1
O00715,S015,P006,Snacks,2026-06-06 19:57:00,2026-06-06 20:07:00,2026-06-06 20:05:27,2026-06-06 20:05:27,8.45,Bengaluru,Jayanagar,bike,19,1,0,0.45553451894298025,0
O00221,S003,P029,Bakery,2026-06-22 15:08:00,2026-06-22 15:18:00,2026-06-22 15:19:32,2026-06-22 15:19:32,11.533333333333333,Mumbai,Powai,bike,15,0,1,0.6221422003486808,1
O00639,S013,P015,Beverages,2026-06-03 13:15:00,2026-06-03 13:25:00,2026-06-03 13:19:26,2026-06-03 13:19:26,4.433333333333334,Bengaluru,Whitefield,bike,13,1,0,0.354347336119091,0
O00247,S001,P029,Household,2026-06-14 08:44:00,2026-06-14 08:54:00,2026-06-14 08:51:44,2026-06-14 08:51:44,7.733333333333333,Mumbai,Andheri,bike,8,1,0,0.29504719150337455,0
O01626,S017,P013,Dairy,2026-06-05 18:50:00,2026-06-05 19:00:00,2026-06-05 19:01:22,2026-06-05 19:01:22,11.366666666666667,Bengaluru,JP Nagar,bike,18,0,1,0.6601330212843707,1
O01101,S001,P013,Personal Care,2026-06-10 08:56:00,2026-06-10 09:06:00,2026-06-10 09:02:58,2026-06-10 09:02:58,6.966666666666667,Mumbai,Andheri,bike,8,1,0,0.21655587515122113,0
O00080,S004,P048,Dairy,2026-06-07 09:30:00,2026-06-07 09:40:00,2026-06-07 09:38:16,2026-06-07 09:38:16,8.266666666666667,Mumbai,Dadar,bike,9,1,0,0.3446491609465155,0
O01275,S006,P017,Bakery,2026-06-12 11:07:00,2026-06-12 11:17:00,2026-06-12 11:15:47,2026-06-12 11:15:47,8.783333333333333,Mumbai,Chembur,bike,11,1,0,0.45720813182801584,0
O00063,S014,P017,Snacks,2026-06-16 02:34:00,2026-06-16 02:44:00,2026-06-16 02:50:08,2026-06-16 02:50:08,16.133333333333333,Bengaluru,HSR Layout,bike,2,0,1,0.6669795043599638,1
O00912,S001,P012,Fruits & Vegetables,2026-06-20 18:09:00,2026-06-20 18:19:00,2026-06-20 18:17:24,2026-06-20 18:17:24,8.4,Mumbai,Andheri,bike,18,1,0,0.685716008665213,1
O00305,S001,P033,Fruits & Vegetables,2026-06-26 21:11:00,2026-06-26 21:21:00,2026-06-26 21:24:27,2026-06-26 21:24:27,13.45,Mumbai,Andheri,scooter,21,0,1,0.7364493677839046,1
O01040,S004,P039,Fruits & Vegetables,2026-06-04 07:36:00,2026-06-04 07:46:00,2026-06-04 07:44:25,2026-06-04 07:44:25,8.416666666666666,Mumbai,Dadar,bike,7,1,0,0.4677585523070089,0
O01723,S003,P037,Bakery,2026-06-20 17:12:00,2026-06-20 17:22:00,2026-06-20 17:21:04,2026-06-20 17:21:04,9.066666666666666,Mumbai,Powai,scooter,17,1,0,0.660069296162145,1
O01582,S007,P060,Household,2026-06-30 19:54:00,2026-06-30 20:04:00,2026-06-30 20:16:36,2026-06-30 20:16:36,22.6,Mumbai,Borivali,scooter,19,0,1,0.9132733799666337,1
O00903,S005,P032,Household,2026-06-23 10:46:00,2026-06-23 10:56:00,2026-06-23 10:54:48,2026-06-23 10:54:48,8.8,Mumbai,Malad,scooter,10,1,0,0.31137324318067044,0
O00363,S016,P021,Grocery,2026-06-28 19:46:00,2026-06-28 19:56:00,2026-06-28 19:59:39,2026-06-28 19:59:39,13.65,Bengaluru,Marathahalli,bicycle,19,0,1,0.5411244659172234,1
O01738,S013,P057,Bakery,2026-06-01 22:17:00,2026-06-01 22:27:00,2026-06-01 22:24:02,2026-06-01 22:24:02,7.033333333333333,Bengaluru,Whitefield,bicycle,22,1,0,0.5760893018589283,1
O00767,S005,P057,Grocery,2026-06-25 08:09:00,2026-06-25 08:19:00,2026-06-25 08:14:30,2026-06-25 08:14:30,5.5,Mumbai,Malad,bicycle,8,1,0,0.31498309905734406,0
O01229,S012,P035,Dairy,2026-06-14 22:42:00,2026-06-14 22:52:00,2026-06-14 22:51:09,2026-06-14 22:51:09,9.15,Bengaluru,Indiranagar,bike,22,1,0,0.20848225040496324,0
O00317,S020,P019,Personal Care,2026-06-23 06:17:00,2026-06-23 06:27:00,2026-06-23 06:27:31,2026-06-23 06:27:31,10.516666666666667,Bengaluru,Malleshwaram,bike,6,0,1,0.18172419359465775,0
O01400,S009,P021,Household,2026-06-13 06:49:00,2026-06-13 06:59:00,2026-06-13 06:59:47,2026-06-13 06:59:47,10.783333333333333,Mumbai,Kurla,bicycle,6,0,1,0.3231624113544112,0
O00199,S012,P017,Grocery,2026-06-12 19:22:00,2026-06-12 19:32:00,2026-06-12 19:29:37,2026-06-12 19:29:37,7.616666666666666,Bengaluru,Indiranagar,bike,19,1,0,0.17541269050604638,0
O00708,S009,P027,Personal Care,2026-06-24 18:12:00,2026-06-24 18:22:00,2026-06-24 18:21:14,2026-06-24 18:21:14,9.233333333333333,Mumbai,Kurla,bike,18,1,0,0.4589878002970068,0
O00448,S004,P049,Bakery,2026-06-06 21:10:00,2026-06-06 21:20:00,2026-06-06 21:23:15,2026-06-06 21:23:15,13.25,Mumbai,Dadar,bike,21,0,1,0.6039204085290311,1
O00373,S013,P050,Dairy,2026-06-21 23:09:00,2026-06-21 23:19:00,2026-06-21 23:19:21,2026-06-21 23:19:21,10.35,Bengaluru,Whitefield,bike,23,0,1,0.5779732186114126,1
O01021,S014,P051,Personal Care,2026-06-05 19:26:00,2026-06-05 19:36:00,2026-06-05 19:41:12,2026-06-05 19:41:12,15.2,Bengaluru,HSR Layout,bike,19,0,1,0.8324232946750313,1
O01272,S014,P031,Grocery,2026-06-17 13:03:00,2026-06-17 13:13:00,2026-06-17 13:09:09,2026-06-17 13:09:09,6.15,Bengaluru,HSR Layout,bike,13,1,0,0.8461389232316531,1
O01304,S008,P028,Fruits & Vegetables,2026-06-05 12:18:00,2026-06-05 12:28:00,2026-06-05 12:27:31,2026-06-05 12:27:31,9.516666666666667,Mumbai,Worli,bike,12,1,0,0.5878716205193926,1
O00387,S006,P032,Household,2026-06-17 15:52:00,2026-06-17 16:02:00,2026-06-17 16:00:17,2026-06-17 16:00:17,8.283333333333333,Mumbai,Chembur,scooter,15,1,0,0.48390817970278166,0
O00354,S002,P049,Bakery,2026-06-18 09:27:00,2026-06-18 09:37:00,2026-06-18 09:33:01,2026-06-18 09:33:01,6.016666666666667,Mumbai,Bandra,bike,9,1,0,0.35366985161653364,0
O00143,S020,P003,Beverages,2026-06-15 17:01:00,2026-06-15 17:11:00,2026-06-15 17:11:51,2026-06-15 17:11:51,10.85,Bengaluru,Malleshwaram,bike,17,0,1,0.46895300995603095,0
O00768,S015,P013,Personal Care,2026-06-22 20:19:00,2026-06-22 20:29:00,2026-06-22 20:28:17,2026-06-22 20:28:17,9.283333333333333,Bengaluru,Jayanagar,bike,20,1,0,0.3567250908587613,0
O01154,S020,P024,Grocery,2026-06-03 20:26:00,2026-06-03 20:36:00,2026-06-03 20:37:36,2026-06-03 20:37:36,11.6,Bengaluru,Malleshwaram,bike,20,0,1,0.5613264472217079,1
O01639,S016,P042,Fruits & Vegetables,2026-06-14 19:19:00,2026-06-14 19:29:00,2026-06-14 19:25:55,2026-06-14 19:25:55,6.916666666666667,Bengaluru,Marathahalli,bike,19,1,0,0.6920106490095251,1
O00628,S003,P014,Dairy,2026-06-13 07:04:00,2026-06-13 07:14:00,2026-06-13 07:10:06,2026-06-13 07:10:06,6.1,Mumbai,Powai,scooter,7,1,0,0.4412931167240864,0
O00788,S005,P054,Bakery,2026-06-25 23:49:00,2026-06-25 23:59:00,2026-06-25 23:56:47,2026-06-25 23:56:47,7.783333333333333,Mumbai,Malad,bike,23,1,0,0.6227388655327116,1
O00670,S020,P029,Household,2026-06-29 11:20:00,2026-06-29 11:30:00,2026-06-29 11:29:47,2026-06-29 11:29:47,9.783333333333333,Bengaluru,Malleshwaram,bike,11,1,0,0.336825532712027,0
O00010,S003,P033,Personal Care,2026-06-09 18:13:00,2026-06-09 18:23:00,2026-06-09 18:26:20,2026-06-09 18:26:20,13.333333333333334,Mumbai,Powai,scooter,18,0,1,0.5271025883762379,1
O00026,S020,P052,Grocery,2026-06-22 20:19:00,2026-06-22 20:29:00,2026-06-22 20:30:54,2026-06-22 20:30:54,11.9,Bengaluru,Malleshwaram,bike,20,0,1,0.5613264472217079,1
O01084,S008,P005,Bakery,2026-06-25 07:28:00,2026-06-25 07:38:00,2026-06-25 07:33:24,2026-06-25 07:33:24,5.4,Mumbai,Worli,bike,7,1,0,0.34053728302658015,0
O00004,S001,P039,Household,2026-06-16 02:59:00,2026-06-16 03:09:00,2026-06-16 03:05:13,2026-06-16 03:05:13,6.216666666666667,Mumbai,Andheri,bike,2,1,0,0.20329077831573808,0
O00346,S003,P044,Dairy,2026-06-11 07:19:00,2026-06-11 07:29:00,2026-06-11 07:26:24,2026-06-11 07:26:24,7.4,Mumbai,Powai,scooter,7,1,0,0.4412931167240864,0
O00196,S008,P046,Dairy,2026-06-10 13:39:00,2026-06-10 13:49:00,2026-06-10 13:47:25,2026-06-10 13:47:25,8.416666666666666,Mumbai,Worli,bike,13,1,0,0.4400889128724751,0
O00765,S004,P053,Bakery,2026-06-06 11:25:00,2026-06-06 11:35:00,2026-06-06 11:33:07,2026-06-06 11:33:07,8.116666666666667,Mumbai,Dadar,scooter,11,1,0,0.40060757034433103,0
O01399,S017,P003,Household,2026-06-21 01:30:00,2026-06-21 01:40:00,2026-06-21 01:42:53,2026-06-21 01:42:53,12.883333333333333,Bengaluru,JP Nagar,bike,1,0,1,0.29190352458808605,0
O00122,S013,P018,Grocery,2026-06-19 20:49:00,2026-06-19 20:59:00,2026-06-19 20:59:58,2026-06-19 20:59:58,10.966666666666667,Bengaluru,Whitefield,scooter,20,0,1,0.5251825628315928,1
O01141,S011,P027,Bakery,2026-06-06 09:32:00,2026-06-06 09:42:00,2026-06-06 09:41:32,2026-06-06 09:41:32,9.533333333333333,Bengaluru,Koramangala,bike,9,1,0,0.5208241708781824,1
O00125,S004,P058,Grocery,2026-06-10 19:02:00,2026-06-10 19:12:00,2026-06-10 19:10:51,2026-06-10 19:10:51,8.85,Mumbai,Dadar,bike,19,1,0,0.5537670332328563,1
O01242,S013,P031,Dairy,2026-06-09 01:32:00,2026-06-09 01:42:00,2026-06-09 01:36:50,2026-06-09 01:36:50,4.833333333333333,Bengaluru,Whitefield,bike,1,1,0,0.18242307631226956,0
O00042,S004,P047,Beverages,2026-06-17 11:26:00,2026-06-17 11:36:00,2026-06-17 11:31:55,2026-06-17 11:31:55,5.916666666666667,Mumbai,Dadar,bicycle,11,1,0,0.36184324462418105,0
O01073,S007,P001,Personal Care,2026-06-27 17:07:00,2026-06-27 17:17:00,2026-06-27 17:20:46,2026-06-27 17:20:46,13.766666666666667,Mumbai,Borivali,scooter,17,0,1,0.8550122458119231,1
O01740,S016,P049,Grocery,2026-06-02 17:13:00,2026-06-02 17:23:00,2026-06-02 17:22:19,2026-06-02 17:22:19,9.316666666666666,Bengaluru,Marathahalli,bike,17,1,0,0.4999795062640596,0
O01540,S019,P028,Bakery,2026-06-17 07:29:00,2026-06-17 07:39:00,2026-06-17 07:38:04,2026-06-17 07:38:04,9.066666666666666,Bengaluru,Yelahanka,bike,7,1,0,0.2879133557788284,0
O01791,S018,P035,Dairy,2026-06-13 17:04:00,2026-06-13 17:14:00,2026-06-13 17:12:55,2026-06-13 17:12:55,8.916666666666666,Bengaluru,Electronic City,bike,17,1,0,0.38377927881466667,0
O00696,S001,P023,Household,2026-06-12 17:15:00,2026-06-12 17:25:00,2026-06-12 17:24:15,2026-06-12 17:24:15,9.25,Mumbai,Andheri,bike,17,1,0,0.46786678566623485,0
O00168,S008,P007,Dairy,2026-06-09 08:38:00,2026-06-09 08:48:00,2026-06-09 08:42:58,2026-06-09 08:42:58,4.966666666666667,Mumbai,Worli,bike,8,1,0,0.342272853765449,0
O01297,S013,P044,Personal Care,2026-06-03 07:27:00,2026-06-03 07:37:00,2026-06-03 07:35:08,2026-06-03 07:35:08,8.133333333333333,Bengaluru,Whitefield,scooter,7,1,0,0.17250672576378653,0
O01326,S006,P004,Household,2026-06-21 13:17:00,2026-06-21 13:27:00,2026-06-21 13:28:09,2026-06-21 13:28:09,11.15,Mumbai,Chembur,bike,13,0,1,0.44291454275410735,0
O00720,S005,P011,Dairy,2026-06-06 19:03:00,2026-06-06 19:13:00,2026-06-06 19:11:48,2026-06-06 19:11:48,8.8,Mumbai,Malad,bike,19,1,0,0.5241132370461459,1
O00411,S015,P052,Dairy,2026-06-03 21:53:00,2026-06-03 22:03:00,2026-06-03 22:02:10,2026-06-03 22:02:10,9.166666666666666,Bengaluru,Jayanagar,bike,21,1,0,0.5139150580825497,1
O00823,S006,P060,Snacks,2026-06-23 17:56:00,2026-06-23 18:06:00,2026-06-23 18:03:52,2026-06-23 18:03:52,7.866666666666666,Mumbai,Chembur,scooter,17,1,0,0.5447442349721725,1
O00534,S013,P003,Fruits & Vegetables,2026-06-09 16:08:00,2026-06-09 16:18:00,2026-06-09 16:17:53,2026-06-09 16:17:53,9.883333333333333,Bengaluru,Whitefield,bike,16,1,0,0.6024243342281953,1
O00186,S019,P029,Bakery,2026-06-25 10:24:00,2026-06-25 10:34:00,2026-06-25 10:33:35,2026-06-25 10:33:35,9.583333333333334,Bengaluru,Yelahanka,bike,10,1,0,0.34116394720031684,0
O01024,S005,P058,Grocery,2026-06-21 22:51:00,2026-06-21 23:01:00,2026-06-21 23:06:00,2026-06-21 23:06:00,15.0,Mumbai,Malad,bike,22,0,1,0.5933282622090129,1
O00882,S006,P032,Personal Care,2026-06-01 07:17:00,2026-06-01 07:27:00,2026-06-01 07:24:44,2026-06-01 07:24:44,7.733333333333333,Mumbai,Chembur,scooter,7,1,0,0.24249404055398635,0
O01449,S017,P024,Dairy,2026-06-20 16:36:00,2026-06-20 16:46:00,2026-06-20 16:46:23,2026-06-20 16:46:23,10.383333333333333,Bengaluru,JP Nagar,bike,16,0,1,0.6222089660602987,1
O00364,S012,P055,Snacks,2026-06-26 15:13:00,2026-06-26 15:23:00,2026-06-26 15:23:25,2026-06-26 15:23:25,10.416666666666666,Bengaluru,Indiranagar,bike,15,0,1,0.12126695707374496,0
O00728,S013,P053,Snacks,2026-06-25 13:35:00,2026-06-25 13:45:00,2026-06-25 13:43:46,2026-06-25 13:43:46,8.766666666666667,Bengaluru,Whitefield,scooter,13,1,0,0.35908031942843877,0
O00638,S014,P026,Personal Care,2026-06-06 18:41:00,2026-06-06 18:51:00,2026-06-06 18:50:04,2026-06-06 18:50:04,9.066666666666666,Bengaluru,HSR Layout,scooter,18,1,0,0.820600870928123,1
O00197,S019,P027,Dairy,2026-06-22 18:33:00,2026-06-22 18:43:00,2026-06-22 18:42:35,2026-06-22 18:42:35,9.583333333333334,Bengaluru,Yelahanka,bike,18,1,0,0.4817431996817458,0
O00375,S014,P040,Bakery,2026-06-28 09:57:00,2026-06-28 10:07:00,2026-06-28 10:11:10,2026-06-28 10:11:10,14.166666666666666,Bengaluru,HSR Layout,bike,9,0,1,0.8046635707341672,1
O00284,S002,P009,Beverages,2026-06-08 20:46:00,2026-06-08 20:56:00,2026-06-08 21:01:28,2026-06-08 21:01:28,15.466666666666667,Mumbai,Bandra,bike,20,0,1,0.5349062117249372,1
O00972,S005,P036,Bakery,2026-06-02 08:03:00,2026-06-02 08:13:00,2026-06-02 08:12:54,2026-06-02 08:12:54,9.9,Mumbai,Malad,bike,8,1,0,0.3238898543973408,0
O01427,S004,P003,Grocery,2026-06-19 18:18:00,2026-06-19 18:28:00,2026-06-19 18:26:30,2026-06-19 18:26:30,8.5,Mumbai,Dadar,bike,18,1,0,0.533307294833134,1
O00781,S001,P031,Bakery,2026-06-17 21:36:00,2026-06-17 21:46:00,2026-06-17 21:51:39,2026-06-17 21:51:39,15.65,Mumbai,Andheri,bike,21,0,1,0.6044163925776905,1
O00835,S020,P030,Dairy,2026-06-13 12:29:00,2026-06-13 12:39:00,2026-06-13 12:37:11,2026-06-13 12:37:11,8.183333333333334,Bengaluru,Malleshwaram,bike,12,1,0,0.39006303491580113,0
O01649,S004,P025,Snacks,2026-06-11 21:47:00,2026-06-11 21:57:00,2026-06-11 21:58:31,2026-06-11 21:58:31,11.516666666666667,Mumbai,Dadar,scooter,21,0,1,0.5690594118877095,1
O00794,S004,P017,Fruits & Vegetables,2026-06-15 19:47:00,2026-06-15 19:57:00,2026-06-15 20:01:10,2026-06-15 20:01:10,14.166666666666666,Mumbai,Dadar,bike,19,0,1,0.7027794670516945,1
O01404,S001,P060,Grocery,2026-06-09 20:02:00,2026-06-09 20:12:00,2026-06-09 20:10:01,2026-06-09 20:10:01,8.016666666666667,Mumbai,Andheri,scooter,20,1,0,0.5745532568006267,1
O01436,S011,P054,Snacks,2026-06-14 19:36:00,2026-06-14 19:46:00,2026-06-14 19:45:38,2026-06-14 19:45:38,9.633333333333333,Bengaluru,Koramangala,bike,19,1,0,0.682285217729649,1
O01176,S013,P060,Fruits & Vegetables,2026-06-24 09:30:00,2026-06-24 09:40:00,2026-06-24 09:36:12,2026-06-24 09:36:12,6.2,Bengaluru,Whitefield,scooter,9,1,0,0.45964889236767,0
O00827,S004,P040,Household,2026-06-28 19:34:00,2026-06-28 19:44:00,2026-06-28 19:46:09,2026-06-28 19:46:09,12.15,Mumbai,Dadar,bike,19,0,1,0.5085411894903556,1
O00193,S005,P049,Bakery,2026-06-15 17:57:00,2026-06-15 18:07:00,2026-06-15 18:05:26,2026-06-15 18:05:26,8.433333333333334,Mumbai,Malad,bike,17,1,0,0.5015831943116106,1
O00183,S020,P025,Dairy,2026-06-06 08:44:00,2026-06-06 08:54:00,2026-06-06 08:53:12,2026-06-06 08:53:12,9.2,Bengaluru,Malleshwaram,scooter,8,1,0,0.31497720631420956,0
O00680,S011,P033,Personal Care,2026-06-05 05:46:00,2026-06-05 05:56:00,2026-06-05 05:55:54,2026-06-05 05:55:54,9.9,Bengaluru,Koramangala,scooter,5,1,0,0.292324297930449,0
O00245,S008,P047,Grocery,2026-06-19 14:33:00,2026-06-19 14:43:00,2026-06-19 14:39:43,2026-06-19 14:39:43,6.716666666666667,Mumbai,Worli,bicycle,14,1,0,0.4689052187218586,0
O01493,S010,P056,Personal Care,2026-06-17 21:20:00,2026-06-17 21:30:00,2026-06-17 21:30:31,2026-06-17 21:30:31,10.516666666666667,Mumbai,Goregaon,bike,21,0,1,0.43055231444691733,0
O01014,S018,P018,Dairy,2026-06-28 18:32:00,2026-06-28 18:42:00,2026-06-28 18:37:18,2026-06-28 18:37:18,5.3,Bengaluru,Electronic City,scooter,18,1,0,0.40346179800958565,0
O01330,S010,P026,Personal Care,2026-06-11 19:46:00,2026-06-11 19:56:00,2026-06-11 19:58:42,2026-06-11 19:58:42,12.7,Mumbai,Goregaon,scooter,19,0,1,0.39065724298109783,0
O00061,S013,P038,Grocery,2026-06-03 17:08:00,2026-06-03 17:18:00,2026-06-03 17:16:51,2026-06-03 17:16:51,8.85,Bengaluru,Whitefield,bike,17,1,0,0.46341229565964875,0
O00372,S013,P006,Snacks,2026-06-04 11:56:00,2026-06-04 12:06:00,2026-06-04 12:04:30,2026-06-04 12:04:30,8.5,Bengaluru,Whitefield,bike,11,1,0,0.322062311228803,0
O01712,S013,P045,Bakery,2026-06-08 10:38:00,2026-06-08 10:48:00,2026-06-08 10:43:17,2026-06-08 10:43:17,5.283333333333333,Bengaluru,Whitefield,bike,10,1,0,0.3355978920810547,0
O00368,S010,P011,Beverages,2026-06-03 18:16:00,2026-06-03 18:26:00,2026-06-03 18:25:56,2026-06-03 18:25:56,9.933333333333334,Mumbai,Goregaon,bike,18,1,0,0.4865275859661847,0
O01555,S014,P004,Household,2026-06-09 18:26:00,2026-06-09 18:36:00,2026-06-09 18:35:48,2026-06-09 18:35:48,9.8,Bengaluru,HSR Layout,bike,18,1,0,0.8738326129888945,1
O01232,S005,P020,Personal Care,2026-06-05 17:13:00,2026-06-05 17:23:00,2026-06-05 17:17:21,2026-06-05 17:17:21,4.35,Mumbai,Malad,bike,17,1,0,0.3472317669769734,0
O00510,S011,P008,Bakery,2026-06-24 18:06:00,2026-06-24 18:16:00,2026-06-24 18:14:42,2026-06-24 18:14:42,8.7,Bengaluru,Koramangala,bike,18,1,0,0.6954301647745229,1
O00399,S001,P022,Grocery,2026-06-25 18:54:00,2026-06-25 19:04:00,2026-06-25 19:00:56,2026-06-25 19:00:56,6.933333333333334,Mumbai,Andheri,bike,18,1,0,0.5338234468958187,1
O01501,S011,P047,Fruits & Vegetables,2026-06-28 13:46:00,2026-06-28 13:56:00,2026-06-28 13:59:48,2026-06-28 13:59:48,13.8,Bengaluru,Koramangala,bicycle,13,0,1,0.7343767571001626,1
O00331,S005,P046,Fruits & Vegetables,2026-06-26 12:28:00,2026-06-26 12:38:00,2026-06-26 12:38:28,2026-06-26 12:38:28,10.466666666666667,Mumbai,Malad,bike,12,0,1,0.5492512435845648,1
O01496,S008,P045,Bakery,2026-06-21 19:07:00,2026-06-21 19:17:00,2026-06-21 19:22:23,2026-06-21 19:22:23,15.383333333333333,Mumbai,Worli,bike,19,0,1,0.5814705101642654,1
O00848,S007,P051,Snacks,2026-06-20 20:47:00,2026-06-20 20:57:00,2026-06-20 21:05:02,2026-06-20 21:05:02,18.033333333333335,Mumbai,Borivali,bike,20,0,1,0.9252313252366702,1
O01085,S003,P004,Grocery,2026-06-13 11:54:00,2026-06-13 12:04:00,2026-06-13 12:01:48,2026-06-13 12:01:48,7.8,Mumbai,Powai,bike,11,1,0,0.531900147394814,1
O00146,S004,P055,Personal Care,2026-06-14 13:14:00,2026-06-14 13:24:00,2026-06-14 13:23:32,2026-06-14 13:23:32,9.533333333333333,Mumbai,Dadar,bike,13,1,0,0.29410194269133993,0
O01587,S020,P050,Fruits & Vegetables,2026-06-30 10:34:00,2026-06-30 10:44:00,2026-06-30 10:43:16,2026-06-30 10:43:16,9.266666666666667,Bengaluru,Malleshwaram,bike,10,1,0,0.5166067647329762,1
O00246,S005,P053,Personal Care,2026-06-02 16:44:00,2026-06-02 16:54:00,2026-06-02 16:49:04,2026-06-02 16:49:04,5.066666666666666,Mumbai,Malad,scooter,16,1,0,0.32878050923554714,0
O01204,S007,P048,Snacks,2026-06-19 12:54:00,2026-06-19 13:04:00,2026-06-19 13:06:33,2026-06-19 13:06:33,12.55,Mumbai,Borivali,bike,12,0,1,0.8648108174147697,1
O00734,S007,P052,Fruits & Vegetables,2026-06-14 05:22:00,2026-06-14 05:32:00,2026-06-14 05:36:06,2026-06-14 05:36:06,14.1,Mumbai,Borivali,bike,5,0,1,0.8835009282390015,1
O01546,S007,P017,Bakery,2026-06-05 14:11:00,2026-06-05 14:21:00,2026-06-05 14:24:28,2026-06-05 14:24:28,13.466666666666667,Mumbai,Borivali,bike,14,0,1,0.8970252814805268,1
O01459,S008,P011,Personal Care,2026-06-16 14:18:00,2026-06-16 14:28:00,2026-06-16 14:24:07,2026-06-16 14:24:07,6.116666666666666,Mumbai,Worli,bike,14,1,0,0.32714413600976444,0
O01249,S018,P045,Snacks,2026-06-13 01:12:00,2026-06-13 01:22:00,2026-06-13 01:23:27,2026-06-13 01:23:27,11.45,Bengaluru,Electronic City,bike,1,0,1,0.1344455158106561,0
O00014,S006,P018,Bakery,2026-06-08 20:04:00,2026-06-08 20:14:00,2026-06-08 20:19:33,2026-06-08 20:19:33,15.55,Mumbai,Chembur,scooter,20,0,1,0.6389242349406483,1
O01767,S006,P049,Personal Care,2026-06-13 19:41:00,2026-06-13 19:51:00,2026-06-13 19:52:25,2026-06-13 19:52:25,11.416666666666666,Mumbai,Chembur,bike,19,0,1,0.4627340994189917,0
O00645,S002,P018,Fruits & Vegetables,2026-06-03 16:11:00,2026-06-03 16:21:00,2026-06-03 16:21:45,2026-06-03 16:21:45,10.75,Mumbai,Bandra,scooter,16,0,1,0.6406255451002328,1
O01202,S008,P060,Snacks,2026-06-21 11:58:00,2026-06-21 12:08:00,2026-06-21 12:06:48,2026-06-21 12:06:48,8.8,Mumbai,Worli,scooter,11,1,0,0.38347868097167154,0
O01396,S002,P052,Bakery,2026-06-16 05:17:00,2026-06-16 05:27:00,2026-06-16 05:22:43,2026-06-16 05:22:43,5.716666666666667,Mumbai,Bandra,bike,5,1,0,0.28234663424386974,0
O01106,S013,P045,Household,2026-06-11 17:40:00,2026-06-11 17:50:00,2026-06-11 17:51:35,2026-06-11 17:51:35,11.583333333333334,Bengaluru,Whitefield,bike,17,0,1,0.4186427038280535,0
O01570,S016,P047,Fruits & Vegetables,2026-06-12 19:45:00,2026-06-12 19:55:00,2026-06-12 19:54:32,2026-06-12 19:54:32,9.533333333333333,Bengaluru,Marathahalli,bicycle,19,1,0,0.6920106490095251,1
O00296,S016,P049,Household,2026-06-30 08:20:00,2026-06-30 08:30:00,2026-06-30 08:27:41,2026-06-30 08:27:41,7.683333333333334,Bengaluru,Marathahalli,bike,8,1,0,0.2841227994971006,0
O00834,S016,P038,Bakery,2026-06-02 21:09:00,2026-06-02 21:19:00,2026-06-02 21:16:46,2026-06-02 21:16:46,7.766666666666667,Bengaluru,Marathahalli,bike,21,1,0,0.5916509752649481,1
O01041,S004,P024,Beverages,2026-06-12 11:31:00,2026-06-12 11:41:00,2026-06-12 11:39:21,2026-06-12 11:39:21,8.35,Mumbai,Dadar,bike,11,1,0,0.36184324462418105,0
O01636,S016,P003,Beverages,2026-06-14 08:25:00,2026-06-14 08:35:00,2026-06-14 08:35:13,2026-06-14 08:35:13,10.216666666666667,Bengaluru,Marathahalli,bike,8,0,1,0.2961219203876642,0
O01168,S016,P006,Household,2026-06-13 12:30:00,2026-06-13 12:40:00,2026-06-13 12:38:55,2026-06-13 12:38:55,8.916666666666666,Bengaluru,Marathahalli,bike,12,1,0,0.3556723263657167,0
O00677,S019,P053,Snacks,2026-06-20 17:02:00,2026-06-20 17:12:00,2026-06-20 17:10:32,2026-06-20 17:10:32,8.533333333333333,Bengaluru,Yelahanka,scooter,17,1,0,0.4440870304065329,0
O00624,S003,P025,Beverages,2026-06-15 17:09:00,2026-06-15 17:19:00,2026-06-15 17:15:58,2026-06-15 17:15:58,6.966666666666667,Mumbai,Powai,scooter,17,1,0,0.6222629383388565,1
O01428,S005,P050,Snacks,2026-06-04 11:47:00,2026-06-04 11:57:00,2026-06-04 11:51:59,2026-06-04 11:51:59,4.983333333333333,Mumbai,Malad,bike,11,1,0,0.34698088894843787,0
O01103,S001,P054,Dairy,2026-06-13 18:56:00,2026-06-13 19:06:00,2026-06-13 19:06:40,2026-06-13 19:06:40,10.666666666666666,Mumbai,Andheri,bike,18,0,1,0.5254069739550219,1
O00635,S010,P024,Fruits & Vegetables,2026-06-09 08:00:00,2026-06-09 08:10:00,2026-06-09 08:12:28,2026-06-09 08:12:28,12.466666666666667,Mumbai,Goregaon,bike,8,0,1,0.47239517513502033,0
O00926,S011,P011,Beverages,2026-06-12 22:12:00,2026-06-12 22:22:00,2026-06-12 22:23:07,2026-06-12 22:23:07,11.116666666666667,Bengaluru,Koramangala,bike,22,0,1,0.7293043707607123,1
O01356,S019,P007,Grocery,2026-06-07 19:12:00,2026-06-07 19:22:00,2026-06-07 19:20:30,2026-06-07 19:20:30,8.5,Bengaluru,Yelahanka,bike,19,1,0,0.510798742987774,1
O00441,S020,P031,Personal Care,2026-06-04 03:10:00,2026-06-04 03:20:00,2026-06-04 03:15:10,2026-06-04 03:15:10,5.166666666666667,Bengaluru,Malleshwaram,bike,3,1,0,0.14777776613771074,0
O00812,S019,P016,Bakery,2026-06-13 06:34:00,2026-06-13 06:44:00,2026-06-13 06:43:21,2026-06-13 06:43:21,9.35,Bengaluru,Yelahanka,bike,6,1,0,0.2713041027239339,0
O01566,S018,P039,Dairy,2026-06-04 19:50:00,2026-06-04 20:00:00,2026-06-04 19:58:15,2026-06-04 19:58:15,8.25,Bengaluru,Electronic City,bike,19,1,0,0.4234600806902671,0
O01443,S013,P028,Fruits & Vegetables,2026-06-29 07:16:00,2026-06-29 07:26:00,2026-06-29 07:27:08,2026-06-29 07:27:08,11.133333333333333,Bengaluru,Whitefield,bike,7,0,1,0.4190417118820654,0
O00883,S003,P039,Household,2026-06-19 14:27:00,2026-06-19 14:37:00,2026-06-19 14:37:56,2026-06-19 14:37:56,10.933333333333334,Mumbai,Powai,bike,14,0,1,0.5482166342421005,1
O01006,S009,P058,Fruits & Vegetables,2026-06-29 14:31:00,2026-06-29 14:41:00,2026-06-29 14:41:30,2026-06-29 14:41:30,10.5,Mumbai,Kurla,bike,14,0,1,0.6785101540289608,1
O01225,S018,P012,Fruits & Vegetables,2026-06-27 18:25:00,2026-06-27 18:35:00,2026-06-27 18:33:02,2026-06-27 18:33:02,8.033333333333333,Bengaluru,Electronic City,bike,18,1,0,0.5713569378208443,1
O01462,S005,P030,Bakery,2026-06-09 01:10:00,2026-06-09 01:20:00,2026-06-09 01:13:44,2026-06-09 01:13:44,3.7333333333333334,Mumbai,Malad,bike,1,1,0,0.21193757948496758,0
O00057,S019,P045,Grocery,2026-06-28 20:36:00,2026-06-28 20:46:00,2026-06-28 20:44:41,2026-06-28 20:44:41,8.683333333333334,Bengaluru,Yelahanka,bike,20,1,0,0.53137816805761,1
O01491,S010,P009,Fruits & Vegetables,2026-06-16 18:42:00,2026-06-16 18:52:00,2026-06-16 18:51:40,2026-06-16 18:51:40,9.666666666666666,Mumbai,Goregaon,bike,18,1,0,0.6713351043114789,1
O00517,S015,P053,Personal Care,2026-06-23 11:48:00,2026-06-23 11:58:00,2026-06-23 11:52:53,2026-06-23 11:52:53,4.883333333333334,Bengaluru,Jayanagar,scooter,11,1,0,0.20884657202651857,0
O01167,S006,P039,Personal Care,2026-06-10 10:28:00,2026-06-10 10:38:00,2026-06-10 10:37:49,2026-06-10 10:37:49,9.816666666666666,Mumbai,Chembur,bike,10,1,0,0.2907744256194195,0
O00566,S017,P009,Bakery,2026-06-06 08:36:00,2026-06-06 08:46:00,2026-06-06 08:51:03,2026-06-06 08:51:03,15.05,Bengaluru,JP Nagar,bike,8,0,1,0.4784840148401306,0
O00134,S019,P048,Dairy,2026-06-29 13:06:00,2026-06-29 13:16:00,2026-06-29 13:13:53,2026-06-29 13:13:53,7.883333333333334,Bengaluru,Yelahanka,bike,13,1,0,0.38096827920587645,0
O00726,S006,P011,Beverages,2026-06-20 18:44:00,2026-06-20 18:54:00,2026-06-20 18:56:48,2026-06-20 18:56:48,12.8,Mumbai,Chembur,bike,18,0,1,0.5600357443930964,1
O00131,S001,P040,Household,2026-06-30 17:41:00,2026-06-30 17:51:00,2026-06-30 17:51:30,2026-06-30 17:51:30,10.5,Mumbai,Andheri,bike,17,0,1,0.46786678566623485,0
O00303,S015,P024,Grocery,2026-06-20 17:59:00,2026-06-20 18:09:00,2026-06-20 18:06:06,2026-06-20 18:06:06,7.1,Bengaluru,Jayanagar,bike,17,1,0,0.4401767545719763,0
O01777,S019,P032,Personal Care,2026-06-19 13:17:00,2026-06-19 13:27:00,2026-06-19 13:28:37,2026-06-19 13:28:37,11.616666666666667,Bengaluru,Yelahanka,scooter,13,0,1,0.2595621342667215,0
O00977,S019,P012,Fruits & Vegetables,2026-06-30 06:49:00,2026-06-30 06:59:00,2026-06-30 06:57:57,2026-06-30 06:57:57,8.95,Bengaluru,Yelahanka,bike,6,1,0,0.40508482117985617,0
O00712,S017,P035,Fruits & Vegetables,2026-06-24 04:24:00,2026-06-24 04:34:00,2026-06-24 04:34:40,2026-06-24 04:34:40,10.666666666666666,Bengaluru,JP Nagar,bike,4,0,1,0.5467807994894307,1
O00118,S008,P032,Dairy,2026-06-08 14:16:00,2026-06-08 14:26:00,2026-06-08 14:25:20,2026-06-08 14:25:20,9.333333333333334,Mumbai,Worli,scooter,14,1,0,0.460501206442958,0
O01332,S002,P019,Dairy,2026-06-05 18:05:00,2026-06-05 18:15:00,2026-06-05 18:12:37,2026-06-05 18:12:37,7.616666666666666,Mumbai,Bandra,bike,18,1,0,0.5161397546526287,1
O01145,S006,P054,Grocery,2026-06-20 07:18:00,2026-06-20 07:28:00,2026-06-20 07:28:51,2026-06-20 07:28:51,10.85,Mumbai,Chembur,bike,7,0,1,0.36761461797100126,0
O00919,S013,P040,Household,2026-06-25 22:20:00,2026-06-25 22:30:00,2026-06-25 22:30:29,2026-06-25 22:30:29,10.483333333333333,Bengaluru,Whitefield,bike,22,0,1,0.5209958974701004,1
O01147,S002,P058,Personal Care,2026-06-15 18:53:00,2026-06-15 19:03:00,2026-06-15 18:59:03,2026-06-15 18:59:03,6.05,Mumbai,Bandra,bike,18,1,0,0.37795818431611966,0
O00046,S006,P043,Snacks,2026-06-10 15:40:00,2026-06-10 15:50:00,2026-06-10 15:50:43,2026-06-10 15:50:43,10.716666666666667,Mumbai,Chembur,bike,15,0,1,0.5036261166547259,1
O00351,S015,P032,Dairy,2026-06-03 16:50:00,2026-06-03 17:00:00,2026-06-03 16:58:55,2026-06-03 16:58:55,8.916666666666666,Bengaluru,Jayanagar,scooter,16,1,0,0.4117571567626138,0
O00133,S004,P016,Dairy,2026-06-13 13:42:00,2026-06-13 13:52:00,2026-06-13 13:52:11,2026-06-13 13:52:11,10.183333333333334,Mumbai,Dadar,bike,13,0,1,0.4224462788743448,0
O00894,S003,P028,Snacks,2026-06-03 02:30:00,2026-06-03 02:40:00,2026-06-03 02:40:03,2026-06-03 02:40:03,10.05,Mumbai,Powai,bike,2,0,1,0.3279764125625836,0
O01211,S005,P053,Personal Care,2026-06-28 19:51:00,2026-06-28 20:01:00,2026-06-28 20:07:12,2026-06-28 20:07:12,16.2,Mumbai,Malad,scooter,19,0,1,0.3854977158032376,0
O01019,S014,P050,Grocery,2026-06-08 20:30:00,2026-06-08 20:40:00,2026-06-08 20:40:11,2026-06-08 20:40:11,10.183333333333334,Bengaluru,HSR Layout,bike,20,0,1,0.9073724565508609,1
